patch_path,id_immagine,classe_calibrazione,sigma_px,ha_coordinate
/content/drive/MyDrive/progetto_immunogold/patches/images/SA-MAG_X10k_JEM-1400 Flash_22440_x0_y0.png,SA-MAG_X10k_JEM-1400 Flash_22440,classe_7,6.160714285714287,True
/content/drive/MyDrive/progetto_immunogold/patches/images/SA-MAG_X10k_JEM-1400 Flash_22440_x0_y1120.png,SA-MAG_X10k_JEM-1400 Flash_22440,classe_7,6.160714285714287,True
/content/drive/MyDrive/progetto_immunogold/patches/images/SA-MAG_X10k_JEM-1400 Flash_22440_x0_y1344.png,SA-MAG_X10k_JEM-1400 Flash_22440,classe_7,6.160714285714287,True
/content/drive/MyDrive/progetto_immunogold/patches/images/SA-MAG_X10k_JEM-1400 Flash_22440_x0_y1568.png,SA-MAG_X10k_JEM-1400 Flash_22440,classe_7,6.160714285714287,True
/content/drive/MyDrive/progetto_immunogold/patches/images/SA-MAG_X10k_JEM-1400 Flash_22440_x0_y1792.png,SA-MAG_X10k_JEM-1400 Flash_22440,classe_7,6.160714285714287,True
/content/drive/MyDrive/progetto_immunogold/patches/images/SA-MAG_X10k_JEM-1400 Flash_22440_x0_y224.png,SA-MAG_X10k_JEM-1400 Flash_22440,classe_7,6.160714285714287,True
/content/drive/MyDrive/progetto_immunogold/patches/images/SA-MAG_X10k_JEM-1400 Flash_22440_x0_y448.png,SA-MAG_X10k_JEM-1400 Flash_22440,classe_7,6.160714285714287,True
/content/drive/MyDrive/progetto_immunogold/patches/images/SA-MAG_X10k_JEM-1400 Flash_22440_x0_y672.png,SA-MAG_X10k_JEM-1400 Flash_22440,classe_7,6.160714285714287,True
/content/drive/MyDrive/progetto_immunogold/patches/images/SA-MAG_X10k_JEM-1400 Flash_22440_x0_y896.png,SA-MAG_X10k_JEM-1400 Flash_22440,classe_7,6.160714285714287,True
/content/drive/MyDrive/progetto_immunogold/patches/images/SA-MAG_X10k_JEM-1400 Flash_22440_x1120_y0.png,SA-MAG_X10k_JEM-1400 Flash_22440,classe_7,6.160714285714287,True
/content/drive/MyDrive/progetto_immunogold/patches/images/SA-MAG_X10k_JEM-1400 Flash_22440_x1120_y1120.png,SA-MAG_X10k_JEM-1400 Flash_22440,classe_7,6.160714285714287,True
/content/drive/MyDrive/progetto_immunogold/patches/images/SA-MAG_X10k_JEM-1400 Flash_22440_x1120_y1344.png,SA-MAG_X10k_JEM-1400 Flash_22440,classe_7,6.160714285714287,True
/content/drive/MyDrive/progetto_immunogold/patches/images/SA-MAG_X10k_JEM-1400 Flash_22440_x1120_y1568.png,SA-MAG_X10k_JEM-1400 Flash_22440,classe_7,6.160714285714287,True
/content/drive/MyDrive/progetto_immunogold/patches/images/SA-MAG_X10k_JEM-1400 Flash_22440_x1120_y1792.png,SA-MAG_X10k_JEM-1400 Flash_22440,classe_7,6.160714285714287,True
/content/drive/MyDrive/progetto_immunogold/patches/images/SA-MAG_X10k_JEM-1400 Flash_22440_x1120_y224.png,SA-MAG_X10k_JEM-1400 Flash_22440,classe_7,6.160714285714287,True
/content/drive/MyDrive/progetto_immunogold/patches/images/SA-MAG_X10k_JEM-1400 Flash_22440_x1120_y448.png,SA-MAG_X10k_JEM-1400 Flash_22440,classe_7,6.160714285714287,True
/content/drive/MyDrive/progetto_immunogold/patches/images/SA-MAG_X10k_JEM-1400 Flash_22440_x1120_y672.png,SA-MAG_X10k_JEM-1400 Flash_22440,classe_7,6.160714285714287,True
/content/drive/MyDrive/progetto_immunogold/patches/images/SA-MAG_X10k_JEM-1400 Flash_22440_x1120_y896.png,SA-MAG_X10k_JEM-1400 Flash_22440,classe_7,6.160714285714287,True
/content/drive/MyDrive/progetto_immunogold/patches/images/SA-MAG_X10k_JEM-1400 Flash_22440_x1344_y0.png,SA-MAG_X10k_JEM-1400 Flash_22440,classe_7,6.160714285714287,True
/content/drive/MyDrive/progetto_immunogold/patches/images/SA-MAG_X10k_JEM-1400 Flash_22440_x1344_y1120.png,SA-MAG_X10k_JEM-1400 Flash_22440,classe_7,6.160714285714287,True
/content/drive/MyDrive/progetto_immunogold/patches/images/SA-MAG_X10k_JEM-1400 Flash_22440_x1344_y1344.png,SA-MAG_X10k_JEM-1400 Flash_22440,classe_7,6.160714285714287,True
/content/drive/MyDrive/progetto_immunogold/patches/images/SA-MAG_X10k_JEM-1400 Flash_22440_x1344_y1568.png,SA-MAG_X10k_JEM-1400 Flash_22440,classe_7,6.160714285714287,True
/content/drive/MyDrive/progetto_immunogold/patches/images/SA-MAG_X10k_JEM-1400 Flash_22440_x1344_y1792.png,SA-MAG_X10k_JEM-1400 Flash_22440,classe_7,6.160714285714287,True
/content/drive/MyDrive/progetto_immunogold/patches/images/SA-MAG_X10k_JEM-1400 Flash_22440_x1344_y224.png,SA-MAG_X10k_JEM-1400 Flash_22440,classe_7,6.160714285714287,True
/content/drive/MyDrive/progetto_immunogold/patches/images/SA-MAG_X10k_JEM-1400 Flash_22440_x1344_y448.png,SA-MAG_X10k_JEM-1400 Flash_22440,classe_7,6.160714285714287,True
/content/drive/MyDrive/progetto_immunogold/patches/images/SA-MAG_X10k_JEM-1400 Flash_22440_x1344_y672.png,SA-MAG_X10k_JEM-1400 Flash_22440,classe_7,6.160714285714287,True
/content/drive/MyDrive/progetto_immunogold/patches/images/SA-MAG_X10k_JEM-1400 Flash_22440_x1344_y896.png,SA-MAG_X10k_JEM-1400 Flash_22440,classe_7,6.160714285714287,True
/content/drive/MyDrive/progetto_immunogold/patches/images/SA-MAG_X10k_JEM-1400 Flash_22440_x1568_y0.png,SA-MAG_X10k_JEM-1400 Flash_22440,classe_7,6.160714285714287,True
/content/drive/MyDrive/progetto_immunogold/patches/images/SA-MAG_X10k_JEM-1400 Flash_22440_x1568_y1120.png,SA-MAG_X10k_JEM-1400 Flash_22440,classe_7,6.160714285714287,True
/content/drive/MyDrive/progetto_immunogold/patches/images/SA-MAG_X10k_JEM-1400 Flash_22440_x1568_y1344.png,SA-MAG_X10k_JEM-1400 Flash_22440,classe_7,6.160714285714287,True
/content/drive/MyDrive/progetto_immunogold/patches/images/SA-MAG_X10k_JEM-1400 Flash_22440_x1568_y1568.png,SA-MAG_X10k_JEM-1400 Flash_22440,classe_7,6.160714285714287,True
/content/drive/MyDrive/progetto_immunogold/patches/images/SA-MAG_X10k_JEM-1400 Flash_22440_x1568_y1792.png,SA-MAG_X10k_JEM-1400 Flash_22440,classe_7,6.160714285714287,True
/content/drive/MyDrive/progetto_immunogold/patches/images/SA-MAG_X10k_JEM-1400 Flash_22440_x1568_y224.png,SA-MAG_X10k_JEM-1400 Flash_22440,classe_7,6.160714285714287,True
/content/drive/MyDrive/progetto_immunogold/patches/images/SA-MAG_X10k_JEM-1400 Flash_22440_x1568_y448.png,SA-MAG_X10k_JEM-1400 Flash_22440,classe_7,6.160714285714287,True
/content/drive/MyDrive/progetto_immunogold/patches/images/SA-MAG_X10k_JEM-1400 Flash_22440_x1568_y672.png,SA-MAG_X10k_JEM-1400 Flash_22440,classe_7,6.160714285714287,True
/content/drive/MyDrive/progetto_immunogold/patches/images/SA-MAG_X10k_JEM-1400 Flash_22440_x1568_y896.png,SA-MAG_X10k_JEM-1400 Flash_22440,classe_7,6.160714285714287,True
/content/drive/MyDrive/progetto_immunogold/patches/images/SA-MAG_X10k_JEM-1400 Flash_22440_x1792_y0.png,SA-MAG_X10k_JEM-1400 Flash_22440,classe_7,6.160714285714287,True
/content/drive/MyDrive/progetto_immunogold/patches/images/SA-MAG_X10k_JEM-1400 Flash_22440_x1792_y1120.png,SA-MAG_X10k_JEM-1400 Flash_22440,classe_7,6.160714285714287,True
/content/drive/MyDrive/progetto_immunogold/patches/images/SA-MAG_X10k_JEM-1400 Flash_22440_x1792_y1344.png,SA-MAG_X10k_JEM-1400 Flash_22440,classe_7,6.160714285714287,True
/content/drive/MyDrive/progetto_immunogold/patches/images/SA-MAG_X10k_JEM-1400 Flash_22440_x1792_y1568.png,SA-MAG_X10k_JEM-1400 Flash_22440,classe_7,6.160714285714287,True
/content/drive/MyDrive/progetto_immunogold/patches/images/SA-MAG_X10k_JEM-1400 Flash_22440_x1792_y1792.png,SA-MAG_X10k_JEM-1400 Flash_22440,classe_7,6.160714285714287,True
/content/drive/MyDrive/progetto_immunogold/patches/images/SA-MAG_X10k_JEM-1400 Flash_22440_x1792_y224.png,SA-MAG_X10k_JEM-1400 Flash_22440,classe_7,6.160714285714287,True
/content/drive/MyDrive/progetto_immunogold/patches/images/SA-MAG_X10k_JEM-1400 Flash_22440_x1792_y448.png,SA-MAG_X10k_JEM-1400 Flash_22440,classe_7,6.160714285714287,True
/content/drive/MyDrive/progetto_immunogold/patches/images/SA-MAG_X10k_JEM-1400 Flash_22440_x1792_y672.png,SA-MAG_X10k_JEM-1400 Flash_22440,classe_7,6.160714285714287,True
/content/drive/MyDrive/progetto_immunogold/patches/images/SA-MAG_X10k_JEM-1400 Flash_22440_x1792_y896.png,SA-MAG_X10k_JEM-1400 Flash_22440,classe_7,6.160714285714287,True
/content/drive/MyDrive/progetto_immunogold/patches/images/SA-MAG_X10k_JEM-1400 Flash_22440_x224_y0.png,SA-MAG_X10k_JEM-1400 Flash_22440,classe_7,6.160714285714287,True
/content/drive/MyDrive/progetto_immunogold/patches/images/SA-MAG_X10k_JEM-1400 Flash_22440_x224_y1120.png,SA-MAG_X10k_JEM-1400 Flash_22440,classe_7,6.160714285714287,True
/content/drive/MyDrive/progetto_immunogold/patches/images/SA-MAG_X10k_JEM-1400 Flash_22440_x224_y1344.png,SA-MAG_X10k_JEM-1400 Flash_22440,classe_7,6.160714285714287,True
/content/drive/MyDrive/progetto_immunogold/patches/images/SA-MAG_X10k_JEM-1400 Flash_22440_x224_y1568.png,SA-MAG_X10k_JEM-1400 Flash_22440,classe_7,6.160714285714287,True
/content/drive/MyDrive/progetto_immunogold/patches/images/SA-MAG_X10k_JEM-1400 Flash_22440_x224_y1792.png,SA-MAG_X10k_JEM-1400 Flash_22440,classe_7,6.160714285714287,True
/content/drive/MyDrive/progetto_immunogold/patches/images/SA-MAG_X10k_JEM-1400 Flash_22440_x224_y224.png,SA-MAG_X10k_JEM-1400 Flash_22440,classe_7,6.160714285714287,True
/content/drive/MyDrive/progetto_immunogold/patches/images/SA-MAG_X10k_JEM-1400 Flash_22440_x224_y448.png,SA-MAG_X10k_JEM-1400 Flash_22440,classe_7,6.160714285714287,True
/content/drive/MyDrive/progetto_immunogold/patches/images/SA-MAG_X10k_JEM-1400 Flash_22440_x224_y672.png,SA-MAG_X10k_JEM-1400 Flash_22440,classe_7,6.160714285714287,True
/content/drive/MyDrive/progetto_immunogold/patches/images/SA-MAG_X10k_JEM-1400 Flash_22440_x224_y896.png,SA-MAG_X10k_JEM-1400 Flash_22440,classe_7,6.160714285714287,True
/content/drive/MyDrive/progetto_immunogold/patches/images/SA-MAG_X10k_JEM-1400 Flash_22440_x448_y0.png,SA-MAG_X10k_JEM-1400 Flash_22440,classe_7,6.160714285714287,True
/content/drive/MyDrive/progetto_immunogold/patches/images/SA-MAG_X10k_JEM-1400 Flash_22440_x448_y1120.png,SA-MAG_X10k_JEM-1400 Flash_22440,classe_7,6.160714285714287,True
/content/drive/MyDrive/progetto_immunogold/patches/images/SA-MAG_X10k_JEM-1400 Flash_22440_x448_y1344.png,SA-MAG_X10k_JEM-1400 Flash_22440,classe_7,6.160714285714287,True
/content/drive/MyDrive/progetto_immunogold/patches/images/SA-MAG_X10k_JEM-1400 Flash_22440_x448_y1568.png,SA-MAG_X10k_JEM-1400 Flash_22440,classe_7,6.160714285714287,True
/content/drive/MyDrive/progetto_immunogold/patches/images/SA-MAG_X10k_JEM-1400 Flash_22440_x448_y1792.png,SA-MAG_X10k_JEM-1400 Flash_22440,classe_7,6.160714285714287,True
/content/drive/MyDrive/progetto_immunogold/patches/images/SA-MAG_X10k_JEM-1400 Flash_22440_x448_y224.png,SA-MAG_X10k_JEM-1400 Flash_22440,classe_7,6.160714285714287,True
/content/drive/MyDrive/progetto_immunogold/patches/images/SA-MAG_X10k_JEM-1400 Flash_22440_x448_y448.png,SA-MAG_X10k_JEM-1400 Flash_22440,classe_7,6.160714285714287,True
/content/drive/MyDrive/progetto_immunogold/patches/images/SA-MAG_X10k_JEM-1400 Flash_22440_x448_y672.png,SA-MAG_X10k_JEM-1400 Flash_22440,classe_7,6.160714285714287,True
/content/drive/MyDrive/progetto_immunogold/patches/images/SA-MAG_X10k_JEM-1400 Flash_22440_x448_y896.png,SA-MAG_X10k_JEM-1400 Flash_22440,classe_7,6.160714285714287,True
/content/drive/MyDrive/progetto_immunogold/patches/images/SA-MAG_X10k_JEM-1400 Flash_22440_x672_y0.png,SA-MAG_X10k_JEM-1400 Flash_22440,classe_7,6.160714285714287,True
/content/drive/MyDrive/progetto_immunogold/patches/images/SA-MAG_X10k_JEM-1400 Flash_22440_x672_y1120.png,SA-MAG_X10k_JEM-1400 Flash_22440,classe_7,6.160714285714287,True
/content/drive/MyDrive/progetto_immunogold/patches/images/SA-MAG_X10k_JEM-1400 Flash_22440_x672_y1344.png,SA-MAG_X10k_JEM-1400 Flash_22440,classe_7,6.160714285714287,True
/content/drive/MyDrive/progetto_immunogold/patches/images/SA-MAG_X10k_JEM-1400 Flash_22440_x672_y1568.png,SA-MAG_X10k_JEM-1400 Flash_22440,classe_7,6.160714285714287,True
/content/drive/MyDrive/progetto_immunogold/patches/images/SA-MAG_X10k_JEM-1400 Flash_22440_x672_y1792.png,SA-MAG_X10k_JEM-1400 Flash_22440,classe_7,6.160714285714287,True
/content/drive/MyDrive/progetto_immunogold/patches/images/SA-MAG_X10k_JEM-1400 Flash_22440_x672_y224.png,SA-MAG_X10k_JEM-1400 Flash_22440,classe_7,6.160714285714287,True
/content/drive/MyDrive/progetto_immunogold/patches/images/SA-MAG_X10k_JEM-1400 Flash_22440_x672_y448.png,SA-MAG_X10k_JEM-1400 Flash_22440,classe_7,6.160714285714287,True
/content/drive/MyDrive/progetto_immunogold/patches/images/SA-MAG_X10k_JEM-1400 Flash_22440_x672_y672.png,SA-MAG_X10k_JEM-1400 Flash_22440,classe_7,6.160714285714287,True
/content/drive/MyDrive/progetto_immunogold/patches/images/SA-MAG_X10k_JEM-1400 Flash_22440_x672_y896.png,SA-MAG_X10k_JEM-1400 Flash_22440,classe_7,6.160714285714287,True
/content/drive/MyDrive/progetto_immunogold/patches/images/SA-MAG_X10k_JEM-1400 Flash_22440_x896_y0.png,SA-MAG_X10k_JEM-1400 Flash_22440,classe_7,6.160714285714287,True
/content/drive/MyDrive/progetto_immunogold/patches/images/SA-MAG_X10k_JEM-1400 Flash_22440_x896_y1120.png,SA-MAG_X10k_JEM-1400 Flash_22440,classe_7,6.160714285714287,True
/content/drive/MyDrive/progetto_immunogold/patches/images/SA-MAG_X10k_JEM-1400 Flash_22440_x896_y1344.png,SA-MAG_X10k_JEM-1400 Flash_22440,classe_7,6.160714285714287,True
/content/drive/MyDrive/progetto_immunogold/patches/images/SA-MAG_X10k_JEM-1400 Flash_22440_x896_y1568.png,SA-MAG_X10k_JEM-1400 Flash_22440,classe_7,6.160714285714287,True
/content/drive/MyDrive/progetto_immunogold/patches/images/SA-MAG_X10k_JEM-1400 Flash_22440_x896_y1792.png,SA-MAG_X10k_JEM-1400 Flash_22440,classe_7,6.160714285714287,True
/content/drive/MyDrive/progetto_immunogold/patches/images/SA-MAG_X10k_JEM-1400 Flash_22440_x896_y224.png,SA-MAG_X10k_JEM-1400 Flash_22440,classe_7,6.160714285714287,True
/content/drive/MyDrive/progetto_immunogold/patches/images/SA-MAG_X10k_JEM-1400 Flash_22440_x896_y448.png,SA-MAG_X10k_JEM-1400 Flash_22440,classe_7,6.160714285714287,True
/content/drive/MyDrive/progetto_immunogold/patches/images/SA-MAG_X10k_JEM-1400 Flash_22440_x896_y672.png,SA-MAG_X10k_JEM-1400 Flash_22440,classe_7,6.160714285714287,True
/content/drive/MyDrive/progetto_immunogold/patches/images/SA-MAG_X10k_JEM-1400 Flash_22440_x896_y896.png,SA-MAG_X10k_JEM-1400 Flash_22440,classe_7,6.160714285714287,True
/content/drive/MyDrive/progetto_immunogold/patches/images/SA-MAG_X10k_JEM-1400 Flash_22480_x0_y0.png,SA-MAG_X10k_JEM-1400 Flash_22480,classe_7,6.160714285714287,True
/content/drive/MyDrive/progetto_immunogold/patches/images/SA-MAG_X10k_JEM-1400 Flash_22480_x0_y1120.png,SA-MAG_X10k_JEM-1400 Flash_22480,classe_7,6.160714285714287,True
/content/drive/MyDrive/progetto_immunogold/patches/images/SA-MAG_X10k_JEM-1400 Flash_22480_x0_y1344.png,SA-MAG_X10k_JEM-1400 Flash_22480,classe_7,6.160714285714287,True
/content/drive/MyDrive/progetto_immunogold/patches/images/SA-MAG_X10k_JEM-1400 Flash_22480_x0_y1568.png,SA-MAG_X10k_JEM-1400 Flash_22480,classe_7,6.160714285714287,True
/content/drive/MyDrive/progetto_immunogold/patches/images/SA-MAG_X10k_JEM-1400 Flash_22480_x0_y1792.png,SA-MAG_X10k_JEM-1400 Flash_22480,classe_7,6.160714285714287,True
/content/drive/MyDrive/progetto_immunogold/patches/images/SA-MAG_X10k_JEM-1400 Flash_22480_x0_y224.png,SA-MAG_X10k_JEM-1400 Flash_22480,classe_7,6.160714285714287,True
/content/drive/MyDrive/progetto_immunogold/patches/images/SA-MAG_X10k_JEM-1400 Flash_22480_x0_y448.png,SA-MAG_X10k_JEM-1400 Flash_22480,classe_7,6.160714285714287,True
/content/drive/MyDrive/progetto_immunogold/patches/images/SA-MAG_X10k_JEM-1400 Flash_22480_x0_y672.png,SA-MAG_X10k_JEM-1400 Flash_22480,classe_7,6.160714285714287,True
/content/drive/MyDrive/progetto_immunogold/patches/images/SA-MAG_X10k_JEM-1400 Flash_22480_x0_y896.png,SA-MAG_X10k_JEM-1400 Flash_22480,classe_7,6.160714285714287,True
/content/drive/MyDrive/progetto_immunogold/patches/images/SA-MAG_X10k_JEM-1400 Flash_22480_x1120_y0.png,SA-MAG_X10k_JEM-1400 Flash_22480,classe_7,6.160714285714287,True
/content/drive/MyDrive/progetto_immunogold/patches/images/SA-MAG_X10k_JEM-1400 Flash_22480_x1120_y1120.png,SA-MAG_X10k_JEM-1400 Flash_22480,classe_7,6.160714285714287,True
/content/drive/MyDrive/progetto_immunogold/patches/images/SA-MAG_X10k_JEM-1400 Flash_22480_x1120_y1344.png,SA-MAG_X10k_JEM-1400 Flash_22480,classe_7,6.160714285714287,True
/content/drive/MyDrive/progetto_immunogold/patches/images/SA-MAG_X10k_JEM-1400 Flash_22480_x1120_y1568.png,SA-MAG_X10k_JEM-1400 Flash_22480,classe_7,6.160714285714287,True
/content/drive/MyDrive/progetto_immunogold/patches/images/SA-MAG_X10k_JEM-1400 Flash_22480_x1120_y1792.png,SA-MAG_X10k_JEM-1400 Flash_22480,classe_7,6.160714285714287,True
/content/drive/MyDrive/progetto_immunogold/patches/images/SA-MAG_X10k_JEM-1400 Flash_22480_x1120_y224.png,SA-MAG_X10k_JEM-1400 Flash_22480,classe_7,6.160714285714287,True
/content/drive/MyDrive/progetto_immunogold/patches/images/SA-MAG_X10k_JEM-1400 Flash_22480_x1120_y448.png,SA-MAG_X10k_JEM-1400 Flash_22480,classe_7,6.160714285714287,True
/content/drive/MyDrive/progetto_immunogold/patches/images/SA-MAG_X10k_JEM-1400 Flash_22480_x1120_y672.png,SA-MAG_X10k_JEM-1400 Flash_22480,classe_7,6.160714285714287,True
/content/drive/MyDrive/progetto_immunogold/patches/images/SA-MAG_X10k_JEM-1400 Flash_22480_x1120_y896.png,SA-MAG_X10k_JEM-1400 Flash_22480,classe_7,6.160714285714287,True
/content/drive/MyDrive/progetto_immunogold/patches/images/SA-MAG_X10k_JEM-1400 Flash_22480_x1344_y0.png,SA-MAG_X10k_JEM-1400 Flash_22480,classe_7,6.160714285714287,True
/content/drive/MyDrive/progetto_immunogold/patches/images/SA-MAG_X10k_JEM-1400 Flash_22480_x1344_y1120.png,SA-MAG_X10k_JEM-1400 Flash_22480,classe_7,6.160714285714287,True
/content/drive/MyDrive/progetto_immunogold/patches/images/SA-MAG_X10k_JEM-1400 Flash_22480_x1344_y1344.png,SA-MAG_X10k_JEM-1400 Flash_22480,classe_7,6.160714285714287,True
/content/drive/MyDrive/progetto_immunogold/patches/images/SA-MAG_X10k_JEM-1400 Flash_22480_x1344_y1568.png,SA-MAG_X10k_JEM-1400 Flash_22480,classe_7,6.160714285714287,True
/content/drive/MyDrive/progetto_immunogold/patches/images/SA-MAG_X10k_JEM-1400 Flash_22480_x1344_y1792.png,SA-MAG_X10k_JEM-1400 Flash_22480,classe_7,6.160714285714287,True
/content/drive/MyDrive/progetto_immunogold/patches/images/SA-MAG_X10k_JEM-1400 Flash_22480_x1344_y224.png,SA-MAG_X10k_JEM-1400 Flash_22480,classe_7,6.160714285714287,True
/content/drive/MyDrive/progetto_immunogold/patches/images/SA-MAG_X10k_JEM-1400 Flash_22480_x1344_y448.png,SA-MAG_X10k_JEM-1400 Flash_22480,classe_7,6.160714285714287,True
/content/drive/MyDrive/progetto_immunogold/patches/images/SA-MAG_X10k_JEM-1400 Flash_22480_x1344_y672.png,SA-MAG_X10k_JEM-1400 Flash_22480,classe_7,6.160714285714287,True
/content/drive/MyDrive/progetto_immunogold/patches/images/SA-MAG_X10k_JEM-1400 Flash_22480_x1344_y896.png,SA-MAG_X10k_JEM-1400 Flash_22480,classe_7,6.160714285714287,True
/content/drive/MyDrive/progetto_immunogold/patches/images/SA-MAG_X10k_JEM-1400 Flash_22480_x1568_y0.png,SA-MAG_X10k_JEM-1400 Flash_22480,classe_7,6.160714285714287,True
/content/drive/MyDrive/progetto_immunogold/patches/images/SA-MAG_X10k_JEM-1400 Flash_22480_x1568_y1120.png,SA-MAG_X10k_JEM-1400 Flash_22480,classe_7,6.160714285714287,True
/content/drive/MyDrive/progetto_immunogold/patches/images/SA-MAG_X10k_JEM-1400 Flash_22480_x1568_y1344.png,SA-MAG_X10k_JEM-1400 Flash_22480,classe_7,6.160714285714287,True
/content/drive/MyDrive/progetto_immunogold/patches/images/SA-MAG_X10k_JEM-1400 Flash_22480_x1568_y1568.png,SA-MAG_X10k_JEM-1400 Flash_22480,classe_7,6.160714285714287,True
/content/drive/MyDrive/progetto_immunogold/patches/images/SA-MAG_X10k_JEM-1400 Flash_22480_x1568_y1792.png,SA-MAG_X10k_JEM-1400 Flash_22480,classe_7,6.160714285714287,True
/content/drive/MyDrive/progetto_immunogold/patches/images/SA-MAG_X10k_JEM-1400 Flash_22480_x1568_y224.png,SA-MAG_X10k_JEM-1400 Flash_22480,classe_7,6.160714285714287,True
/content/drive/MyDrive/progetto_immunogold/patches/images/SA-MAG_X10k_JEM-1400 Flash_22480_x1568_y448.png,SA-MAG_X10k_JEM-1400 Flash_22480,classe_7,6.160714285714287,True
/content/drive/MyDrive/progetto_immunogold/patches/images/SA-MAG_X10k_JEM-1400 Flash_22480_x1568_y672.png,SA-MAG_X10k_JEM-1400 Flash_22480,classe_7,6.160714285714287,True
/content/drive/MyDrive/progetto_immunogold/patches/images/SA-MAG_X10k_JEM-1400 Flash_22480_x1568_y896.png,SA-MAG_X10k_JEM-1400 Flash_22480,classe_7,6.160714285714287,True
/content/drive/MyDrive/progetto_immunogold/patches/images/SA-MAG_X10k_JEM-1400 Flash_22480_x1792_y0.png,SA-MAG_X10k_JEM-1400 Flash_22480,classe_7,6.160714285714287,True
/content/drive/MyDrive/progetto_immunogold/patches/images/SA-MAG_X10k_JEM-1400 Flash_22480_x1792_y1120.png,SA-MAG_X10k_JEM-1400 Flash_22480,classe_7,6.160714285714287,True
/content/drive/MyDrive/progetto_immunogold/patches/images/SA-MAG_X10k_JEM-1400 Flash_22480_x1792_y1344.png,SA-MAG_X10k_JEM-1400 Flash_22480,classe_7,6.160714285714287,True
/content/drive/MyDrive/progetto_immunogold/patches/images/SA-MAG_X10k_JEM-1400 Flash_22480_x1792_y1568.png,SA-MAG_X10k_JEM-1400 Flash_22480,classe_7,6.160714285714287,True
/content/drive/MyDrive/progetto_immunogold/patches/images/SA-MAG_X10k_JEM-1400 Flash_22480_x1792_y1792.png,SA-MAG_X10k_JEM-1400 Flash_22480,classe_7,6.160714285714287,True
/content/drive/MyDrive/progetto_immunogold/patches/images/SA-MAG_X10k_JEM-1400 Flash_22480_x1792_y224.png,SA-MAG_X10k_JEM-1400 Flash_22480,classe_7,6.160714285714287,True
/content/drive/MyDrive/progetto_immunogold/patches/images/SA-MAG_X10k_JEM-1400 Flash_22480_x1792_y448.png,SA-MAG_X10k_JEM-1400 Flash_22480,classe_7,6.160714285714287,True
/content/drive/MyDrive/progetto_immunogold/patches/images/SA-MAG_X10k_JEM-1400 Flash_22480_x1792_y672.png,SA-MAG_X10k_JEM-1400 Flash_22480,classe_7,6.160714285714287,True
/content/drive/MyDrive/progetto_immunogold/patches/images/SA-MAG_X10k_JEM-1400 Flash_22480_x1792_y896.png,SA-MAG_X10k_JEM-1400 Flash_22480,classe_7,6.160714285714287,True
/content/drive/MyDrive/progetto_immunogold/patches/images/SA-MAG_X10k_JEM-1400 Flash_22480_x224_y0.png,SA-MAG_X10k_JEM-1400 Flash_22480,classe_7,6.160714285714287,True
/content/drive/MyDrive/progetto_immunogold/patches/images/SA-MAG_X10k_JEM-1400 Flash_22480_x224_y1120.png,SA-MAG_X10k_JEM-1400 Flash_22480,classe_7,6.160714285714287,True
/content/drive/MyDrive/progetto_immunogold/patches/images/SA-MAG_X10k_JEM-1400 Flash_22480_x224_y1344.png,SA-MAG_X10k_JEM-1400 Flash_22480,classe_7,6.160714285714287,True
/content/drive/MyDrive/progetto_immunogold/patches/images/SA-MAG_X10k_JEM-1400 Flash_22480_x224_y1568.png,SA-MAG_X10k_JEM-1400 Flash_22480,classe_7,6.160714285714287,True
/content/drive/MyDrive/progetto_immunogold/patches/images/SA-MAG_X10k_JEM-1400 Flash_22480_x224_y1792.png,SA-MAG_X10k_JEM-1400 Flash_22480,classe_7,6.160714285714287,True
/content/drive/MyDrive/progetto_immunogold/patches/images/SA-MAG_X10k_JEM-1400 Flash_22480_x224_y224.png,SA-MAG_X10k_JEM-1400 Flash_22480,classe_7,6.160714285714287,True
/content/drive/MyDrive/progetto_immunogold/patches/images/SA-MAG_X10k_JEM-1400 Flash_22480_x224_y448.png,SA-MAG_X10k_JEM-1400 Flash_22480,classe_7,6.160714285714287,True
/content/drive/MyDrive/progetto_immunogold/patches/images/SA-MAG_X10k_JEM-1400 Flash_22480_x224_y672.png,SA-MAG_X10k_JEM-1400 Flash_22480,classe_7,6.160714285714287,True
/content/drive/MyDrive/progetto_immunogold/patches/images/SA-MAG_X10k_JEM-1400 Flash_22480_x224_y896.png,SA-MAG_X10k_JEM-1400 Flash_22480,classe_7,6.160714285714287,True
/content/drive/MyDrive/progetto_immunogold/patches/images/SA-MAG_X10k_JEM-1400 Flash_22480_x448_y0.png,SA-MAG_X10k_JEM-1400 Flash_22480,classe_7,6.160714285714287,True
/content/drive/MyDrive/progetto_immunogold/patches/images/SA-MAG_X10k_JEM-1400 Flash_22480_x448_y1120.png,SA-MAG_X10k_JEM-1400 Flash_22480,classe_7,6.160714285714287,True
/content/drive/MyDrive/progetto_immunogold/patches/images/SA-MAG_X10k_JEM-1400 Flash_22480_x448_y1344.png,SA-MAG_X10k_JEM-1400 Flash_22480,classe_7,6.160714285714287,True
/content/drive/MyDrive/progetto_immunogold/patches/images/SA-MAG_X10k_JEM-1400 Flash_22480_x448_y1568.png,SA-MAG_X10k_JEM-1400 Flash_22480,classe_7,6.160714285714287,True
/content/drive/MyDrive/progetto_immunogold/patches/images/SA-MAG_X10k_JEM-1400 Flash_22480_x448_y1792.png,SA-MAG_X10k_JEM-1400 Flash_22480,classe_7,6.160714285714287,True
/content/drive/MyDrive/progetto_immunogold/patches/images/SA-MAG_X10k_JEM-1400 Flash_22480_x448_y224.png,SA-MAG_X10k_JEM-1400 Flash_22480,classe_7,6.160714285714287,True
/content/drive/MyDrive/progetto_immunogold/patches/images/SA-MAG_X10k_JEM-1400 Flash_22480_x448_y448.png,SA-MAG_X10k_JEM-1400 Flash_22480,classe_7,6.160714285714287,True
/content/drive/MyDrive/progetto_immunogold/patches/images/SA-MAG_X10k_JEM-1400 Flash_22480_x448_y672.png,SA-MAG_X10k_JEM-1400 Flash_22480,classe_7,6.160714285714287,True
/content/drive/MyDrive/progetto_immunogold/patches/images/SA-MAG_X10k_JEM-1400 Flash_22480_x448_y896.png,SA-MAG_X10k_JEM-1400 Flash_22480,classe_7,6.160714285714287,True
/content/drive/MyDrive/progetto_immunogold/patches/images/SA-MAG_X10k_JEM-1400 Flash_22480_x672_y0.png,SA-MAG_X10k_JEM-1400 Flash_22480,classe_7,6.160714285714287,True
/content/drive/MyDrive/progetto_immunogold/patches/images/SA-MAG_X10k_JEM-1400 Flash_22480_x672_y1120.png,SA-MAG_X10k_JEM-1400 Flash_22480,classe_7,6.160714285714287,True
/content/drive/MyDrive/progetto_immunogold/patches/images/SA-MAG_X10k_JEM-1400 Flash_22480_x672_y1344.png,SA-MAG_X10k_JEM-1400 Flash_22480,classe_7,6.160714285714287,True
/content/drive/MyDrive/progetto_immunogold/patches/images/SA-MAG_X10k_JEM-1400 Flash_22480_x672_y1568.png,SA-MAG_X10k_JEM-1400 Flash_22480,classe_7,6.160714285714287,True
/content/drive/MyDrive/progetto_immunogold/patches/images/SA-MAG_X10k_JEM-1400 Flash_22480_x672_y1792.png,SA-MAG_X10k_JEM-1400 Flash_22480,classe_7,6.160714285714287,True
/content/drive/MyDrive/progetto_immunogold/patches/images/SA-MAG_X10k_JEM-1400 Flash_22480_x672_y224.png,SA-MAG_X10k_JEM-1400 Flash_22480,classe_7,6.160714285714287,True
/content/drive/MyDrive/progetto_immunogold/patches/images/SA-MAG_X10k_JEM-1400 Flash_22480_x672_y448.png,SA-MAG_X10k_JEM-1400 Flash_22480,classe_7,6.160714285714287,True
/content/drive/MyDrive/progetto_immunogold/patches/images/SA-MAG_X10k_JEM-1400 Flash_22480_x672_y672.png,SA-MAG_X10k_JEM-1400 Flash_22480,classe_7,6.160714285714287,True
/content/drive/MyDrive/progetto_immunogold/patches/images/SA-MAG_X10k_JEM-1400 Flash_22480_x672_y896.png,SA-MAG_X10k_JEM-1400 Flash_22480,classe_7,6.160714285714287,True
/content/drive/MyDrive/progetto_immunogold/patches/images/SA-MAG_X10k_JEM-1400 Flash_22480_x896_y0.png,SA-MAG_X10k_JEM-1400 Flash_22480,classe_7,6.160714285714287,True
/content/drive/MyDrive/progetto_immunogold/patches/images/SA-MAG_X10k_JEM-1400 Flash_22480_x896_y1120.png,SA-MAG_X10k_JEM-1400 Flash_22480,classe_7,6.160714285714287,True
/content/drive/MyDrive/progetto_immunogold/patches/images/SA-MAG_X10k_JEM-1400 Flash_22480_x896_y1344.png,SA-MAG_X10k_JEM-1400 Flash_22480,classe_7,6.160714285714287,True
/content/drive/MyDrive/progetto_immunogold/patches/images/SA-MAG_X10k_JEM-1400 Flash_22480_x896_y1568.png,SA-MAG_X10k_JEM-1400 Flash_22480,classe_7,6.160714285714287,True
/content/drive/MyDrive/progetto_immunogold/patches/images/SA-MAG_X10k_JEM-1400 Flash_22480_x896_y1792.png,SA-MAG_X10k_JEM-1400 Flash_22480,classe_7,6.160714285714287,True
/content/drive/MyDrive/progetto_immunogold/patches/images/SA-MAG_X10k_JEM-1400 Flash_22480_x896_y224.png,SA-MAG_X10k_JEM-1400 Flash_22480,classe_7,6.160714285714287,True
/content/drive/MyDrive/progetto_immunogold/patches/images/SA-MAG_X10k_JEM-1400 Flash_22480_x896_y448.png,SA-MAG_X10k_JEM-1400 Flash_22480,classe_7,6.160714285714287,True
/content/drive/MyDrive/progetto_immunogold/patches/images/SA-MAG_X10k_JEM-1400 Flash_22480_x896_y672.png,SA-MAG_X10k_JEM-1400 Flash_22480,classe_7,6.160714285714287,True
/content/drive/MyDrive/progetto_immunogold/patches/images/SA-MAG_X10k_JEM-1400 Flash_22480_x896_y896.png,SA-MAG_X10k_JEM-1400 Flash_22480,classe_7,6.160714285714287,True
/content/drive/MyDrive/progetto_immunogold/patches/images/SA-MAG_X12k_JEM-1400 Flash_22429_x0_y0.png,SA-MAG_X12k_JEM-1400 Flash_22429,classe_6,6.4483985765124565,True
/content/drive/MyDrive/progetto_immunogold/patches/images/SA-MAG_X12k_JEM-1400 Flash_22429_x0_y1120.png,SA-MAG_X12k_JEM-1400 Flash_22429,classe_6,6.4483985765124565,True
/content/drive/MyDrive/progetto_immunogold/patches/images/SA-MAG_X12k_JEM-1400 Flash_22429_x0_y1344.png,SA-MAG_X12k_JEM-1400 Flash_22429,classe_6,6.4483985765124565,True
/content/drive/MyDrive/progetto_immunogold/patches/images/SA-MAG_X12k_JEM-1400 Flash_22429_x0_y1568.png,SA-MAG_X12k_JEM-1400 Flash_22429,classe_6,6.4483985765124565,True
/content/drive/MyDrive/progetto_immunogold/patches/images/SA-MAG_X12k_JEM-1400 Flash_22429_x0_y1792.png,SA-MAG_X12k_JEM-1400 Flash_22429,classe_6,6.4483985765124565,True
/content/drive/MyDrive/progetto_immunogold/patches/images/SA-MAG_X12k_JEM-1400 Flash_22429_x0_y224.png,SA-MAG_X12k_JEM-1400 Flash_22429,classe_6,6.4483985765124565,True
/content/drive/MyDrive/progetto_immunogold/patches/images/SA-MAG_X12k_JEM-1400 Flash_22429_x0_y448.png,SA-MAG_X12k_JEM-1400 Flash_22429,classe_6,6.4483985765124565,True
/content/drive/MyDrive/progetto_immunogold/patches/images/SA-MAG_X12k_JEM-1400 Flash_22429_x0_y672.png,SA-MAG_X12k_JEM-1400 Flash_22429,classe_6,6.4483985765124565,True
/content/drive/MyDrive/progetto_immunogold/patches/images/SA-MAG_X12k_JEM-1400 Flash_22429_x0_y896.png,SA-MAG_X12k_JEM-1400 Flash_22429,classe_6,6.4483985765124565,True
/content/drive/MyDrive/progetto_immunogold/patches/images/SA-MAG_X12k_JEM-1400 Flash_22429_x1120_y0.png,SA-MAG_X12k_JEM-1400 Flash_22429,classe_6,6.4483985765124565,True
/content/drive/MyDrive/progetto_immunogold/patches/images/SA-MAG_X12k_JEM-1400 Flash_22429_x1120_y1120.png,SA-MAG_X12k_JEM-1400 Flash_22429,classe_6,6.4483985765124565,True
/content/drive/MyDrive/progetto_immunogold/patches/images/SA-MAG_X12k_JEM-1400 Flash_22429_x1120_y1344.png,SA-MAG_X12k_JEM-1400 Flash_22429,classe_6,6.4483985765124565,True
/content/drive/MyDrive/progetto_immunogold/patches/images/SA-MAG_X12k_JEM-1400 Flash_22429_x1120_y1568.png,SA-MAG_X12k_JEM-1400 Flash_22429,classe_6,6.4483985765124565,True
/content/drive/MyDrive/progetto_immunogold/patches/images/SA-MAG_X12k_JEM-1400 Flash_22429_x1120_y1792.png,SA-MAG_X12k_JEM-1400 Flash_22429,classe_6,6.4483985765124565,True
/content/drive/MyDrive/progetto_immunogold/patches/images/SA-MAG_X12k_JEM-1400 Flash_22429_x1120_y224.png,SA-MAG_X12k_JEM-1400 Flash_22429,classe_6,6.4483985765124565,True
/content/drive/MyDrive/progetto_immunogold/patches/images/SA-MAG_X12k_JEM-1400 Flash_22429_x1120_y448.png,SA-MAG_X12k_JEM-1400 Flash_22429,classe_6,6.4483985765124565,True
/content/drive/MyDrive/progetto_immunogold/patches/images/SA-MAG_X12k_JEM-1400 Flash_22429_x1120_y672.png,SA-MAG_X12k_JEM-1400 Flash_22429,classe_6,6.4483985765124565,True
/content/drive/MyDrive/progetto_immunogold/patches/images/SA-MAG_X12k_JEM-1400 Flash_22429_x1120_y896.png,SA-MAG_X12k_JEM-1400 Flash_22429,classe_6,6.4483985765124565,True
/content/drive/MyDrive/progetto_immunogold/patches/images/SA-MAG_X12k_JEM-1400 Flash_22429_x1344_y0.png,SA-MAG_X12k_JEM-1400 Flash_22429,classe_6,6.4483985765124565,True
/content/drive/MyDrive/progetto_immunogold/patches/images/SA-MAG_X12k_JEM-1400 Flash_22429_x1344_y1120.png,SA-MAG_X12k_JEM-1400 Flash_22429,classe_6,6.4483985765124565,True
/content/drive/MyDrive/progetto_immunogold/patches/images/SA-MAG_X12k_JEM-1400 Flash_22429_x1344_y1344.png,SA-MAG_X12k_JEM-1400 Flash_22429,classe_6,6.4483985765124565,True
/content/drive/MyDrive/progetto_immunogold/patches/images/SA-MAG_X12k_JEM-1400 Flash_22429_x1344_y1568.png,SA-MAG_X12k_JEM-1400 Flash_22429,classe_6,6.4483985765124565,True
/content/drive/MyDrive/progetto_immunogold/patches/images/SA-MAG_X12k_JEM-1400 Flash_22429_x1344_y1792.png,SA-MAG_X12k_JEM-1400 Flash_22429,classe_6,6.4483985765124565,True
/content/drive/MyDrive/progetto_immunogold/patches/images/SA-MAG_X12k_JEM-1400 Flash_22429_x1344_y224.png,SA-MAG_X12k_JEM-1400 Flash_22429,classe_6,6.4483985765124565,True
/content/drive/MyDrive/progetto_immunogold/patches/images/SA-MAG_X12k_JEM-1400 Flash_22429_x1344_y448.png,SA-MAG_X12k_JEM-1400 Flash_22429,classe_6,6.4483985765124565,True
/content/drive/MyDrive/progetto_immunogold/patches/images/SA-MAG_X12k_JEM-1400 Flash_22429_x1344_y672.png,SA-MAG_X12k_JEM-1400 Flash_22429,classe_6,6.4483985765124565,True
/content/drive/MyDrive/progetto_immunogold/patches/images/SA-MAG_X12k_JEM-1400 Flash_22429_x1344_y896.png,SA-MAG_X12k_JEM-1400 Flash_22429,classe_6,6.4483985765124565,True
/content/drive/MyDrive/progetto_immunogold/patches/images/SA-MAG_X12k_JEM-1400 Flash_22429_x1568_y0.png,SA-MAG_X12k_JEM-1400 Flash_22429,classe_6,6.4483985765124565,True
/content/drive/MyDrive/progetto_immunogold/patches/images/SA-MAG_X12k_JEM-1400 Flash_22429_x1568_y1120.png,SA-MAG_X12k_JEM-1400 Flash_22429,classe_6,6.4483985765124565,True
/content/drive/MyDrive/progetto_immunogold/patches/images/SA-MAG_X12k_JEM-1400 Flash_22429_x1568_y1344.png,SA-MAG_X12k_JEM-1400 Flash_22429,classe_6,6.4483985765124565,True
/content/drive/MyDrive/progetto_immunogold/patches/images/SA-MAG_X12k_JEM-1400 Flash_22429_x1568_y1568.png,SA-MAG_X12k_JEM-1400 Flash_22429,classe_6,6.4483985765124565,True
/content/drive/MyDrive/progetto_immunogold/patches/images/SA-MAG_X12k_JEM-1400 Flash_22429_x1568_y1792.png,SA-MAG_X12k_JEM-1400 Flash_22429,classe_6,6.4483985765124565,True
/content/drive/MyDrive/progetto_immunogold/patches/images/SA-MAG_X12k_JEM-1400 Flash_22429_x1568_y224.png,SA-MAG_X12k_JEM-1400 Flash_22429,classe_6,6.4483985765124565,True
/content/drive/MyDrive/progetto_immunogold/patches/images/SA-MAG_X12k_JEM-1400 Flash_22429_x1568_y448.png,SA-MAG_X12k_JEM-1400 Flash_22429,classe_6,6.4483985765124565,True
/content/drive/MyDrive/progetto_immunogold/patches/images/SA-MAG_X12k_JEM-1400 Flash_22429_x1568_y672.png,SA-MAG_X12k_JEM-1400 Flash_22429,classe_6,6.4483985765124565,True
/content/drive/MyDrive/progetto_immunogold/patches/images/SA-MAG_X12k_JEM-1400 Flash_22429_x1568_y896.png,SA-MAG_X12k_JEM-1400 Flash_22429,classe_6,6.4483985765124565,True
/content/drive/MyDrive/progetto_immunogold/patches/images/SA-MAG_X12k_JEM-1400 Flash_22429_x1792_y0.png,SA-MAG_X12k_JEM-1400 Flash_22429,classe_6,6.4483985765124565,True
/content/drive/MyDrive/progetto_immunogold/patches/images/SA-MAG_X12k_JEM-1400 Flash_22429_x1792_y1120.png,SA-MAG_X12k_JEM-1400 Flash_22429,classe_6,6.4483985765124565,True
/content/drive/MyDrive/progetto_immunogold/patches/images/SA-MAG_X12k_JEM-1400 Flash_22429_x1792_y1344.png,SA-MAG_X12k_JEM-1400 Flash_22429,classe_6,6.4483985765124565,True
/content/drive/MyDrive/progetto_immunogold/patches/images/SA-MAG_X12k_JEM-1400 Flash_22429_x1792_y1568.png,SA-MAG_X12k_JEM-1400 Flash_22429,classe_6,6.4483985765124565,True
/content/drive/MyDrive/progetto_immunogold/patches/images/SA-MAG_X12k_JEM-1400 Flash_22429_x1792_y1792.png,SA-MAG_X12k_JEM-1400 Flash_22429,classe_6,6.4483985765124565,True
/content/drive/MyDrive/progetto_immunogold/patches/images/SA-MAG_X12k_JEM-1400 Flash_22429_x1792_y224.png,SA-MAG_X12k_JEM-1400 Flash_22429,classe_6,6.4483985765124565,True
/content/drive/MyDrive/progetto_immunogold/patches/images/SA-MAG_X12k_JEM-1400 Flash_22429_x1792_y448.png,SA-MAG_X12k_JEM-1400 Flash_22429,classe_6,6.4483985765124565,True
/content/drive/MyDrive/progetto_immunogold/patches/images/SA-MAG_X12k_JEM-1400 Flash_22429_x1792_y672.png,SA-MAG_X12k_JEM-1400 Flash_22429,classe_6,6.4483985765124565,True
/content/drive/MyDrive/progetto_immunogold/patches/images/SA-MAG_X12k_JEM-1400 Flash_22429_x1792_y896.png,SA-MAG_X12k_JEM-1400 Flash_22429,classe_6,6.4483985765124565,True
/content/drive/MyDrive/progetto_immunogold/patches/images/SA-MAG_X12k_JEM-1400 Flash_22429_x224_y0.png,SA-MAG_X12k_JEM-1400 Flash_22429,classe_6,6.4483985765124565,True
/content/drive/MyDrive/progetto_immunogold/patches/images/SA-MAG_X12k_JEM-1400 Flash_22429_x224_y1120.png,SA-MAG_X12k_JEM-1400 Flash_22429,classe_6,6.4483985765124565,True
/content/drive/MyDrive/progetto_immunogold/patches/images/SA-MAG_X12k_JEM-1400 Flash_22429_x224_y1344.png,SA-MAG_X12k_JEM-1400 Flash_22429,classe_6,6.4483985765124565,True
/content/drive/MyDrive/progetto_immunogold/patches/images/SA-MAG_X12k_JEM-1400 Flash_22429_x224_y1568.png,SA-MAG_X12k_JEM-1400 Flash_22429,classe_6,6.4483985765124565,True
/content/drive/MyDrive/progetto_immunogold/patches/images/SA-MAG_X12k_JEM-1400 Flash_22429_x224_y1792.png,SA-MAG_X12k_JEM-1400 Flash_22429,classe_6,6.4483985765124565,True
/content/drive/MyDrive/progetto_immunogold/patches/images/SA-MAG_X12k_JEM-1400 Flash_22429_x224_y224.png,SA-MAG_X12k_JEM-1400 Flash_22429,classe_6,6.4483985765124565,True
/content/drive/MyDrive/progetto_immunogold/patches/images/SA-MAG_X12k_JEM-1400 Flash_22429_x224_y448.png,SA-MAG_X12k_JEM-1400 Flash_22429,classe_6,6.4483985765124565,True
/content/drive/MyDrive/progetto_immunogold/patches/images/SA-MAG_X12k_JEM-1400 Flash_22429_x224_y672.png,SA-MAG_X12k_JEM-1400 Flash_22429,classe_6,6.4483985765124565,True
/content/drive/MyDrive/progetto_immunogold/patches/images/SA-MAG_X12k_JEM-1400 Flash_22429_x224_y896.png,SA-MAG_X12k_JEM-1400 Flash_22429,classe_6,6.4483985765124565,True
/content/drive/MyDrive/progetto_immunogold/patches/images/SA-MAG_X12k_JEM-1400 Flash_22429_x448_y0.png,SA-MAG_X12k_JEM-1400 Flash_22429,classe_6,6.4483985765124565,True
/content/drive/MyDrive/progetto_immunogold/patches/images/SA-MAG_X12k_JEM-1400 Flash_22429_x448_y1120.png,SA-MAG_X12k_JEM-1400 Flash_22429,classe_6,6.4483985765124565,True
/content/drive/MyDrive/progetto_immunogold/patches/images/SA-MAG_X12k_JEM-1400 Flash_22429_x448_y1344.png,SA-MAG_X12k_JEM-1400 Flash_22429,classe_6,6.4483985765124565,True
/content/drive/MyDrive/progetto_immunogold/patches/images/SA-MAG_X12k_JEM-1400 Flash_22429_x448_y1568.png,SA-MAG_X12k_JEM-1400 Flash_22429,classe_6,6.4483985765124565,True
/content/drive/MyDrive/progetto_immunogold/patches/images/SA-MAG_X12k_JEM-1400 Flash_22429_x448_y1792.png,SA-MAG_X12k_JEM-1400 Flash_22429,classe_6,6.4483985765124565,True
/content/drive/MyDrive/progetto_immunogold/patches/images/SA-MAG_X12k_JEM-1400 Flash_22429_x448_y224.png,SA-MAG_X12k_JEM-1400 Flash_22429,classe_6,6.4483985765124565,True
/content/drive/MyDrive/progetto_immunogold/patches/images/SA-MAG_X12k_JEM-1400 Flash_22429_x448_y448.png,SA-MAG_X12k_JEM-1400 Flash_22429,classe_6,6.4483985765124565,True
/content/drive/MyDrive/progetto_immunogold/patches/images/SA-MAG_X12k_JEM-1400 Flash_22429_x448_y672.png,SA-MAG_X12k_JEM-1400 Flash_22429,classe_6,6.4483985765124565,True
/content/drive/MyDrive/progetto_immunogold/patches/images/SA-MAG_X12k_JEM-1400 Flash_22429_x448_y896.png,SA-MAG_X12k_JEM-1400 Flash_22429,classe_6,6.4483985765124565,True
/content/drive/MyDrive/progetto_immunogold/patches/images/SA-MAG_X12k_JEM-1400 Flash_22429_x672_y0.png,SA-MAG_X12k_JEM-1400 Flash_22429,classe_6,6.4483985765124565,True
/content/drive/MyDrive/progetto_immunogold/patches/images/SA-MAG_X12k_JEM-1400 Flash_22429_x672_y1120.png,SA-MAG_X12k_JEM-1400 Flash_22429,classe_6,6.4483985765124565,True
/content/drive/MyDrive/progetto_immunogold/patches/images/SA-MAG_X12k_JEM-1400 Flash_22429_x672_y1344.png,SA-MAG_X12k_JEM-1400 Flash_22429,classe_6,6.4483985765124565,True
/content/drive/MyDrive/progetto_immunogold/patches/images/SA-MAG_X12k_JEM-1400 Flash_22429_x672_y1568.png,SA-MAG_X12k_JEM-1400 Flash_22429,classe_6,6.4483985765124565,True
/content/drive/MyDrive/progetto_immunogold/patches/images/SA-MAG_X12k_JEM-1400 Flash_22429_x672_y1792.png,SA-MAG_X12k_JEM-1400 Flash_22429,classe_6,6.4483985765124565,True
/content/drive/MyDrive/progetto_immunogold/patches/images/SA-MAG_X12k_JEM-1400 Flash_22429_x672_y224.png,SA-MAG_X12k_JEM-1400 Flash_22429,classe_6,6.4483985765124565,True
/content/drive/MyDrive/progetto_immunogold/patches/images/SA-MAG_X12k_JEM-1400 Flash_22429_x672_y448.png,SA-MAG_X12k_JEM-1400 Flash_22429,classe_6,6.4483985765124565,True
/content/drive/MyDrive/progetto_immunogold/patches/images/SA-MAG_X12k_JEM-1400 Flash_22429_x672_y672.png,SA-MAG_X12k_JEM-1400 Flash_22429,classe_6,6.4483985765124565,True
/content/drive/MyDrive/progetto_immunogold/patches/images/SA-MAG_X12k_JEM-1400 Flash_22429_x672_y896.png,SA-MAG_X12k_JEM-1400 Flash_22429,classe_6,6.4483985765124565,True
/content/drive/MyDrive/progetto_immunogold/patches/images/SA-MAG_X12k_JEM-1400 Flash_22429_x896_y0.png,SA-MAG_X12k_JEM-1400 Flash_22429,classe_6,6.4483985765124565,True
/content/drive/MyDrive/progetto_immunogold/patches/images/SA-MAG_X12k_JEM-1400 Flash_22429_x896_y1120.png,SA-MAG_X12k_JEM-1400 Flash_22429,classe_6,6.4483985765124565,True
/content/drive/MyDrive/progetto_immunogold/patches/images/SA-MAG_X12k_JEM-1400 Flash_22429_x896_y1344.png,SA-MAG_X12k_JEM-1400 Flash_22429,classe_6,6.4483985765124565,True
/content/drive/MyDrive/progetto_immunogold/patches/images/SA-MAG_X12k_JEM-1400 Flash_22429_x896_y1568.png,SA-MAG_X12k_JEM-1400 Flash_22429,classe_6,6.4483985765124565,True
/content/drive/MyDrive/progetto_immunogold/patches/images/SA-MAG_X12k_JEM-1400 Flash_22429_x896_y1792.png,SA-MAG_X12k_JEM-1400 Flash_22429,classe_6,6.4483985765124565,True
/content/drive/MyDrive/progetto_immunogold/patches/images/SA-MAG_X12k_JEM-1400 Flash_22429_x896_y224.png,SA-MAG_X12k_JEM-1400 Flash_22429,classe_6,6.4483985765124565,True
/content/drive/MyDrive/progetto_immunogold/patches/images/SA-MAG_X12k_JEM-1400 Flash_22429_x896_y448.png,SA-MAG_X12k_JEM-1400 Flash_22429,classe_6,6.4483985765124565,True
/content/drive/MyDrive/progetto_immunogold/patches/images/SA-MAG_X12k_JEM-1400 Flash_22429_x896_y672.png,SA-MAG_X12k_JEM-1400 Flash_22429,classe_6,6.4483985765124565,True
/content/drive/MyDrive/progetto_immunogold/patches/images/SA-MAG_X12k_JEM-1400 Flash_22429_x896_y896.png,SA-MAG_X12k_JEM-1400 Flash_22429,classe_6,6.4483985765124565,True
/content/drive/MyDrive/progetto_immunogold/patches/images/SA-MAG_X12k_JEM-1400 Flash_22484_x0_y0.png,SA-MAG_X12k_JEM-1400 Flash_22484,classe_6,6.4483985765124565,True
/content/drive/MyDrive/progetto_immunogold/patches/images/SA-MAG_X12k_JEM-1400 Flash_22484_x0_y1120.png,SA-MAG_X12k_JEM-1400 Flash_22484,classe_6,6.4483985765124565,True
/content/drive/MyDrive/progetto_immunogold/patches/images/SA-MAG_X12k_JEM-1400 Flash_22484_x0_y1344.png,SA-MAG_X12k_JEM-1400 Flash_22484,classe_6,6.4483985765124565,True
/content/drive/MyDrive/progetto_immunogold/patches/images/SA-MAG_X12k_JEM-1400 Flash_22484_x0_y1568.png,SA-MAG_X12k_JEM-1400 Flash_22484,classe_6,6.4483985765124565,True
/content/drive/MyDrive/progetto_immunogold/patches/images/SA-MAG_X12k_JEM-1400 Flash_22484_x0_y1792.png,SA-MAG_X12k_JEM-1400 Flash_22484,classe_6,6.4483985765124565,True
/content/drive/MyDrive/progetto_immunogold/patches/images/SA-MAG_X12k_JEM-1400 Flash_22484_x0_y224.png,SA-MAG_X12k_JEM-1400 Flash_22484,classe_6,6.4483985765124565,True
/content/drive/MyDrive/progetto_immunogold/patches/images/SA-MAG_X12k_JEM-1400 Flash_22484_x0_y448.png,SA-MAG_X12k_JEM-1400 Flash_22484,classe_6,6.4483985765124565,True
/content/drive/MyDrive/progetto_immunogold/patches/images/SA-MAG_X12k_JEM-1400 Flash_22484_x0_y672.png,SA-MAG_X12k_JEM-1400 Flash_22484,classe_6,6.4483985765124565,True
/content/drive/MyDrive/progetto_immunogold/patches/images/SA-MAG_X12k_JEM-1400 Flash_22484_x0_y896.png,SA-MAG_X12k_JEM-1400 Flash_22484,classe_6,6.4483985765124565,True
/content/drive/MyDrive/progetto_immunogold/patches/images/SA-MAG_X12k_JEM-1400 Flash_22484_x1120_y0.png,SA-MAG_X12k_JEM-1400 Flash_22484,classe_6,6.4483985765124565,True
/content/drive/MyDrive/progetto_immunogold/patches/images/SA-MAG_X12k_JEM-1400 Flash_22484_x1120_y1120.png,SA-MAG_X12k_JEM-1400 Flash_22484,classe_6,6.4483985765124565,True
/content/drive/MyDrive/progetto_immunogold/patches/images/SA-MAG_X12k_JEM-1400 Flash_22484_x1120_y1344.png,SA-MAG_X12k_JEM-1400 Flash_22484,classe_6,6.4483985765124565,True
/content/drive/MyDrive/progetto_immunogold/patches/images/SA-MAG_X12k_JEM-1400 Flash_22484_x1120_y1568.png,SA-MAG_X12k_JEM-1400 Flash_22484,classe_6,6.4483985765124565,True
/content/drive/MyDrive/progetto_immunogold/patches/images/SA-MAG_X12k_JEM-1400 Flash_22484_x1120_y1792.png,SA-MAG_X12k_JEM-1400 Flash_22484,classe_6,6.4483985765124565,True
/content/drive/MyDrive/progetto_immunogold/patches/images/SA-MAG_X12k_JEM-1400 Flash_22484_x1120_y224.png,SA-MAG_X12k_JEM-1400 Flash_22484,classe_6,6.4483985765124565,True
/content/drive/MyDrive/progetto_immunogold/patches/images/SA-MAG_X12k_JEM-1400 Flash_22484_x1120_y448.png,SA-MAG_X12k_JEM-1400 Flash_22484,classe_6,6.4483985765124565,True
/content/drive/MyDrive/progetto_immunogold/patches/images/SA-MAG_X12k_JEM-1400 Flash_22484_x1120_y672.png,SA-MAG_X12k_JEM-1400 Flash_22484,classe_6,6.4483985765124565,True
/content/drive/MyDrive/progetto_immunogold/patches/images/SA-MAG_X12k_JEM-1400 Flash_22484_x1120_y896.png,SA-MAG_X12k_JEM-1400 Flash_22484,classe_6,6.4483985765124565,True
/content/drive/MyDrive/progetto_immunogold/patches/images/SA-MAG_X12k_JEM-1400 Flash_22484_x1344_y0.png,SA-MAG_X12k_JEM-1400 Flash_22484,classe_6,6.4483985765124565,True
/content/drive/MyDrive/progetto_immunogold/patches/images/SA-MAG_X12k_JEM-1400 Flash_22484_x1344_y1120.png,SA-MAG_X12k_JEM-1400 Flash_22484,classe_6,6.4483985765124565,True
/content/drive/MyDrive/progetto_immunogold/patches/images/SA-MAG_X12k_JEM-1400 Flash_22484_x1344_y1344.png,SA-MAG_X12k_JEM-1400 Flash_22484,classe_6,6.4483985765124565,True
/content/drive/MyDrive/progetto_immunogold/patches/images/SA-MAG_X12k_JEM-1400 Flash_22484_x1344_y1568.png,SA-MAG_X12k_JEM-1400 Flash_22484,classe_6,6.4483985765124565,True
/content/drive/MyDrive/progetto_immunogold/patches/images/SA-MAG_X12k_JEM-1400 Flash_22484_x1344_y1792.png,SA-MAG_X12k_JEM-1400 Flash_22484,classe_6,6.4483985765124565,True
/content/drive/MyDrive/progetto_immunogold/patches/images/SA-MAG_X12k_JEM-1400 Flash_22484_x1344_y224.png,SA-MAG_X12k_JEM-1400 Flash_22484,classe_6,6.4483985765124565,True
/content/drive/MyDrive/progetto_immunogold/patches/images/SA-MAG_X12k_JEM-1400 Flash_22484_x1344_y448.png,SA-MAG_X12k_JEM-1400 Flash_22484,classe_6,6.4483985765124565,True
/content/drive/MyDrive/progetto_immunogold/patches/images/SA-MAG_X12k_JEM-1400 Flash_22484_x1344_y672.png,SA-MAG_X12k_JEM-1400 Flash_22484,classe_6,6.4483985765124565,True
/content/drive/MyDrive/progetto_immunogold/patches/images/SA-MAG_X12k_JEM-1400 Flash_22484_x1344_y896.png,SA-MAG_X12k_JEM-1400 Flash_22484,classe_6,6.4483985765124565,True
/content/drive/MyDrive/progetto_immunogold/patches/images/SA-MAG_X12k_JEM-1400 Flash_22484_x1568_y0.png,SA-MAG_X12k_JEM-1400 Flash_22484,classe_6,6.4483985765124565,True
/content/drive/MyDrive/progetto_immunogold/patches/images/SA-MAG_X12k_JEM-1400 Flash_22484_x1568_y1120.png,SA-MAG_X12k_JEM-1400 Flash_22484,classe_6,6.4483985765124565,True
/content/drive/MyDrive/progetto_immunogold/patches/images/SA-MAG_X12k_JEM-1400 Flash_22484_x1568_y1344.png,SA-MAG_X12k_JEM-1400 Flash_22484,classe_6,6.4483985765124565,True
/content/drive/MyDrive/progetto_immunogold/patches/images/SA-MAG_X12k_JEM-1400 Flash_22484_x1568_y1568.png,SA-MAG_X12k_JEM-1400 Flash_22484,classe_6,6.4483985765124565,True
/content/drive/MyDrive/progetto_immunogold/patches/images/SA-MAG_X12k_JEM-1400 Flash_22484_x1568_y1792.png,SA-MAG_X12k_JEM-1400 Flash_22484,classe_6,6.4483985765124565,True
/content/drive/MyDrive/progetto_immunogold/patches/images/SA-MAG_X12k_JEM-1400 Flash_22484_x1568_y224.png,SA-MAG_X12k_JEM-1400 Flash_22484,classe_6,6.4483985765124565,True
/content/drive/MyDrive/progetto_immunogold/patches/images/SA-MAG_X12k_JEM-1400 Flash_22484_x1568_y448.png,SA-MAG_X12k_JEM-1400 Flash_22484,classe_6,6.4483985765124565,True
/content/drive/MyDrive/progetto_immunogold/patches/images/SA-MAG_X12k_JEM-1400 Flash_22484_x1568_y672.png,SA-MAG_X12k_JEM-1400 Flash_22484,classe_6,6.4483985765124565,True
/content/drive/MyDrive/progetto_immunogold/patches/images/SA-MAG_X12k_JEM-1400 Flash_22484_x1568_y896.png,SA-MAG_X12k_JEM-1400 Flash_22484,classe_6,6.4483985765124565,True
/content/drive/MyDrive/progetto_immunogold/patches/images/SA-MAG_X12k_JEM-1400 Flash_22484_x1792_y0.png,SA-MAG_X12k_JEM-1400 Flash_22484,classe_6,6.4483985765124565,True
/content/drive/MyDrive/progetto_immunogold/patches/images/SA-MAG_X12k_JEM-1400 Flash_22484_x1792_y1120.png,SA-MAG_X12k_JEM-1400 Flash_22484,classe_6,6.4483985765124565,True
/content/drive/MyDrive/progetto_immunogold/patches/images/SA-MAG_X12k_JEM-1400 Flash_22484_x1792_y1344.png,SA-MAG_X12k_JEM-1400 Flash_22484,classe_6,6.4483985765124565,True
/content/drive/MyDrive/progetto_immunogold/patches/images/SA-MAG_X12k_JEM-1400 Flash_22484_x1792_y1568.png,SA-MAG_X12k_JEM-1400 Flash_22484,classe_6,6.4483985765124565,True
/content/drive/MyDrive/progetto_immunogold/patches/images/SA-MAG_X12k_JEM-1400 Flash_22484_x1792_y1792.png,SA-MAG_X12k_JEM-1400 Flash_22484,classe_6,6.4483985765124565,True
/content/drive/MyDrive/progetto_immunogold/patches/images/SA-MAG_X12k_JEM-1400 Flash_22484_x1792_y224.png,SA-MAG_X12k_JEM-1400 Flash_22484,classe_6,6.4483985765124565,True
/content/drive/MyDrive/progetto_immunogold/patches/images/SA-MAG_X12k_JEM-1400 Flash_22484_x1792_y448.png,SA-MAG_X12k_JEM-1400 Flash_22484,classe_6,6.4483985765124565,True
/content/drive/MyDrive/progetto_immunogold/patches/images/SA-MAG_X12k_JEM-1400 Flash_22484_x1792_y672.png,SA-MAG_X12k_JEM-1400 Flash_22484,classe_6,6.4483985765124565,True
/content/drive/MyDrive/progetto_immunogold/patches/images/SA-MAG_X12k_JEM-1400 Flash_22484_x1792_y896.png,SA-MAG_X12k_JEM-1400 Flash_22484,classe_6,6.4483985765124565,True
/content/drive/MyDrive/progetto_immunogold/patches/images/SA-MAG_X12k_JEM-1400 Flash_22484_x224_y0.png,SA-MAG_X12k_JEM-1400 Flash_22484,classe_6,6.4483985765124565,True
/content/drive/MyDrive/progetto_immunogold/patches/images/SA-MAG_X12k_JEM-1400 Flash_22484_x224_y1120.png,SA-MAG_X12k_JEM-1400 Flash_22484,classe_6,6.4483985765124565,True
/content/drive/MyDrive/progetto_immunogold/patches/images/SA-MAG_X12k_JEM-1400 Flash_22484_x224_y1344.png,SA-MAG_X12k_JEM-1400 Flash_22484,classe_6,6.4483985765124565,True
/content/drive/MyDrive/progetto_immunogold/patches/images/SA-MAG_X12k_JEM-1400 Flash_22484_x224_y1568.png,SA-MAG_X12k_JEM-1400 Flash_22484,classe_6,6.4483985765124565,True
/content/drive/MyDrive/progetto_immunogold/patches/images/SA-MAG_X12k_JEM-1400 Flash_22484_x224_y1792.png,SA-MAG_X12k_JEM-1400 Flash_22484,classe_6,6.4483985765124565,True
/content/drive/MyDrive/progetto_immunogold/patches/images/SA-MAG_X12k_JEM-1400 Flash_22484_x224_y224.png,SA-MAG_X12k_JEM-1400 Flash_22484,classe_6,6.4483985765124565,True
/content/drive/MyDrive/progetto_immunogold/patches/images/SA-MAG_X12k_JEM-1400 Flash_22484_x224_y448.png,SA-MAG_X12k_JEM-1400 Flash_22484,classe_6,6.4483985765124565,True
/content/drive/MyDrive/progetto_immunogold/patches/images/SA-MAG_X12k_JEM-1400 Flash_22484_x224_y672.png,SA-MAG_X12k_JEM-1400 Flash_22484,classe_6,6.4483985765124565,True
/content/drive/MyDrive/progetto_immunogold/patches/images/SA-MAG_X12k_JEM-1400 Flash_22484_x224_y896.png,SA-MAG_X12k_JEM-1400 Flash_22484,classe_6,6.4483985765124565,True
/content/drive/MyDrive/progetto_immunogold/patches/images/SA-MAG_X12k_JEM-1400 Flash_22484_x448_y0.png,SA-MAG_X12k_JEM-1400 Flash_22484,classe_6,6.4483985765124565,True
/content/drive/MyDrive/progetto_immunogold/patches/images/SA-MAG_X12k_JEM-1400 Flash_22484_x448_y1120.png,SA-MAG_X12k_JEM-1400 Flash_22484,classe_6,6.4483985765124565,True
/content/drive/MyDrive/progetto_immunogold/patches/images/SA-MAG_X12k_JEM-1400 Flash_22484_x448_y1344.png,SA-MAG_X12k_JEM-1400 Flash_22484,classe_6,6.4483985765124565,True
/content/drive/MyDrive/progetto_immunogold/patches/images/SA-MAG_X12k_JEM-1400 Flash_22484_x448_y1568.png,SA-MAG_X12k_JEM-1400 Flash_22484,classe_6,6.4483985765124565,True
/content/drive/MyDrive/progetto_immunogold/patches/images/SA-MAG_X12k_JEM-1400 Flash_22484_x448_y1792.png,SA-MAG_X12k_JEM-1400 Flash_22484,classe_6,6.4483985765124565,True
/content/drive/MyDrive/progetto_immunogold/patches/images/SA-MAG_X12k_JEM-1400 Flash_22484_x448_y224.png,SA-MAG_X12k_JEM-1400 Flash_22484,classe_6,6.4483985765124565,True
/content/drive/MyDrive/progetto_immunogold/patches/images/SA-MAG_X12k_JEM-1400 Flash_22484_x448_y448.png,SA-MAG_X12k_JEM-1400 Flash_22484,classe_6,6.4483985765124565,True
/content/drive/MyDrive/progetto_immunogold/patches/images/SA-MAG_X12k_JEM-1400 Flash_22484_x448_y672.png,SA-MAG_X12k_JEM-1400 Flash_22484,classe_6,6.4483985765124565,True
/content/drive/MyDrive/progetto_immunogold/patches/images/SA-MAG_X12k_JEM-1400 Flash_22484_x448_y896.png,SA-MAG_X12k_JEM-1400 Flash_22484,classe_6,6.4483985765124565,True
/content/drive/MyDrive/progetto_immunogold/patches/images/SA-MAG_X12k_JEM-1400 Flash_22484_x672_y0.png,SA-MAG_X12k_JEM-1400 Flash_22484,classe_6,6.4483985765124565,True
/content/drive/MyDrive/progetto_immunogold/patches/images/SA-MAG_X12k_JEM-1400 Flash_22484_x672_y1120.png,SA-MAG_X12k_JEM-1400 Flash_22484,classe_6,6.4483985765124565,True
/content/drive/MyDrive/progetto_immunogold/patches/images/SA-MAG_X12k_JEM-1400 Flash_22484_x672_y1344.png,SA-MAG_X12k_JEM-1400 Flash_22484,classe_6,6.4483985765124565,True
/content/drive/MyDrive/progetto_immunogold/patches/images/SA-MAG_X12k_JEM-1400 Flash_22484_x672_y1568.png,SA-MAG_X12k_JEM-1400 Flash_22484,classe_6,6.4483985765124565,True
/content/drive/MyDrive/progetto_immunogold/patches/images/SA-MAG_X12k_JEM-1400 Flash_22484_x672_y1792.png,SA-MAG_X12k_JEM-1400 Flash_22484,classe_6,6.4483985765124565,True
/content/drive/MyDrive/progetto_immunogold/patches/images/SA-MAG_X12k_JEM-1400 Flash_22484_x672_y224.png,SA-MAG_X12k_JEM-1400 Flash_22484,classe_6,6.4483985765124565,True
/content/drive/MyDrive/progetto_immunogold/patches/images/SA-MAG_X12k_JEM-1400 Flash_22484_x672_y448.png,SA-MAG_X12k_JEM-1400 Flash_22484,classe_6,6.4483985765124565,True
/content/drive/MyDrive/progetto_immunogold/patches/images/SA-MAG_X12k_JEM-1400 Flash_22484_x672_y672.png,SA-MAG_X12k_JEM-1400 Flash_22484,classe_6,6.4483985765124565,True
/content/drive/MyDrive/progetto_immunogold/patches/images/SA-MAG_X12k_JEM-1400 Flash_22484_x672_y896.png,SA-MAG_X12k_JEM-1400 Flash_22484,classe_6,6.4483985765124565,True
/content/drive/MyDrive/progetto_immunogold/patches/images/SA-MAG_X12k_JEM-1400 Flash_22484_x896_y0.png,SA-MAG_X12k_JEM-1400 Flash_22484,classe_6,6.4483985765124565,True
/content/drive/MyDrive/progetto_immunogold/patches/images/SA-MAG_X12k_JEM-1400 Flash_22484_x896_y1120.png,SA-MAG_X12k_JEM-1400 Flash_22484,classe_6,6.4483985765124565,True
/content/drive/MyDrive/progetto_immunogold/patches/images/SA-MAG_X12k_JEM-1400 Flash_22484_x896_y1344.png,SA-MAG_X12k_JEM-1400 Flash_22484,classe_6,6.4483985765124565,True
/content/drive/MyDrive/progetto_immunogold/patches/images/SA-MAG_X12k_JEM-1400 Flash_22484_x896_y1568.png,SA-MAG_X12k_JEM-1400 Flash_22484,classe_6,6.4483985765124565,True
/content/drive/MyDrive/progetto_immunogold/patches/images/SA-MAG_X12k_JEM-1400 Flash_22484_x896_y1792.png,SA-MAG_X12k_JEM-1400 Flash_22484,classe_6,6.4483985765124565,True
/content/drive/MyDrive/progetto_immunogold/patches/images/SA-MAG_X12k_JEM-1400 Flash_22484_x896_y224.png,SA-MAG_X12k_JEM-1400 Flash_22484,classe_6,6.4483985765124565,True
/content/drive/MyDrive/progetto_immunogold/patches/images/SA-MAG_X12k_JEM-1400 Flash_22484_x896_y448.png,SA-MAG_X12k_JEM-1400 Flash_22484,classe_6,6.4483985765124565,True
/content/drive/MyDrive/progetto_immunogold/patches/images/SA-MAG_X12k_JEM-1400 Flash_22484_x896_y672.png,SA-MAG_X12k_JEM-1400 Flash_22484,classe_6,6.4483985765124565,True
/content/drive/MyDrive/progetto_immunogold/patches/images/SA-MAG_X12k_JEM-1400 Flash_22484_x896_y896.png,SA-MAG_X12k_JEM-1400 Flash_22484,classe_6,6.4483985765124565,True
/content/drive/MyDrive/progetto_immunogold/patches/images/SA-MAG_X15k_JEM-1400 Flash_22427_x0_y0.png,SA-MAG_X15k_JEM-1400 Flash_22427,classe_5,8.204444444444444,True
/content/drive/MyDrive/progetto_immunogold/patches/images/SA-MAG_X15k_JEM-1400 Flash_22427_x0_y1120.png,SA-MAG_X15k_JEM-1400 Flash_22427,classe_5,8.204444444444444,True
/content/drive/MyDrive/progetto_immunogold/patches/images/SA-MAG_X15k_JEM-1400 Flash_22427_x0_y1344.png,SA-MAG_X15k_JEM-1400 Flash_22427,classe_5,8.204444444444444,True
/content/drive/MyDrive/progetto_immunogold/patches/images/SA-MAG_X15k_JEM-1400 Flash_22427_x0_y1568.png,SA-MAG_X15k_JEM-1400 Flash_22427,classe_5,8.204444444444444,True
/content/drive/MyDrive/progetto_immunogold/patches/images/SA-MAG_X15k_JEM-1400 Flash_22427_x0_y224.png,SA-MAG_X15k_JEM-1400 Flash_22427,classe_5,8.204444444444444,True
/content/drive/MyDrive/progetto_immunogold/patches/images/SA-MAG_X15k_JEM-1400 Flash_22427_x0_y448.png,SA-MAG_X15k_JEM-1400 Flash_22427,classe_5,8.204444444444444,True
/content/drive/MyDrive/progetto_immunogold/patches/images/SA-MAG_X15k_JEM-1400 Flash_22427_x0_y672.png,SA-MAG_X15k_JEM-1400 Flash_22427,classe_5,8.204444444444444,True
/content/drive/MyDrive/progetto_immunogold/patches/images/SA-MAG_X15k_JEM-1400 Flash_22427_x0_y896.png,SA-MAG_X15k_JEM-1400 Flash_22427,classe_5,8.204444444444444,True
/content/drive/MyDrive/progetto_immunogold/patches/images/SA-MAG_X15k_JEM-1400 Flash_22427_x1120_y0.png,SA-MAG_X15k_JEM-1400 Flash_22427,classe_5,8.204444444444444,True
/content/drive/MyDrive/progetto_immunogold/patches/images/SA-MAG_X15k_JEM-1400 Flash_22427_x1120_y1120.png,SA-MAG_X15k_JEM-1400 Flash_22427,classe_5,8.204444444444444,True
/content/drive/MyDrive/progetto_immunogold/patches/images/SA-MAG_X15k_JEM-1400 Flash_22427_x1120_y1344.png,SA-MAG_X15k_JEM-1400 Flash_22427,classe_5,8.204444444444444,True
/content/drive/MyDrive/progetto_immunogold/patches/images/SA-MAG_X15k_JEM-1400 Flash_22427_x1120_y1568.png,SA-MAG_X15k_JEM-1400 Flash_22427,classe_5,8.204444444444444,True
/content/drive/MyDrive/progetto_immunogold/patches/images/SA-MAG_X15k_JEM-1400 Flash_22427_x1120_y224.png,SA-MAG_X15k_JEM-1400 Flash_22427,classe_5,8.204444444444444,True
/content/drive/MyDrive/progetto_immunogold/patches/images/SA-MAG_X15k_JEM-1400 Flash_22427_x1120_y448.png,SA-MAG_X15k_JEM-1400 Flash_22427,classe_5,8.204444444444444,True
/content/drive/MyDrive/progetto_immunogold/patches/images/SA-MAG_X15k_JEM-1400 Flash_22427_x1120_y672.png,SA-MAG_X15k_JEM-1400 Flash_22427,classe_5,8.204444444444444,True
/content/drive/MyDrive/progetto_immunogold/patches/images/SA-MAG_X15k_JEM-1400 Flash_22427_x1120_y896.png,SA-MAG_X15k_JEM-1400 Flash_22427,classe_5,8.204444444444444,True
/content/drive/MyDrive/progetto_immunogold/patches/images/SA-MAG_X15k_JEM-1400 Flash_22427_x1344_y0.png,SA-MAG_X15k_JEM-1400 Flash_22427,classe_5,8.204444444444444,True
/content/drive/MyDrive/progetto_immunogold/patches/images/SA-MAG_X15k_JEM-1400 Flash_22427_x1344_y1120.png,SA-MAG_X15k_JEM-1400 Flash_22427,classe_5,8.204444444444444,True
/content/drive/MyDrive/progetto_immunogold/patches/images/SA-MAG_X15k_JEM-1400 Flash_22427_x1344_y1344.png,SA-MAG_X15k_JEM-1400 Flash_22427,classe_5,8.204444444444444,True
/content/drive/MyDrive/progetto_immunogold/patches/images/SA-MAG_X15k_JEM-1400 Flash_22427_x1344_y1568.png,SA-MAG_X15k_JEM-1400 Flash_22427,classe_5,8.204444444444444,True
/content/drive/MyDrive/progetto_immunogold/patches/images/SA-MAG_X15k_JEM-1400 Flash_22427_x1344_y224.png,SA-MAG_X15k_JEM-1400 Flash_22427,classe_5,8.204444444444444,True
/content/drive/MyDrive/progetto_immunogold/patches/images/SA-MAG_X15k_JEM-1400 Flash_22427_x1344_y448.png,SA-MAG_X15k_JEM-1400 Flash_22427,classe_5,8.204444444444444,True
/content/drive/MyDrive/progetto_immunogold/patches/images/SA-MAG_X15k_JEM-1400 Flash_22427_x1344_y672.png,SA-MAG_X15k_JEM-1400 Flash_22427,classe_5,8.204444444444444,True
/content/drive/MyDrive/progetto_immunogold/patches/images/SA-MAG_X15k_JEM-1400 Flash_22427_x1344_y896.png,SA-MAG_X15k_JEM-1400 Flash_22427,classe_5,8.204444444444444,True
/content/drive/MyDrive/progetto_immunogold/patches/images/SA-MAG_X15k_JEM-1400 Flash_22427_x1568_y0.png,SA-MAG_X15k_JEM-1400 Flash_22427,classe_5,8.204444444444444,True
/content/drive/MyDrive/progetto_immunogold/patches/images/SA-MAG_X15k_JEM-1400 Flash_22427_x1568_y1120.png,SA-MAG_X15k_JEM-1400 Flash_22427,classe_5,8.204444444444444,True
/content/drive/MyDrive/progetto_immunogold/patches/images/SA-MAG_X15k_JEM-1400 Flash_22427_x1568_y1344.png,SA-MAG_X15k_JEM-1400 Flash_22427,classe_5,8.204444444444444,True
/content/drive/MyDrive/progetto_immunogold/patches/images/SA-MAG_X15k_JEM-1400 Flash_22427_x1568_y1568.png,SA-MAG_X15k_JEM-1400 Flash_22427,classe_5,8.204444444444444,True
/content/drive/MyDrive/progetto_immunogold/patches/images/SA-MAG_X15k_JEM-1400 Flash_22427_x1568_y224.png,SA-MAG_X15k_JEM-1400 Flash_22427,classe_5,8.204444444444444,True
/content/drive/MyDrive/progetto_immunogold/patches/images/SA-MAG_X15k_JEM-1400 Flash_22427_x1568_y448.png,SA-MAG_X15k_JEM-1400 Flash_22427,classe_5,8.204444444444444,True
/content/drive/MyDrive/progetto_immunogold/patches/images/SA-MAG_X15k_JEM-1400 Flash_22427_x1568_y672.png,SA-MAG_X15k_JEM-1400 Flash_22427,classe_5,8.204444444444444,True
/content/drive/MyDrive/progetto_immunogold/patches/images/SA-MAG_X15k_JEM-1400 Flash_22427_x1568_y896.png,SA-MAG_X15k_JEM-1400 Flash_22427,classe_5,8.204444444444444,True
/content/drive/MyDrive/progetto_immunogold/patches/images/SA-MAG_X15k_JEM-1400 Flash_22427_x1792_y0.png,SA-MAG_X15k_JEM-1400 Flash_22427,classe_5,8.204444444444444,True
/content/drive/MyDrive/progetto_immunogold/patches/images/SA-MAG_X15k_JEM-1400 Flash_22427_x1792_y1120.png,SA-MAG_X15k_JEM-1400 Flash_22427,classe_5,8.204444444444444,True
/content/drive/MyDrive/progetto_immunogold/patches/images/SA-MAG_X15k_JEM-1400 Flash_22427_x1792_y1344.png,SA-MAG_X15k_JEM-1400 Flash_22427,classe_5,8.204444444444444,True
/content/drive/MyDrive/progetto_immunogold/patches/images/SA-MAG_X15k_JEM-1400 Flash_22427_x1792_y1568.png,SA-MAG_X15k_JEM-1400 Flash_22427,classe_5,8.204444444444444,True
/content/drive/MyDrive/progetto_immunogold/patches/images/SA-MAG_X15k_JEM-1400 Flash_22427_x1792_y224.png,SA-MAG_X15k_JEM-1400 Flash_22427,classe_5,8.204444444444444,True
/content/drive/MyDrive/progetto_immunogold/patches/images/SA-MAG_X15k_JEM-1400 Flash_22427_x1792_y448.png,SA-MAG_X15k_JEM-1400 Flash_22427,classe_5,8.204444444444444,True
/content/drive/MyDrive/progetto_immunogold/patches/images/SA-MAG_X15k_JEM-1400 Flash_22427_x1792_y672.png,SA-MAG_X15k_JEM-1400 Flash_22427,classe_5,8.204444444444444,True
/content/drive/MyDrive/progetto_immunogold/patches/images/SA-MAG_X15k_JEM-1400 Flash_22427_x1792_y896.png,SA-MAG_X15k_JEM-1400 Flash_22427,classe_5,8.204444444444444,True
/content/drive/MyDrive/progetto_immunogold/patches/images/SA-MAG_X15k_JEM-1400 Flash_22427_x224_y0.png,SA-MAG_X15k_JEM-1400 Flash_22427,classe_5,8.204444444444444,True
/content/drive/MyDrive/progetto_immunogold/patches/images/SA-MAG_X15k_JEM-1400 Flash_22427_x224_y1120.png,SA-MAG_X15k_JEM-1400 Flash_22427,classe_5,8.204444444444444,True
/content/drive/MyDrive/progetto_immunogold/patches/images/SA-MAG_X15k_JEM-1400 Flash_22427_x224_y1344.png,SA-MAG_X15k_JEM-1400 Flash_22427,classe_5,8.204444444444444,True
/content/drive/MyDrive/progetto_immunogold/patches/images/SA-MAG_X15k_JEM-1400 Flash_22427_x224_y1568.png,SA-MAG_X15k_JEM-1400 Flash_22427,classe_5,8.204444444444444,True
/content/drive/MyDrive/progetto_immunogold/patches/images/SA-MAG_X15k_JEM-1400 Flash_22427_x224_y224.png,SA-MAG_X15k_JEM-1400 Flash_22427,classe_5,8.204444444444444,True
/content/drive/MyDrive/progetto_immunogold/patches/images/SA-MAG_X15k_JEM-1400 Flash_22427_x224_y448.png,SA-MAG_X15k_JEM-1400 Flash_22427,classe_5,8.204444444444444,True
/content/drive/MyDrive/progetto_immunogold/patches/images/SA-MAG_X15k_JEM-1400 Flash_22427_x224_y672.png,SA-MAG_X15k_JEM-1400 Flash_22427,classe_5,8.204444444444444,True
/content/drive/MyDrive/progetto_immunogold/patches/images/SA-MAG_X15k_JEM-1400 Flash_22427_x224_y896.png,SA-MAG_X15k_JEM-1400 Flash_22427,classe_5,8.204444444444444,True
/content/drive/MyDrive/progetto_immunogold/patches/images/SA-MAG_X15k_JEM-1400 Flash_22427_x448_y0.png,SA-MAG_X15k_JEM-1400 Flash_22427,classe_5,8.204444444444444,True
/content/drive/MyDrive/progetto_immunogold/patches/images/SA-MAG_X15k_JEM-1400 Flash_22427_x448_y1120.png,SA-MAG_X15k_JEM-1400 Flash_22427,classe_5,8.204444444444444,True
/content/drive/MyDrive/progetto_immunogold/patches/images/SA-MAG_X15k_JEM-1400 Flash_22427_x448_y1344.png,SA-MAG_X15k_JEM-1400 Flash_22427,classe_5,8.204444444444444,True
/content/drive/MyDrive/progetto_immunogold/patches/images/SA-MAG_X15k_JEM-1400 Flash_22427_x448_y1568.png,SA-MAG_X15k_JEM-1400 Flash_22427,classe_5,8.204444444444444,True
/content/drive/MyDrive/progetto_immunogold/patches/images/SA-MAG_X15k_JEM-1400 Flash_22427_x448_y224.png,SA-MAG_X15k_JEM-1400 Flash_22427,classe_5,8.204444444444444,True
/content/drive/MyDrive/progetto_immunogold/patches/images/SA-MAG_X15k_JEM-1400 Flash_22427_x448_y448.png,SA-MAG_X15k_JEM-1400 Flash_22427,classe_5,8.204444444444444,True
/content/drive/MyDrive/progetto_immunogold/patches/images/SA-MAG_X15k_JEM-1400 Flash_22427_x448_y672.png,SA-MAG_X15k_JEM-1400 Flash_22427,classe_5,8.204444444444444,True
/content/drive/MyDrive/progetto_immunogold/patches/images/SA-MAG_X15k_JEM-1400 Flash_22427_x448_y896.png,SA-MAG_X15k_JEM-1400 Flash_22427,classe_5,8.204444444444444,True
/content/drive/MyDrive/progetto_immunogold/patches/images/SA-MAG_X15k_JEM-1400 Flash_22427_x672_y0.png,SA-MAG_X15k_JEM-1400 Flash_22427,classe_5,8.204444444444444,True
/content/drive/MyDrive/progetto_immunogold/patches/images/SA-MAG_X15k_JEM-1400 Flash_22427_x672_y1120.png,SA-MAG_X15k_JEM-1400 Flash_22427,classe_5,8.204444444444444,True
/content/drive/MyDrive/progetto_immunogold/patches/images/SA-MAG_X15k_JEM-1400 Flash_22427_x672_y1344.png,SA-MAG_X15k_JEM-1400 Flash_22427,classe_5,8.204444444444444,True
/content/drive/MyDrive/progetto_immunogold/patches/images/SA-MAG_X15k_JEM-1400 Flash_22427_x672_y1568.png,SA-MAG_X15k_JEM-1400 Flash_22427,classe_5,8.204444444444444,True
/content/drive/MyDrive/progetto_immunogold/patches/images/SA-MAG_X15k_JEM-1400 Flash_22427_x672_y224.png,SA-MAG_X15k_JEM-1400 Flash_22427,classe_5,8.204444444444444,True
/content/drive/MyDrive/progetto_immunogold/patches/images/SA-MAG_X15k_JEM-1400 Flash_22427_x672_y448.png,SA-MAG_X15k_JEM-1400 Flash_22427,classe_5,8.204444444444444,True
/content/drive/MyDrive/progetto_immunogold/patches/images/SA-MAG_X15k_JEM-1400 Flash_22427_x672_y672.png,SA-MAG_X15k_JEM-1400 Flash_22427,classe_5,8.204444444444444,True
/content/drive/MyDrive/progetto_immunogold/patches/images/SA-MAG_X15k_JEM-1400 Flash_22427_x672_y896.png,SA-MAG_X15k_JEM-1400 Flash_22427,classe_5,8.204444444444444,True
/content/drive/MyDrive/progetto_immunogold/patches/images/SA-MAG_X15k_JEM-1400 Flash_22427_x896_y0.png,SA-MAG_X15k_JEM-1400 Flash_22427,classe_5,8.204444444444444,True
/content/drive/MyDrive/progetto_immunogold/patches/images/SA-MAG_X15k_JEM-1400 Flash_22427_x896_y1120.png,SA-MAG_X15k_JEM-1400 Flash_22427,classe_5,8.204444444444444,True
/content/drive/MyDrive/progetto_immunogold/patches/images/SA-MAG_X15k_JEM-1400 Flash_22427_x896_y1344.png,SA-MAG_X15k_JEM-1400 Flash_22427,classe_5,8.204444444444444,True
/content/drive/MyDrive/progetto_immunogold/patches/images/SA-MAG_X15k_JEM-1400 Flash_22427_x896_y1568.png,SA-MAG_X15k_JEM-1400 Flash_22427,classe_5,8.204444444444444,True
/content/drive/MyDrive/progetto_immunogold/patches/images/SA-MAG_X15k_JEM-1400 Flash_22427_x896_y224.png,SA-MAG_X15k_JEM-1400 Flash_22427,classe_5,8.204444444444444,True
/content/drive/MyDrive/progetto_immunogold/patches/images/SA-MAG_X15k_JEM-1400 Flash_22427_x896_y448.png,SA-MAG_X15k_JEM-1400 Flash_22427,classe_5,8.204444444444444,True
/content/drive/MyDrive/progetto_immunogold/patches/images/SA-MAG_X15k_JEM-1400 Flash_22427_x896_y672.png,SA-MAG_X15k_JEM-1400 Flash_22427,classe_5,8.204444444444444,True
/content/drive/MyDrive/progetto_immunogold/patches/images/SA-MAG_X15k_JEM-1400 Flash_22427_x896_y896.png,SA-MAG_X15k_JEM-1400 Flash_22427,classe_5,8.204444444444444,True
/content/drive/MyDrive/progetto_immunogold/patches/images/SA-MAG_X15k_JEM-1400 Flash_22478_x0_y0.png,SA-MAG_X15k_JEM-1400 Flash_22478,classe_5,8.204444444444444,True
/content/drive/MyDrive/progetto_immunogold/patches/images/SA-MAG_X15k_JEM-1400 Flash_22478_x0_y1120.png,SA-MAG_X15k_JEM-1400 Flash_22478,classe_5,8.204444444444444,True
/content/drive/MyDrive/progetto_immunogold/patches/images/SA-MAG_X15k_JEM-1400 Flash_22478_x0_y1344.png,SA-MAG_X15k_JEM-1400 Flash_22478,classe_5,8.204444444444444,True
/content/drive/MyDrive/progetto_immunogold/patches/images/SA-MAG_X15k_JEM-1400 Flash_22478_x0_y1568.png,SA-MAG_X15k_JEM-1400 Flash_22478,classe_5,8.204444444444444,True
/content/drive/MyDrive/progetto_immunogold/patches/images/SA-MAG_X15k_JEM-1400 Flash_22478_x0_y1792.png,SA-MAG_X15k_JEM-1400 Flash_22478,classe_5,8.204444444444444,True
/content/drive/MyDrive/progetto_immunogold/patches/images/SA-MAG_X15k_JEM-1400 Flash_22478_x0_y224.png,SA-MAG_X15k_JEM-1400 Flash_22478,classe_5,8.204444444444444,True
/content/drive/MyDrive/progetto_immunogold/patches/images/SA-MAG_X15k_JEM-1400 Flash_22478_x0_y448.png,SA-MAG_X15k_JEM-1400 Flash_22478,classe_5,8.204444444444444,True
/content/drive/MyDrive/progetto_immunogold/patches/images/SA-MAG_X15k_JEM-1400 Flash_22478_x0_y672.png,SA-MAG_X15k_JEM-1400 Flash_22478,classe_5,8.204444444444444,True
/content/drive/MyDrive/progetto_immunogold/patches/images/SA-MAG_X15k_JEM-1400 Flash_22478_x0_y896.png,SA-MAG_X15k_JEM-1400 Flash_22478,classe_5,8.204444444444444,True
/content/drive/MyDrive/progetto_immunogold/patches/images/SA-MAG_X15k_JEM-1400 Flash_22478_x1120_y0.png,SA-MAG_X15k_JEM-1400 Flash_22478,classe_5,8.204444444444444,True
/content/drive/MyDrive/progetto_immunogold/patches/images/SA-MAG_X15k_JEM-1400 Flash_22478_x1120_y1120.png,SA-MAG_X15k_JEM-1400 Flash_22478,classe_5,8.204444444444444,True
/content/drive/MyDrive/progetto_immunogold/patches/images/SA-MAG_X15k_JEM-1400 Flash_22478_x1120_y1344.png,SA-MAG_X15k_JEM-1400 Flash_22478,classe_5,8.204444444444444,True
/content/drive/MyDrive/progetto_immunogold/patches/images/SA-MAG_X15k_JEM-1400 Flash_22478_x1120_y1568.png,SA-MAG_X15k_JEM-1400 Flash_22478,classe_5,8.204444444444444,True
/content/drive/MyDrive/progetto_immunogold/patches/images/SA-MAG_X15k_JEM-1400 Flash_22478_x1120_y1792.png,SA-MAG_X15k_JEM-1400 Flash_22478,classe_5,8.204444444444444,True
/content/drive/MyDrive/progetto_immunogold/patches/images/SA-MAG_X15k_JEM-1400 Flash_22478_x1120_y224.png,SA-MAG_X15k_JEM-1400 Flash_22478,classe_5,8.204444444444444,True
/content/drive/MyDrive/progetto_immunogold/patches/images/SA-MAG_X15k_JEM-1400 Flash_22478_x1120_y448.png,SA-MAG_X15k_JEM-1400 Flash_22478,classe_5,8.204444444444444,True
/content/drive/MyDrive/progetto_immunogold/patches/images/SA-MAG_X15k_JEM-1400 Flash_22478_x1120_y672.png,SA-MAG_X15k_JEM-1400 Flash_22478,classe_5,8.204444444444444,True
/content/drive/MyDrive/progetto_immunogold/patches/images/SA-MAG_X15k_JEM-1400 Flash_22478_x1120_y896.png,SA-MAG_X15k_JEM-1400 Flash_22478,classe_5,8.204444444444444,True
/content/drive/MyDrive/progetto_immunogold/patches/images/SA-MAG_X15k_JEM-1400 Flash_22478_x1344_y0.png,SA-MAG_X15k_JEM-1400 Flash_22478,classe_5,8.204444444444444,True
/content/drive/MyDrive/progetto_immunogold/patches/images/SA-MAG_X15k_JEM-1400 Flash_22478_x1344_y1120.png,SA-MAG_X15k_JEM-1400 Flash_22478,classe_5,8.204444444444444,True
/content/drive/MyDrive/progetto_immunogold/patches/images/SA-MAG_X15k_JEM-1400 Flash_22478_x1344_y1344.png,SA-MAG_X15k_JEM-1400 Flash_22478,classe_5,8.204444444444444,True
/content/drive/MyDrive/progetto_immunogold/patches/images/SA-MAG_X15k_JEM-1400 Flash_22478_x1344_y1568.png,SA-MAG_X15k_JEM-1400 Flash_22478,classe_5,8.204444444444444,True
/content/drive/MyDrive/progetto_immunogold/patches/images/SA-MAG_X15k_JEM-1400 Flash_22478_x1344_y1792.png,SA-MAG_X15k_JEM-1400 Flash_22478,classe_5,8.204444444444444,True
/content/drive/MyDrive/progetto_immunogold/patches/images/SA-MAG_X15k_JEM-1400 Flash_22478_x1344_y224.png,SA-MAG_X15k_JEM-1400 Flash_22478,classe_5,8.204444444444444,True
/content/drive/MyDrive/progetto_immunogold/patches/images/SA-MAG_X15k_JEM-1400 Flash_22478_x1344_y448.png,SA-MAG_X15k_JEM-1400 Flash_22478,classe_5,8.204444444444444,True
/content/drive/MyDrive/progetto_immunogold/patches/images/SA-MAG_X15k_JEM-1400 Flash_22478_x1344_y672.png,SA-MAG_X15k_JEM-1400 Flash_22478,classe_5,8.204444444444444,True
/content/drive/MyDrive/progetto_immunogold/patches/images/SA-MAG_X15k_JEM-1400 Flash_22478_x1344_y896.png,SA-MAG_X15k_JEM-1400 Flash_22478,classe_5,8.204444444444444,True
/content/drive/MyDrive/progetto_immunogold/patches/images/SA-MAG_X15k_JEM-1400 Flash_22478_x1568_y0.png,SA-MAG_X15k_JEM-1400 Flash_22478,classe_5,8.204444444444444,True
/content/drive/MyDrive/progetto_immunogold/patches/images/SA-MAG_X15k_JEM-1400 Flash_22478_x1568_y1120.png,SA-MAG_X15k_JEM-1400 Flash_22478,classe_5,8.204444444444444,True
/content/drive/MyDrive/progetto_immunogold/patches/images/SA-MAG_X15k_JEM-1400 Flash_22478_x1568_y1344.png,SA-MAG_X15k_JEM-1400 Flash_22478,classe_5,8.204444444444444,True
/content/drive/MyDrive/progetto_immunogold/patches/images/SA-MAG_X15k_JEM-1400 Flash_22478_x1568_y1568.png,SA-MAG_X15k_JEM-1400 Flash_22478,classe_5,8.204444444444444,True
/content/drive/MyDrive/progetto_immunogold/patches/images/SA-MAG_X15k_JEM-1400 Flash_22478_x1568_y1792.png,SA-MAG_X15k_JEM-1400 Flash_22478,classe_5,8.204444444444444,True
/content/drive/MyDrive/progetto_immunogold/patches/images/SA-MAG_X15k_JEM-1400 Flash_22478_x1568_y224.png,SA-MAG_X15k_JEM-1400 Flash_22478,classe_5,8.204444444444444,True
/content/drive/MyDrive/progetto_immunogold/patches/images/SA-MAG_X15k_JEM-1400 Flash_22478_x1568_y448.png,SA-MAG_X15k_JEM-1400 Flash_22478,classe_5,8.204444444444444,True
/content/drive/MyDrive/progetto_immunogold/patches/images/SA-MAG_X15k_JEM-1400 Flash_22478_x1568_y672.png,SA-MAG_X15k_JEM-1400 Flash_22478,classe_5,8.204444444444444,True
/content/drive/MyDrive/progetto_immunogold/patches/images/SA-MAG_X15k_JEM-1400 Flash_22478_x1568_y896.png,SA-MAG_X15k_JEM-1400 Flash_22478,classe_5,8.204444444444444,True
/content/drive/MyDrive/progetto_immunogold/patches/images/SA-MAG_X15k_JEM-1400 Flash_22478_x1792_y0.png,SA-MAG_X15k_JEM-1400 Flash_22478,classe_5,8.204444444444444,True
/content/drive/MyDrive/progetto_immunogold/patches/images/SA-MAG_X15k_JEM-1400 Flash_22478_x1792_y1120.png,SA-MAG_X15k_JEM-1400 Flash_22478,classe_5,8.204444444444444,True
/content/drive/MyDrive/progetto_immunogold/patches/images/SA-MAG_X15k_JEM-1400 Flash_22478_x1792_y1344.png,SA-MAG_X15k_JEM-1400 Flash_22478,classe_5,8.204444444444444,True
/content/drive/MyDrive/progetto_immunogold/patches/images/SA-MAG_X15k_JEM-1400 Flash_22478_x1792_y1568.png,SA-MAG_X15k_JEM-1400 Flash_22478,classe_5,8.204444444444444,True
/content/drive/MyDrive/progetto_immunogold/patches/images/SA-MAG_X15k_JEM-1400 Flash_22478_x1792_y1792.png,SA-MAG_X15k_JEM-1400 Flash_22478,classe_5,8.204444444444444,True
/content/drive/MyDrive/progetto_immunogold/patches/images/SA-MAG_X15k_JEM-1400 Flash_22478_x1792_y224.png,SA-MAG_X15k_JEM-1400 Flash_22478,classe_5,8.204444444444444,True
/content/drive/MyDrive/progetto_immunogold/patches/images/SA-MAG_X15k_JEM-1400 Flash_22478_x1792_y448.png,SA-MAG_X15k_JEM-1400 Flash_22478,classe_5,8.204444444444444,True
/content/drive/MyDrive/progetto_immunogold/patches/images/SA-MAG_X15k_JEM-1400 Flash_22478_x1792_y672.png,SA-MAG_X15k_JEM-1400 Flash_22478,classe_5,8.204444444444444,True
/content/drive/MyDrive/progetto_immunogold/patches/images/SA-MAG_X15k_JEM-1400 Flash_22478_x1792_y896.png,SA-MAG_X15k_JEM-1400 Flash_22478,classe_5,8.204444444444444,True
/content/drive/MyDrive/progetto_immunogold/patches/images/SA-MAG_X15k_JEM-1400 Flash_22478_x224_y0.png,SA-MAG_X15k_JEM-1400 Flash_22478,classe_5,8.204444444444444,True
/content/drive/MyDrive/progetto_immunogold/patches/images/SA-MAG_X15k_JEM-1400 Flash_22478_x224_y1120.png,SA-MAG_X15k_JEM-1400 Flash_22478,classe_5,8.204444444444444,True
/content/drive/MyDrive/progetto_immunogold/patches/images/SA-MAG_X15k_JEM-1400 Flash_22478_x224_y1344.png,SA-MAG_X15k_JEM-1400 Flash_22478,classe_5,8.204444444444444,True
/content/drive/MyDrive/progetto_immunogold/patches/images/SA-MAG_X15k_JEM-1400 Flash_22478_x224_y1568.png,SA-MAG_X15k_JEM-1400 Flash_22478,classe_5,8.204444444444444,True
/content/drive/MyDrive/progetto_immunogold/patches/images/SA-MAG_X15k_JEM-1400 Flash_22478_x224_y1792.png,SA-MAG_X15k_JEM-1400 Flash_22478,classe_5,8.204444444444444,True
/content/drive/MyDrive/progetto_immunogold/patches/images/SA-MAG_X15k_JEM-1400 Flash_22478_x224_y224.png,SA-MAG_X15k_JEM-1400 Flash_22478,classe_5,8.204444444444444,True
/content/drive/MyDrive/progetto_immunogold/patches/images/SA-MAG_X15k_JEM-1400 Flash_22478_x224_y448.png,SA-MAG_X15k_JEM-1400 Flash_22478,classe_5,8.204444444444444,True
/content/drive/MyDrive/progetto_immunogold/patches/images/SA-MAG_X15k_JEM-1400 Flash_22478_x224_y672.png,SA-MAG_X15k_JEM-1400 Flash_22478,classe_5,8.204444444444444,True
/content/drive/MyDrive/progetto_immunogold/patches/images/SA-MAG_X15k_JEM-1400 Flash_22478_x224_y896.png,SA-MAG_X15k_JEM-1400 Flash_22478,classe_5,8.204444444444444,True
/content/drive/MyDrive/progetto_immunogold/patches/images/SA-MAG_X15k_JEM-1400 Flash_22478_x448_y0.png,SA-MAG_X15k_JEM-1400 Flash_22478,classe_5,8.204444444444444,True
/content/drive/MyDrive/progetto_immunogold/patches/images/SA-MAG_X15k_JEM-1400 Flash_22478_x448_y1120.png,SA-MAG_X15k_JEM-1400 Flash_22478,classe_5,8.204444444444444,True
/content/drive/MyDrive/progetto_immunogold/patches/images/SA-MAG_X15k_JEM-1400 Flash_22478_x448_y1344.png,SA-MAG_X15k_JEM-1400 Flash_22478,classe_5,8.204444444444444,True
/content/drive/MyDrive/progetto_immunogold/patches/images/SA-MAG_X15k_JEM-1400 Flash_22478_x448_y1568.png,SA-MAG_X15k_JEM-1400 Flash_22478,classe_5,8.204444444444444,True
/content/drive/MyDrive/progetto_immunogold/patches/images/SA-MAG_X15k_JEM-1400 Flash_22478_x448_y1792.png,SA-MAG_X15k_JEM-1400 Flash_22478,classe_5,8.204444444444444,True
/content/drive/MyDrive/progetto_immunogold/patches/images/SA-MAG_X15k_JEM-1400 Flash_22478_x448_y224.png,SA-MAG_X15k_JEM-1400 Flash_22478,classe_5,8.204444444444444,True
/content/drive/MyDrive/progetto_immunogold/patches/images/SA-MAG_X15k_JEM-1400 Flash_22478_x448_y448.png,SA-MAG_X15k_JEM-1400 Flash_22478,classe_5,8.204444444444444,True
/content/drive/MyDrive/progetto_immunogold/patches/images/SA-MAG_X15k_JEM-1400 Flash_22478_x448_y672.png,SA-MAG_X15k_JEM-1400 Flash_22478,classe_5,8.204444444444444,True
/content/drive/MyDrive/progetto_immunogold/patches/images/SA-MAG_X15k_JEM-1400 Flash_22478_x448_y896.png,SA-MAG_X15k_JEM-1400 Flash_22478,classe_5,8.204444444444444,True
/content/drive/MyDrive/progetto_immunogold/patches/images/SA-MAG_X15k_JEM-1400 Flash_22478_x672_y0.png,SA-MAG_X15k_JEM-1400 Flash_22478,classe_5,8.204444444444444,True
/content/drive/MyDrive/progetto_immunogold/patches/images/SA-MAG_X15k_JEM-1400 Flash_22478_x672_y1120.png,SA-MAG_X15k_JEM-1400 Flash_22478,classe_5,8.204444444444444,True
/content/drive/MyDrive/progetto_immunogold/patches/images/SA-MAG_X15k_JEM-1400 Flash_22478_x672_y1344.png,SA-MAG_X15k_JEM-1400 Flash_22478,classe_5,8.204444444444444,True
/content/drive/MyDrive/progetto_immunogold/patches/images/SA-MAG_X15k_JEM-1400 Flash_22478_x672_y1568.png,SA-MAG_X15k_JEM-1400 Flash_22478,classe_5,8.204444444444444,True
/content/drive/MyDrive/progetto_immunogold/patches/images/SA-MAG_X15k_JEM-1400 Flash_22478_x672_y1792.png,SA-MAG_X15k_JEM-1400 Flash_22478,classe_5,8.204444444444444,True
/content/drive/MyDrive/progetto_immunogold/patches/images/SA-MAG_X15k_JEM-1400 Flash_22478_x672_y224.png,SA-MAG_X15k_JEM-1400 Flash_22478,classe_5,8.204444444444444,True
/content/drive/MyDrive/progetto_immunogold/patches/images/SA-MAG_X15k_JEM-1400 Flash_22478_x672_y448.png,SA-MAG_X15k_JEM-1400 Flash_22478,classe_5,8.204444444444444,True
/content/drive/MyDrive/progetto_immunogold/patches/images/SA-MAG_X15k_JEM-1400 Flash_22478_x672_y672.png,SA-MAG_X15k_JEM-1400 Flash_22478,classe_5,8.204444444444444,True
/content/drive/MyDrive/progetto_immunogold/patches/images/SA-MAG_X15k_JEM-1400 Flash_22478_x672_y896.png,SA-MAG_X15k_JEM-1400 Flash_22478,classe_5,8.204444444444444,True
/content/drive/MyDrive/progetto_immunogold/patches/images/SA-MAG_X15k_JEM-1400 Flash_22478_x896_y0.png,SA-MAG_X15k_JEM-1400 Flash_22478,classe_5,8.204444444444444,True
/content/drive/MyDrive/progetto_immunogold/patches/images/SA-MAG_X15k_JEM-1400 Flash_22478_x896_y1120.png,SA-MAG_X15k_JEM-1400 Flash_22478,classe_5,8.204444444444444,True
/content/drive/MyDrive/progetto_immunogold/patches/images/SA-MAG_X15k_JEM-1400 Flash_22478_x896_y1344.png,SA-MAG_X15k_JEM-1400 Flash_22478,classe_5,8.204444444444444,True
/content/drive/MyDrive/progetto_immunogold/patches/images/SA-MAG_X15k_JEM-1400 Flash_22478_x896_y1568.png,SA-MAG_X15k_JEM-1400 Flash_22478,classe_5,8.204444444444444,True
/content/drive/MyDrive/progetto_immunogold/patches/images/SA-MAG_X15k_JEM-1400 Flash_22478_x896_y1792.png,SA-MAG_X15k_JEM-1400 Flash_22478,classe_5,8.204444444444444,True
/content/drive/MyDrive/progetto_immunogold/patches/images/SA-MAG_X15k_JEM-1400 Flash_22478_x896_y224.png,SA-MAG_X15k_JEM-1400 Flash_22478,classe_5,8.204444444444444,True
/content/drive/MyDrive/progetto_immunogold/patches/images/SA-MAG_X15k_JEM-1400 Flash_22478_x896_y448.png,SA-MAG_X15k_JEM-1400 Flash_22478,classe_5,8.204444444444444,True
/content/drive/MyDrive/progetto_immunogold/patches/images/SA-MAG_X15k_JEM-1400 Flash_22478_x896_y672.png,SA-MAG_X15k_JEM-1400 Flash_22478,classe_5,8.204444444444444,True
/content/drive/MyDrive/progetto_immunogold/patches/images/SA-MAG_X15k_JEM-1400 Flash_22478_x896_y896.png,SA-MAG_X15k_JEM-1400 Flash_22478,classe_5,8.204444444444444,True
/content/drive/MyDrive/progetto_immunogold/patches/images/SA-MAG_X15k_JEM-1400 Flash_22598_x0_y0.png,SA-MAG_X15k_JEM-1400 Flash_22598,classe_5,8.204444444444444,True
/content/drive/MyDrive/progetto_immunogold/patches/images/SA-MAG_X15k_JEM-1400 Flash_22598_x0_y1120.png,SA-MAG_X15k_JEM-1400 Flash_22598,classe_5,8.204444444444444,True
/content/drive/MyDrive/progetto_immunogold/patches/images/SA-MAG_X15k_JEM-1400 Flash_22598_x0_y1344.png,SA-MAG_X15k_JEM-1400 Flash_22598,classe_5,8.204444444444444,True
/content/drive/MyDrive/progetto_immunogold/patches/images/SA-MAG_X15k_JEM-1400 Flash_22598_x0_y1568.png,SA-MAG_X15k_JEM-1400 Flash_22598,classe_5,8.204444444444444,True
/content/drive/MyDrive/progetto_immunogold/patches/images/SA-MAG_X15k_JEM-1400 Flash_22598_x0_y1792.png,SA-MAG_X15k_JEM-1400 Flash_22598,classe_5,8.204444444444444,True
/content/drive/MyDrive/progetto_immunogold/patches/images/SA-MAG_X15k_JEM-1400 Flash_22598_x0_y224.png,SA-MAG_X15k_JEM-1400 Flash_22598,classe_5,8.204444444444444,True
/content/drive/MyDrive/progetto_immunogold/patches/images/SA-MAG_X15k_JEM-1400 Flash_22598_x0_y448.png,SA-MAG_X15k_JEM-1400 Flash_22598,classe_5,8.204444444444444,True
/content/drive/MyDrive/progetto_immunogold/patches/images/SA-MAG_X15k_JEM-1400 Flash_22598_x0_y672.png,SA-MAG_X15k_JEM-1400 Flash_22598,classe_5,8.204444444444444,True
/content/drive/MyDrive/progetto_immunogold/patches/images/SA-MAG_X15k_JEM-1400 Flash_22598_x0_y896.png,SA-MAG_X15k_JEM-1400 Flash_22598,classe_5,8.204444444444444,True
/content/drive/MyDrive/progetto_immunogold/patches/images/SA-MAG_X15k_JEM-1400 Flash_22598_x1120_y0.png,SA-MAG_X15k_JEM-1400 Flash_22598,classe_5,8.204444444444444,True
/content/drive/MyDrive/progetto_immunogold/patches/images/SA-MAG_X15k_JEM-1400 Flash_22598_x1120_y1120.png,SA-MAG_X15k_JEM-1400 Flash_22598,classe_5,8.204444444444444,True
/content/drive/MyDrive/progetto_immunogold/patches/images/SA-MAG_X15k_JEM-1400 Flash_22598_x1120_y1344.png,SA-MAG_X15k_JEM-1400 Flash_22598,classe_5,8.204444444444444,True
/content/drive/MyDrive/progetto_immunogold/patches/images/SA-MAG_X15k_JEM-1400 Flash_22598_x1120_y1568.png,SA-MAG_X15k_JEM-1400 Flash_22598,classe_5,8.204444444444444,True
/content/drive/MyDrive/progetto_immunogold/patches/images/SA-MAG_X15k_JEM-1400 Flash_22598_x1120_y1792.png,SA-MAG_X15k_JEM-1400 Flash_22598,classe_5,8.204444444444444,True
/content/drive/MyDrive/progetto_immunogold/patches/images/SA-MAG_X15k_JEM-1400 Flash_22598_x1120_y224.png,SA-MAG_X15k_JEM-1400 Flash_22598,classe_5,8.204444444444444,True
/content/drive/MyDrive/progetto_immunogold/patches/images/SA-MAG_X15k_JEM-1400 Flash_22598_x1120_y448.png,SA-MAG_X15k_JEM-1400 Flash_22598,classe_5,8.204444444444444,True
/content/drive/MyDrive/progetto_immunogold/patches/images/SA-MAG_X15k_JEM-1400 Flash_22598_x1120_y672.png,SA-MAG_X15k_JEM-1400 Flash_22598,classe_5,8.204444444444444,True
/content/drive/MyDrive/progetto_immunogold/patches/images/SA-MAG_X15k_JEM-1400 Flash_22598_x1120_y896.png,SA-MAG_X15k_JEM-1400 Flash_22598,classe_5,8.204444444444444,True
/content/drive/MyDrive/progetto_immunogold/patches/images/SA-MAG_X15k_JEM-1400 Flash_22598_x1344_y0.png,SA-MAG_X15k_JEM-1400 Flash_22598,classe_5,8.204444444444444,True
/content/drive/MyDrive/progetto_immunogold/patches/images/SA-MAG_X15k_JEM-1400 Flash_22598_x1344_y1120.png,SA-MAG_X15k_JEM-1400 Flash_22598,classe_5,8.204444444444444,True
/content/drive/MyDrive/progetto_immunogold/patches/images/SA-MAG_X15k_JEM-1400 Flash_22598_x1344_y1344.png,SA-MAG_X15k_JEM-1400 Flash_22598,classe_5,8.204444444444444,True
/content/drive/MyDrive/progetto_immunogold/patches/images/SA-MAG_X15k_JEM-1400 Flash_22598_x1344_y1568.png,SA-MAG_X15k_JEM-1400 Flash_22598,classe_5,8.204444444444444,True
/content/drive/MyDrive/progetto_immunogold/patches/images/SA-MAG_X15k_JEM-1400 Flash_22598_x1344_y1792.png,SA-MAG_X15k_JEM-1400 Flash_22598,classe_5,8.204444444444444,True
/content/drive/MyDrive/progetto_immunogold/patches/images/SA-MAG_X15k_JEM-1400 Flash_22598_x1344_y224.png,SA-MAG_X15k_JEM-1400 Flash_22598,classe_5,8.204444444444444,True
/content/drive/MyDrive/progetto_immunogold/patches/images/SA-MAG_X15k_JEM-1400 Flash_22598_x1344_y448.png,SA-MAG_X15k_JEM-1400 Flash_22598,classe_5,8.204444444444444,True
/content/drive/MyDrive/progetto_immunogold/patches/images/SA-MAG_X15k_JEM-1400 Flash_22598_x1344_y672.png,SA-MAG_X15k_JEM-1400 Flash_22598,classe_5,8.204444444444444,True
/content/drive/MyDrive/progetto_immunogold/patches/images/SA-MAG_X15k_JEM-1400 Flash_22598_x1344_y896.png,SA-MAG_X15k_JEM-1400 Flash_22598,classe_5,8.204444444444444,True
/content/drive/MyDrive/progetto_immunogold/patches/images/SA-MAG_X15k_JEM-1400 Flash_22598_x1568_y0.png,SA-MAG_X15k_JEM-1400 Flash_22598,classe_5,8.204444444444444,True
/content/drive/MyDrive/progetto_immunogold/patches/images/SA-MAG_X15k_JEM-1400 Flash_22598_x1568_y1120.png,SA-MAG_X15k_JEM-1400 Flash_22598,classe_5,8.204444444444444,True
/content/drive/MyDrive/progetto_immunogold/patches/images/SA-MAG_X15k_JEM-1400 Flash_22598_x1568_y1344.png,SA-MAG_X15k_JEM-1400 Flash_22598,classe_5,8.204444444444444,True
/content/drive/MyDrive/progetto_immunogold/patches/images/SA-MAG_X15k_JEM-1400 Flash_22598_x1568_y1568.png,SA-MAG_X15k_JEM-1400 Flash_22598,classe_5,8.204444444444444,True
/content/drive/MyDrive/progetto_immunogold/patches/images/SA-MAG_X15k_JEM-1400 Flash_22598_x1568_y1792.png,SA-MAG_X15k_JEM-1400 Flash_22598,classe_5,8.204444444444444,True
/content/drive/MyDrive/progetto_immunogold/patches/images/SA-MAG_X15k_JEM-1400 Flash_22598_x1568_y224.png,SA-MAG_X15k_JEM-1400 Flash_22598,classe_5,8.204444444444444,True
/content/drive/MyDrive/progetto_immunogold/patches/images/SA-MAG_X15k_JEM-1400 Flash_22598_x1568_y448.png,SA-MAG_X15k_JEM-1400 Flash_22598,classe_5,8.204444444444444,True
/content/drive/MyDrive/progetto_immunogold/patches/images/SA-MAG_X15k_JEM-1400 Flash_22598_x1568_y672.png,SA-MAG_X15k_JEM-1400 Flash_22598,classe_5,8.204444444444444,True
/content/drive/MyDrive/progetto_immunogold/patches/images/SA-MAG_X15k_JEM-1400 Flash_22598_x1568_y896.png,SA-MAG_X15k_JEM-1400 Flash_22598,classe_5,8.204444444444444,True
/content/drive/MyDrive/progetto_immunogold/patches/images/SA-MAG_X15k_JEM-1400 Flash_22598_x1792_y0.png,SA-MAG_X15k_JEM-1400 Flash_22598,classe_5,8.204444444444444,True
/content/drive/MyDrive/progetto_immunogold/patches/images/SA-MAG_X15k_JEM-1400 Flash_22598_x1792_y1120.png,SA-MAG_X15k_JEM-1400 Flash_22598,classe_5,8.204444444444444,True
/content/drive/MyDrive/progetto_immunogold/patches/images/SA-MAG_X15k_JEM-1400 Flash_22598_x1792_y1344.png,SA-MAG_X15k_JEM-1400 Flash_22598,classe_5,8.204444444444444,True
/content/drive/MyDrive/progetto_immunogold/patches/images/SA-MAG_X15k_JEM-1400 Flash_22598_x1792_y1568.png,SA-MAG_X15k_JEM-1400 Flash_22598,classe_5,8.204444444444444,True
/content/drive/MyDrive/progetto_immunogold/patches/images/SA-MAG_X15k_JEM-1400 Flash_22598_x1792_y1792.png,SA-MAG_X15k_JEM-1400 Flash_22598,classe_5,8.204444444444444,True
/content/drive/MyDrive/progetto_immunogold/patches/images/SA-MAG_X15k_JEM-1400 Flash_22598_x1792_y224.png,SA-MAG_X15k_JEM-1400 Flash_22598,classe_5,8.204444444444444,True
/content/drive/MyDrive/progetto_immunogold/patches/images/SA-MAG_X15k_JEM-1400 Flash_22598_x1792_y448.png,SA-MAG_X15k_JEM-1400 Flash_22598,classe_5,8.204444444444444,True
/content/drive/MyDrive/progetto_immunogold/patches/images/SA-MAG_X15k_JEM-1400 Flash_22598_x1792_y672.png,SA-MAG_X15k_JEM-1400 Flash_22598,classe_5,8.204444444444444,True
/content/drive/MyDrive/progetto_immunogold/patches/images/SA-MAG_X15k_JEM-1400 Flash_22598_x1792_y896.png,SA-MAG_X15k_JEM-1400 Flash_22598,classe_5,8.204444444444444,True
/content/drive/MyDrive/progetto_immunogold/patches/images/SA-MAG_X15k_JEM-1400 Flash_22598_x224_y0.png,SA-MAG_X15k_JEM-1400 Flash_22598,classe_5,8.204444444444444,True
/content/drive/MyDrive/progetto_immunogold/patches/images/SA-MAG_X15k_JEM-1400 Flash_22598_x224_y1120.png,SA-MAG_X15k_JEM-1400 Flash_22598,classe_5,8.204444444444444,True
/content/drive/MyDrive/progetto_immunogold/patches/images/SA-MAG_X15k_JEM-1400 Flash_22598_x224_y1344.png,SA-MAG_X15k_JEM-1400 Flash_22598,classe_5,8.204444444444444,True
/content/drive/MyDrive/progetto_immunogold/patches/images/SA-MAG_X15k_JEM-1400 Flash_22598_x224_y1568.png,SA-MAG_X15k_JEM-1400 Flash_22598,classe_5,8.204444444444444,True
/content/drive/MyDrive/progetto_immunogold/patches/images/SA-MAG_X15k_JEM-1400 Flash_22598_x224_y1792.png,SA-MAG_X15k_JEM-1400 Flash_22598,classe_5,8.204444444444444,True
/content/drive/MyDrive/progetto_immunogold/patches/images/SA-MAG_X15k_JEM-1400 Flash_22598_x224_y224.png,SA-MAG_X15k_JEM-1400 Flash_22598,classe_5,8.204444444444444,True
/content/drive/MyDrive/progetto_immunogold/patches/images/SA-MAG_X15k_JEM-1400 Flash_22598_x224_y448.png,SA-MAG_X15k_JEM-1400 Flash_22598,classe_5,8.204444444444444,True
/content/drive/MyDrive/progetto_immunogold/patches/images/SA-MAG_X15k_JEM-1400 Flash_22598_x224_y672.png,SA-MAG_X15k_JEM-1400 Flash_22598,classe_5,8.204444444444444,True
/content/drive/MyDrive/progetto_immunogold/patches/images/SA-MAG_X15k_JEM-1400 Flash_22598_x224_y896.png,SA-MAG_X15k_JEM-1400 Flash_22598,classe_5,8.204444444444444,True
/content/drive/MyDrive/progetto_immunogold/patches/images/SA-MAG_X15k_JEM-1400 Flash_22598_x448_y0.png,SA-MAG_X15k_JEM-1400 Flash_22598,classe_5,8.204444444444444,True
/content/drive/MyDrive/progetto_immunogold/patches/images/SA-MAG_X15k_JEM-1400 Flash_22598_x448_y1120.png,SA-MAG_X15k_JEM-1400 Flash_22598,classe_5,8.204444444444444,True
/content/drive/MyDrive/progetto_immunogold/patches/images/SA-MAG_X15k_JEM-1400 Flash_22598_x448_y1344.png,SA-MAG_X15k_JEM-1400 Flash_22598,classe_5,8.204444444444444,True
/content/drive/MyDrive/progetto_immunogold/patches/images/SA-MAG_X15k_JEM-1400 Flash_22598_x448_y1568.png,SA-MAG_X15k_JEM-1400 Flash_22598,classe_5,8.204444444444444,True
/content/drive/MyDrive/progetto_immunogold/patches/images/SA-MAG_X15k_JEM-1400 Flash_22598_x448_y1792.png,SA-MAG_X15k_JEM-1400 Flash_22598,classe_5,8.204444444444444,True
/content/drive/MyDrive/progetto_immunogold/patches/images/SA-MAG_X15k_JEM-1400 Flash_22598_x448_y224.png,SA-MAG_X15k_JEM-1400 Flash_22598,classe_5,8.204444444444444,True
/content/drive/MyDrive/progetto_immunogold/patches/images/SA-MAG_X15k_JEM-1400 Flash_22598_x448_y448.png,SA-MAG_X15k_JEM-1400 Flash_22598,classe_5,8.204444444444444,True
/content/drive/MyDrive/progetto_immunogold/patches/images/SA-MAG_X15k_JEM-1400 Flash_22598_x448_y672.png,SA-MAG_X15k_JEM-1400 Flash_22598,classe_5,8.204444444444444,True
/content/drive/MyDrive/progetto_immunogold/patches/images/SA-MAG_X15k_JEM-1400 Flash_22598_x448_y896.png,SA-MAG_X15k_JEM-1400 Flash_22598,classe_5,8.204444444444444,True
/content/drive/MyDrive/progetto_immunogold/patches/images/SA-MAG_X15k_JEM-1400 Flash_22598_x672_y0.png,SA-MAG_X15k_JEM-1400 Flash_22598,classe_5,8.204444444444444,True
/content/drive/MyDrive/progetto_immunogold/patches/images/SA-MAG_X15k_JEM-1400 Flash_22598_x672_y1120.png,SA-MAG_X15k_JEM-1400 Flash_22598,classe_5,8.204444444444444,True
/content/drive/MyDrive/progetto_immunogold/patches/images/SA-MAG_X15k_JEM-1400 Flash_22598_x672_y1344.png,SA-MAG_X15k_JEM-1400 Flash_22598,classe_5,8.204444444444444,True
/content/drive/MyDrive/progetto_immunogold/patches/images/SA-MAG_X15k_JEM-1400 Flash_22598_x672_y1568.png,SA-MAG_X15k_JEM-1400 Flash_22598,classe_5,8.204444444444444,True
/content/drive/MyDrive/progetto_immunogold/patches/images/SA-MAG_X15k_JEM-1400 Flash_22598_x672_y1792.png,SA-MAG_X15k_JEM-1400 Flash_22598,classe_5,8.204444444444444,True
/content/drive/MyDrive/progetto_immunogold/patches/images/SA-MAG_X15k_JEM-1400 Flash_22598_x672_y224.png,SA-MAG_X15k_JEM-1400 Flash_22598,classe_5,8.204444444444444,True
/content/drive/MyDrive/progetto_immunogold/patches/images/SA-MAG_X15k_JEM-1400 Flash_22598_x672_y448.png,SA-MAG_X15k_JEM-1400 Flash_22598,classe_5,8.204444444444444,True
/content/drive/MyDrive/progetto_immunogold/patches/images/SA-MAG_X15k_JEM-1400 Flash_22598_x672_y672.png,SA-MAG_X15k_JEM-1400 Flash_22598,classe_5,8.204444444444444,True
/content/drive/MyDrive/progetto_immunogold/patches/images/SA-MAG_X15k_JEM-1400 Flash_22598_x672_y896.png,SA-MAG_X15k_JEM-1400 Flash_22598,classe_5,8.204444444444444,True
/content/drive/MyDrive/progetto_immunogold/patches/images/SA-MAG_X15k_JEM-1400 Flash_22598_x896_y0.png,SA-MAG_X15k_JEM-1400 Flash_22598,classe_5,8.204444444444444,True
/content/drive/MyDrive/progetto_immunogold/patches/images/SA-MAG_X15k_JEM-1400 Flash_22598_x896_y1120.png,SA-MAG_X15k_JEM-1400 Flash_22598,classe_5,8.204444444444444,True
/content/drive/MyDrive/progetto_immunogold/patches/images/SA-MAG_X15k_JEM-1400 Flash_22598_x896_y1344.png,SA-MAG_X15k_JEM-1400 Flash_22598,classe_5,8.204444444444444,True
/content/drive/MyDrive/progetto_immunogold/patches/images/SA-MAG_X15k_JEM-1400 Flash_22598_x896_y1568.png,SA-MAG_X15k_JEM-1400 Flash_22598,classe_5,8.204444444444444,True
/content/drive/MyDrive/progetto_immunogold/patches/images/SA-MAG_X15k_JEM-1400 Flash_22598_x896_y1792.png,SA-MAG_X15k_JEM-1400 Flash_22598,classe_5,8.204444444444444,True
/content/drive/MyDrive/progetto_immunogold/patches/images/SA-MAG_X15k_JEM-1400 Flash_22598_x896_y224.png,SA-MAG_X15k_JEM-1400 Flash_22598,classe_5,8.204444444444444,True
/content/drive/MyDrive/progetto_immunogold/patches/images/SA-MAG_X15k_JEM-1400 Flash_22598_x896_y448.png,SA-MAG_X15k_JEM-1400 Flash_22598,classe_5,8.204444444444444,True
/content/drive/MyDrive/progetto_immunogold/patches/images/SA-MAG_X15k_JEM-1400 Flash_22598_x896_y672.png,SA-MAG_X15k_JEM-1400 Flash_22598,classe_5,8.204444444444444,True
/content/drive/MyDrive/progetto_immunogold/patches/images/SA-MAG_X15k_JEM-1400 Flash_22598_x896_y896.png,SA-MAG_X15k_JEM-1400 Flash_22598,classe_5,8.204444444444444,True
/content/drive/MyDrive/progetto_immunogold/patches/images/SA-MAG_X20k_JEM-1400 Flash_22447_x0_y0.png,SA-MAG_X20k_JEM-1400 Flash_22447,classe_4,7.3017751479289945,True
/content/drive/MyDrive/progetto_immunogold/patches/images/SA-MAG_X20k_JEM-1400 Flash_22447_x0_y1120.png,SA-MAG_X20k_JEM-1400 Flash_22447,classe_4,7.3017751479289945,True
/content/drive/MyDrive/progetto_immunogold/patches/images/SA-MAG_X20k_JEM-1400 Flash_22447_x0_y1344.png,SA-MAG_X20k_JEM-1400 Flash_22447,classe_4,7.3017751479289945,True
/content/drive/MyDrive/progetto_immunogold/patches/images/SA-MAG_X20k_JEM-1400 Flash_22447_x0_y1568.png,SA-MAG_X20k_JEM-1400 Flash_22447,classe_4,7.3017751479289945,True
/content/drive/MyDrive/progetto_immunogold/patches/images/SA-MAG_X20k_JEM-1400 Flash_22447_x0_y224.png,SA-MAG_X20k_JEM-1400 Flash_22447,classe_4,7.3017751479289945,True
/content/drive/MyDrive/progetto_immunogold/patches/images/SA-MAG_X20k_JEM-1400 Flash_22447_x0_y448.png,SA-MAG_X20k_JEM-1400 Flash_22447,classe_4,7.3017751479289945,True
/content/drive/MyDrive/progetto_immunogold/patches/images/SA-MAG_X20k_JEM-1400 Flash_22447_x0_y672.png,SA-MAG_X20k_JEM-1400 Flash_22447,classe_4,7.3017751479289945,True
/content/drive/MyDrive/progetto_immunogold/patches/images/SA-MAG_X20k_JEM-1400 Flash_22447_x0_y896.png,SA-MAG_X20k_JEM-1400 Flash_22447,classe_4,7.3017751479289945,True
/content/drive/MyDrive/progetto_immunogold/patches/images/SA-MAG_X20k_JEM-1400 Flash_22447_x1120_y0.png,SA-MAG_X20k_JEM-1400 Flash_22447,classe_4,7.3017751479289945,True
/content/drive/MyDrive/progetto_immunogold/patches/images/SA-MAG_X20k_JEM-1400 Flash_22447_x1120_y1120.png,SA-MAG_X20k_JEM-1400 Flash_22447,classe_4,7.3017751479289945,True
/content/drive/MyDrive/progetto_immunogold/patches/images/SA-MAG_X20k_JEM-1400 Flash_22447_x1120_y1344.png,SA-MAG_X20k_JEM-1400 Flash_22447,classe_4,7.3017751479289945,True
/content/drive/MyDrive/progetto_immunogold/patches/images/SA-MAG_X20k_JEM-1400 Flash_22447_x1120_y1568.png,SA-MAG_X20k_JEM-1400 Flash_22447,classe_4,7.3017751479289945,True
/content/drive/MyDrive/progetto_immunogold/patches/images/SA-MAG_X20k_JEM-1400 Flash_22447_x1120_y224.png,SA-MAG_X20k_JEM-1400 Flash_22447,classe_4,7.3017751479289945,True
/content/drive/MyDrive/progetto_immunogold/patches/images/SA-MAG_X20k_JEM-1400 Flash_22447_x1120_y448.png,SA-MAG_X20k_JEM-1400 Flash_22447,classe_4,7.3017751479289945,True
/content/drive/MyDrive/progetto_immunogold/patches/images/SA-MAG_X20k_JEM-1400 Flash_22447_x1120_y672.png,SA-MAG_X20k_JEM-1400 Flash_22447,classe_4,7.3017751479289945,True
/content/drive/MyDrive/progetto_immunogold/patches/images/SA-MAG_X20k_JEM-1400 Flash_22447_x1120_y896.png,SA-MAG_X20k_JEM-1400 Flash_22447,classe_4,7.3017751479289945,True
/content/drive/MyDrive/progetto_immunogold/patches/images/SA-MAG_X20k_JEM-1400 Flash_22447_x1344_y0.png,SA-MAG_X20k_JEM-1400 Flash_22447,classe_4,7.3017751479289945,True
/content/drive/MyDrive/progetto_immunogold/patches/images/SA-MAG_X20k_JEM-1400 Flash_22447_x1344_y1120.png,SA-MAG_X20k_JEM-1400 Flash_22447,classe_4,7.3017751479289945,True
/content/drive/MyDrive/progetto_immunogold/patches/images/SA-MAG_X20k_JEM-1400 Flash_22447_x1344_y1344.png,SA-MAG_X20k_JEM-1400 Flash_22447,classe_4,7.3017751479289945,True
/content/drive/MyDrive/progetto_immunogold/patches/images/SA-MAG_X20k_JEM-1400 Flash_22447_x1344_y1568.png,SA-MAG_X20k_JEM-1400 Flash_22447,classe_4,7.3017751479289945,True
/content/drive/MyDrive/progetto_immunogold/patches/images/SA-MAG_X20k_JEM-1400 Flash_22447_x1344_y224.png,SA-MAG_X20k_JEM-1400 Flash_22447,classe_4,7.3017751479289945,True
/content/drive/MyDrive/progetto_immunogold/patches/images/SA-MAG_X20k_JEM-1400 Flash_22447_x1344_y448.png,SA-MAG_X20k_JEM-1400 Flash_22447,classe_4,7.3017751479289945,True
/content/drive/MyDrive/progetto_immunogold/patches/images/SA-MAG_X20k_JEM-1400 Flash_22447_x1344_y672.png,SA-MAG_X20k_JEM-1400 Flash_22447,classe_4,7.3017751479289945,True
/content/drive/MyDrive/progetto_immunogold/patches/images/SA-MAG_X20k_JEM-1400 Flash_22447_x1344_y896.png,SA-MAG_X20k_JEM-1400 Flash_22447,classe_4,7.3017751479289945,True
/content/drive/MyDrive/progetto_immunogold/patches/images/SA-MAG_X20k_JEM-1400 Flash_22447_x1568_y0.png,SA-MAG_X20k_JEM-1400 Flash_22447,classe_4,7.3017751479289945,True
/content/drive/MyDrive/progetto_immunogold/patches/images/SA-MAG_X20k_JEM-1400 Flash_22447_x1568_y1120.png,SA-MAG_X20k_JEM-1400 Flash_22447,classe_4,7.3017751479289945,True
/content/drive/MyDrive/progetto_immunogold/patches/images/SA-MAG_X20k_JEM-1400 Flash_22447_x1568_y1344.png,SA-MAG_X20k_JEM-1400 Flash_22447,classe_4,7.3017751479289945,True
/content/drive/MyDrive/progetto_immunogold/patches/images/SA-MAG_X20k_JEM-1400 Flash_22447_x1568_y1568.png,SA-MAG_X20k_JEM-1400 Flash_22447,classe_4,7.3017751479289945,True
/content/drive/MyDrive/progetto_immunogold/patches/images/SA-MAG_X20k_JEM-1400 Flash_22447_x1568_y224.png,SA-MAG_X20k_JEM-1400 Flash_22447,classe_4,7.3017751479289945,True
/content/drive/MyDrive/progetto_immunogold/patches/images/SA-MAG_X20k_JEM-1400 Flash_22447_x1568_y448.png,SA-MAG_X20k_JEM-1400 Flash_22447,classe_4,7.3017751479289945,True
/content/drive/MyDrive/progetto_immunogold/patches/images/SA-MAG_X20k_JEM-1400 Flash_22447_x1568_y672.png,SA-MAG_X20k_JEM-1400 Flash_22447,classe_4,7.3017751479289945,True
/content/drive/MyDrive/progetto_immunogold/patches/images/SA-MAG_X20k_JEM-1400 Flash_22447_x1568_y896.png,SA-MAG_X20k_JEM-1400 Flash_22447,classe_4,7.3017751479289945,True
/content/drive/MyDrive/progetto_immunogold/patches/images/SA-MAG_X20k_JEM-1400 Flash_22447_x224_y0.png,SA-MAG_X20k_JEM-1400 Flash_22447,classe_4,7.3017751479289945,True
/content/drive/MyDrive/progetto_immunogold/patches/images/SA-MAG_X20k_JEM-1400 Flash_22447_x224_y1120.png,SA-MAG_X20k_JEM-1400 Flash_22447,classe_4,7.3017751479289945,True
/content/drive/MyDrive/progetto_immunogold/patches/images/SA-MAG_X20k_JEM-1400 Flash_22447_x224_y1344.png,SA-MAG_X20k_JEM-1400 Flash_22447,classe_4,7.3017751479289945,True
/content/drive/MyDrive/progetto_immunogold/patches/images/SA-MAG_X20k_JEM-1400 Flash_22447_x224_y1568.png,SA-MAG_X20k_JEM-1400 Flash_22447,classe_4,7.3017751479289945,True
/content/drive/MyDrive/progetto_immunogold/patches/images/SA-MAG_X20k_JEM-1400 Flash_22447_x224_y224.png,SA-MAG_X20k_JEM-1400 Flash_22447,classe_4,7.3017751479289945,True
/content/drive/MyDrive/progetto_immunogold/patches/images/SA-MAG_X20k_JEM-1400 Flash_22447_x224_y448.png,SA-MAG_X20k_JEM-1400 Flash_22447,classe_4,7.3017751479289945,True
/content/drive/MyDrive/progetto_immunogold/patches/images/SA-MAG_X20k_JEM-1400 Flash_22447_x224_y672.png,SA-MAG_X20k_JEM-1400 Flash_22447,classe_4,7.3017751479289945,True
/content/drive/MyDrive/progetto_immunogold/patches/images/SA-MAG_X20k_JEM-1400 Flash_22447_x224_y896.png,SA-MAG_X20k_JEM-1400 Flash_22447,classe_4,7.3017751479289945,True
/content/drive/MyDrive/progetto_immunogold/patches/images/SA-MAG_X20k_JEM-1400 Flash_22447_x448_y0.png,SA-MAG_X20k_JEM-1400 Flash_22447,classe_4,7.3017751479289945,True
/content/drive/MyDrive/progetto_immunogold/patches/images/SA-MAG_X20k_JEM-1400 Flash_22447_x448_y1120.png,SA-MAG_X20k_JEM-1400 Flash_22447,classe_4,7.3017751479289945,True
/content/drive/MyDrive/progetto_immunogold/patches/images/SA-MAG_X20k_JEM-1400 Flash_22447_x448_y1344.png,SA-MAG_X20k_JEM-1400 Flash_22447,classe_4,7.3017751479289945,True
/content/drive/MyDrive/progetto_immunogold/patches/images/SA-MAG_X20k_JEM-1400 Flash_22447_x448_y1568.png,SA-MAG_X20k_JEM-1400 Flash_22447,classe_4,7.3017751479289945,True
/content/drive/MyDrive/progetto_immunogold/patches/images/SA-MAG_X20k_JEM-1400 Flash_22447_x448_y224.png,SA-MAG_X20k_JEM-1400 Flash_22447,classe_4,7.3017751479289945,True
/content/drive/MyDrive/progetto_immunogold/patches/images/SA-MAG_X20k_JEM-1400 Flash_22447_x448_y448.png,SA-MAG_X20k_JEM-1400 Flash_22447,classe_4,7.3017751479289945,True
/content/drive/MyDrive/progetto_immunogold/patches/images/SA-MAG_X20k_JEM-1400 Flash_22447_x448_y672.png,SA-MAG_X20k_JEM-1400 Flash_22447,classe_4,7.3017751479289945,True
/content/drive/MyDrive/progetto_immunogold/patches/images/SA-MAG_X20k_JEM-1400 Flash_22447_x448_y896.png,SA-MAG_X20k_JEM-1400 Flash_22447,classe_4,7.3017751479289945,True
/content/drive/MyDrive/progetto_immunogold/patches/images/SA-MAG_X20k_JEM-1400 Flash_22447_x672_y0.png,SA-MAG_X20k_JEM-1400 Flash_22447,classe_4,7.3017751479289945,True
/content/drive/MyDrive/progetto_immunogold/patches/images/SA-MAG_X20k_JEM-1400 Flash_22447_x672_y1120.png,SA-MAG_X20k_JEM-1400 Flash_22447,classe_4,7.3017751479289945,True
/content/drive/MyDrive/progetto_immunogold/patches/images/SA-MAG_X20k_JEM-1400 Flash_22447_x672_y1344.png,SA-MAG_X20k_JEM-1400 Flash_22447,classe_4,7.3017751479289945,True
/content/drive/MyDrive/progetto_immunogold/patches/images/SA-MAG_X20k_JEM-1400 Flash_22447_x672_y1568.png,SA-MAG_X20k_JEM-1400 Flash_22447,classe_4,7.3017751479289945,True
/content/drive/MyDrive/progetto_immunogold/patches/images/SA-MAG_X20k_JEM-1400 Flash_22447_x672_y224.png,SA-MAG_X20k_JEM-1400 Flash_22447,classe_4,7.3017751479289945,True
/content/drive/MyDrive/progetto_immunogold/patches/images/SA-MAG_X20k_JEM-1400 Flash_22447_x672_y448.png,SA-MAG_X20k_JEM-1400 Flash_22447,classe_4,7.3017751479289945,True
/content/drive/MyDrive/progetto_immunogold/patches/images/SA-MAG_X20k_JEM-1400 Flash_22447_x672_y672.png,SA-MAG_X20k_JEM-1400 Flash_22447,classe_4,7.3017751479289945,True
/content/drive/MyDrive/progetto_immunogold/patches/images/SA-MAG_X20k_JEM-1400 Flash_22447_x672_y896.png,SA-MAG_X20k_JEM-1400 Flash_22447,classe_4,7.3017751479289945,True
/content/drive/MyDrive/progetto_immunogold/patches/images/SA-MAG_X20k_JEM-1400 Flash_22447_x896_y0.png,SA-MAG_X20k_JEM-1400 Flash_22447,classe_4,7.3017751479289945,True
/content/drive/MyDrive/progetto_immunogold/patches/images/SA-MAG_X20k_JEM-1400 Flash_22447_x896_y1120.png,SA-MAG_X20k_JEM-1400 Flash_22447,classe_4,7.3017751479289945,True
/content/drive/MyDrive/progetto_immunogold/patches/images/SA-MAG_X20k_JEM-1400 Flash_22447_x896_y1344.png,SA-MAG_X20k_JEM-1400 Flash_22447,classe_4,7.3017751479289945,True
/content/drive/MyDrive/progetto_immunogold/patches/images/SA-MAG_X20k_JEM-1400 Flash_22447_x896_y1568.png,SA-MAG_X20k_JEM-1400 Flash_22447,classe_4,7.3017751479289945,True
/content/drive/MyDrive/progetto_immunogold/patches/images/SA-MAG_X20k_JEM-1400 Flash_22447_x896_y224.png,SA-MAG_X20k_JEM-1400 Flash_22447,classe_4,7.3017751479289945,True
/content/drive/MyDrive/progetto_immunogold/patches/images/SA-MAG_X20k_JEM-1400 Flash_22447_x896_y448.png,SA-MAG_X20k_JEM-1400 Flash_22447,classe_4,7.3017751479289945,True
/content/drive/MyDrive/progetto_immunogold/patches/images/SA-MAG_X20k_JEM-1400 Flash_22447_x896_y672.png,SA-MAG_X20k_JEM-1400 Flash_22447,classe_4,7.3017751479289945,True
/content/drive/MyDrive/progetto_immunogold/patches/images/SA-MAG_X20k_JEM-1400 Flash_22447_x896_y896.png,SA-MAG_X20k_JEM-1400 Flash_22447,classe_4,7.3017751479289945,True
/content/drive/MyDrive/progetto_immunogold/patches/images/SA-MAG_X25k_JEM-1400 Flash_22433_x0_y0.png,SA-MAG_X25k_JEM-1400 Flash_22433,classe_3,9.0,True
/content/drive/MyDrive/progetto_immunogold/patches/images/SA-MAG_X25k_JEM-1400 Flash_22433_x0_y1120.png,SA-MAG_X25k_JEM-1400 Flash_22433,classe_3,9.0,True
/content/drive/MyDrive/progetto_immunogold/patches/images/SA-MAG_X25k_JEM-1400 Flash_22433_x0_y1344.png,SA-MAG_X25k_JEM-1400 Flash_22433,classe_3,9.0,True
/content/drive/MyDrive/progetto_immunogold/patches/images/SA-MAG_X25k_JEM-1400 Flash_22433_x0_y1568.png,SA-MAG_X25k_JEM-1400 Flash_22433,classe_3,9.0,True
/content/drive/MyDrive/progetto_immunogold/patches/images/SA-MAG_X25k_JEM-1400 Flash_22433_x0_y1792.png,SA-MAG_X25k_JEM-1400 Flash_22433,classe_3,9.0,True
/content/drive/MyDrive/progetto_immunogold/patches/images/SA-MAG_X25k_JEM-1400 Flash_22433_x0_y224.png,SA-MAG_X25k_JEM-1400 Flash_22433,classe_3,9.0,True
/content/drive/MyDrive/progetto_immunogold/patches/images/SA-MAG_X25k_JEM-1400 Flash_22433_x0_y448.png,SA-MAG_X25k_JEM-1400 Flash_22433,classe_3,9.0,True
/content/drive/MyDrive/progetto_immunogold/patches/images/SA-MAG_X25k_JEM-1400 Flash_22433_x0_y672.png,SA-MAG_X25k_JEM-1400 Flash_22433,classe_3,9.0,True
/content/drive/MyDrive/progetto_immunogold/patches/images/SA-MAG_X25k_JEM-1400 Flash_22433_x0_y896.png,SA-MAG_X25k_JEM-1400 Flash_22433,classe_3,9.0,True
/content/drive/MyDrive/progetto_immunogold/patches/images/SA-MAG_X25k_JEM-1400 Flash_22433_x1120_y0.png,SA-MAG_X25k_JEM-1400 Flash_22433,classe_3,9.0,True
/content/drive/MyDrive/progetto_immunogold/patches/images/SA-MAG_X25k_JEM-1400 Flash_22433_x1120_y1120.png,SA-MAG_X25k_JEM-1400 Flash_22433,classe_3,9.0,True
/content/drive/MyDrive/progetto_immunogold/patches/images/SA-MAG_X25k_JEM-1400 Flash_22433_x1120_y1344.png,SA-MAG_X25k_JEM-1400 Flash_22433,classe_3,9.0,True
/content/drive/MyDrive/progetto_immunogold/patches/images/SA-MAG_X25k_JEM-1400 Flash_22433_x1120_y1568.png,SA-MAG_X25k_JEM-1400 Flash_22433,classe_3,9.0,True
/content/drive/MyDrive/progetto_immunogold/patches/images/SA-MAG_X25k_JEM-1400 Flash_22433_x1120_y1792.png,SA-MAG_X25k_JEM-1400 Flash_22433,classe_3,9.0,True
/content/drive/MyDrive/progetto_immunogold/patches/images/SA-MAG_X25k_JEM-1400 Flash_22433_x1120_y224.png,SA-MAG_X25k_JEM-1400 Flash_22433,classe_3,9.0,True
/content/drive/MyDrive/progetto_immunogold/patches/images/SA-MAG_X25k_JEM-1400 Flash_22433_x1120_y448.png,SA-MAG_X25k_JEM-1400 Flash_22433,classe_3,9.0,True
/content/drive/MyDrive/progetto_immunogold/patches/images/SA-MAG_X25k_JEM-1400 Flash_22433_x1120_y672.png,SA-MAG_X25k_JEM-1400 Flash_22433,classe_3,9.0,True
/content/drive/MyDrive/progetto_immunogold/patches/images/SA-MAG_X25k_JEM-1400 Flash_22433_x1120_y896.png,SA-MAG_X25k_JEM-1400 Flash_22433,classe_3,9.0,True
/content/drive/MyDrive/progetto_immunogold/patches/images/SA-MAG_X25k_JEM-1400 Flash_22433_x1344_y0.png,SA-MAG_X25k_JEM-1400 Flash_22433,classe_3,9.0,True
/content/drive/MyDrive/progetto_immunogold/patches/images/SA-MAG_X25k_JEM-1400 Flash_22433_x1344_y1120.png,SA-MAG_X25k_JEM-1400 Flash_22433,classe_3,9.0,True
/content/drive/MyDrive/progetto_immunogold/patches/images/SA-MAG_X25k_JEM-1400 Flash_22433_x1344_y1344.png,SA-MAG_X25k_JEM-1400 Flash_22433,classe_3,9.0,True
/content/drive/MyDrive/progetto_immunogold/patches/images/SA-MAG_X25k_JEM-1400 Flash_22433_x1344_y1568.png,SA-MAG_X25k_JEM-1400 Flash_22433,classe_3,9.0,True
/content/drive/MyDrive/progetto_immunogold/patches/images/SA-MAG_X25k_JEM-1400 Flash_22433_x1344_y1792.png,SA-MAG_X25k_JEM-1400 Flash_22433,classe_3,9.0,True
/content/drive/MyDrive/progetto_immunogold/patches/images/SA-MAG_X25k_JEM-1400 Flash_22433_x1344_y224.png,SA-MAG_X25k_JEM-1400 Flash_22433,classe_3,9.0,True
/content/drive/MyDrive/progetto_immunogold/patches/images/SA-MAG_X25k_JEM-1400 Flash_22433_x1344_y448.png,SA-MAG_X25k_JEM-1400 Flash_22433,classe_3,9.0,True
/content/drive/MyDrive/progetto_immunogold/patches/images/SA-MAG_X25k_JEM-1400 Flash_22433_x1344_y672.png,SA-MAG_X25k_JEM-1400 Flash_22433,classe_3,9.0,True
/content/drive/MyDrive/progetto_immunogold/patches/images/SA-MAG_X25k_JEM-1400 Flash_22433_x1344_y896.png,SA-MAG_X25k_JEM-1400 Flash_22433,classe_3,9.0,True
/content/drive/MyDrive/progetto_immunogold/patches/images/SA-MAG_X25k_JEM-1400 Flash_22433_x1568_y0.png,SA-MAG_X25k_JEM-1400 Flash_22433,classe_3,9.0,True
/content/drive/MyDrive/progetto_immunogold/patches/images/SA-MAG_X25k_JEM-1400 Flash_22433_x1568_y1120.png,SA-MAG_X25k_JEM-1400 Flash_22433,classe_3,9.0,True
/content/drive/MyDrive/progetto_immunogold/patches/images/SA-MAG_X25k_JEM-1400 Flash_22433_x1568_y1344.png,SA-MAG_X25k_JEM-1400 Flash_22433,classe_3,9.0,True
/content/drive/MyDrive/progetto_immunogold/patches/images/SA-MAG_X25k_JEM-1400 Flash_22433_x1568_y1568.png,SA-MAG_X25k_JEM-1400 Flash_22433,classe_3,9.0,True
/content/drive/MyDrive/progetto_immunogold/patches/images/SA-MAG_X25k_JEM-1400 Flash_22433_x1568_y1792.png,SA-MAG_X25k_JEM-1400 Flash_22433,classe_3,9.0,True
/content/drive/MyDrive/progetto_immunogold/patches/images/SA-MAG_X25k_JEM-1400 Flash_22433_x1568_y224.png,SA-MAG_X25k_JEM-1400 Flash_22433,classe_3,9.0,True
/content/drive/MyDrive/progetto_immunogold/patches/images/SA-MAG_X25k_JEM-1400 Flash_22433_x1568_y448.png,SA-MAG_X25k_JEM-1400 Flash_22433,classe_3,9.0,True
/content/drive/MyDrive/progetto_immunogold/patches/images/SA-MAG_X25k_JEM-1400 Flash_22433_x1568_y672.png,SA-MAG_X25k_JEM-1400 Flash_22433,classe_3,9.0,True
/content/drive/MyDrive/progetto_immunogold/patches/images/SA-MAG_X25k_JEM-1400 Flash_22433_x1568_y896.png,SA-MAG_X25k_JEM-1400 Flash_22433,classe_3,9.0,True
/content/drive/MyDrive/progetto_immunogold/patches/images/SA-MAG_X25k_JEM-1400 Flash_22433_x1792_y0.png,SA-MAG_X25k_JEM-1400 Flash_22433,classe_3,9.0,True
/content/drive/MyDrive/progetto_immunogold/patches/images/SA-MAG_X25k_JEM-1400 Flash_22433_x1792_y1120.png,SA-MAG_X25k_JEM-1400 Flash_22433,classe_3,9.0,True
/content/drive/MyDrive/progetto_immunogold/patches/images/SA-MAG_X25k_JEM-1400 Flash_22433_x1792_y1344.png,SA-MAG_X25k_JEM-1400 Flash_22433,classe_3,9.0,True
/content/drive/MyDrive/progetto_immunogold/patches/images/SA-MAG_X25k_JEM-1400 Flash_22433_x1792_y1568.png,SA-MAG_X25k_JEM-1400 Flash_22433,classe_3,9.0,True
/content/drive/MyDrive/progetto_immunogold/patches/images/SA-MAG_X25k_JEM-1400 Flash_22433_x1792_y1792.png,SA-MAG_X25k_JEM-1400 Flash_22433,classe_3,9.0,True
/content/drive/MyDrive/progetto_immunogold/patches/images/SA-MAG_X25k_JEM-1400 Flash_22433_x1792_y224.png,SA-MAG_X25k_JEM-1400 Flash_22433,classe_3,9.0,True
/content/drive/MyDrive/progetto_immunogold/patches/images/SA-MAG_X25k_JEM-1400 Flash_22433_x1792_y448.png,SA-MAG_X25k_JEM-1400 Flash_22433,classe_3,9.0,True
/content/drive/MyDrive/progetto_immunogold/patches/images/SA-MAG_X25k_JEM-1400 Flash_22433_x1792_y672.png,SA-MAG_X25k_JEM-1400 Flash_22433,classe_3,9.0,True
/content/drive/MyDrive/progetto_immunogold/patches/images/SA-MAG_X25k_JEM-1400 Flash_22433_x1792_y896.png,SA-MAG_X25k_JEM-1400 Flash_22433,classe_3,9.0,True
/content/drive/MyDrive/progetto_immunogold/patches/images/SA-MAG_X25k_JEM-1400 Flash_22433_x224_y0.png,SA-MAG_X25k_JEM-1400 Flash_22433,classe_3,9.0,True
/content/drive/MyDrive/progetto_immunogold/patches/images/SA-MAG_X25k_JEM-1400 Flash_22433_x224_y1120.png,SA-MAG_X25k_JEM-1400 Flash_22433,classe_3,9.0,True
/content/drive/MyDrive/progetto_immunogold/patches/images/SA-MAG_X25k_JEM-1400 Flash_22433_x224_y1344.png,SA-MAG_X25k_JEM-1400 Flash_22433,classe_3,9.0,True
/content/drive/MyDrive/progetto_immunogold/patches/images/SA-MAG_X25k_JEM-1400 Flash_22433_x224_y1568.png,SA-MAG_X25k_JEM-1400 Flash_22433,classe_3,9.0,True
/content/drive/MyDrive/progetto_immunogold/patches/images/SA-MAG_X25k_JEM-1400 Flash_22433_x224_y1792.png,SA-MAG_X25k_JEM-1400 Flash_22433,classe_3,9.0,True
/content/drive/MyDrive/progetto_immunogold/patches/images/SA-MAG_X25k_JEM-1400 Flash_22433_x224_y224.png,SA-MAG_X25k_JEM-1400 Flash_22433,classe_3,9.0,True
/content/drive/MyDrive/progetto_immunogold/patches/images/SA-MAG_X25k_JEM-1400 Flash_22433_x224_y448.png,SA-MAG_X25k_JEM-1400 Flash_22433,classe_3,9.0,True
/content/drive/MyDrive/progetto_immunogold/patches/images/SA-MAG_X25k_JEM-1400 Flash_22433_x224_y672.png,SA-MAG_X25k_JEM-1400 Flash_22433,classe_3,9.0,True
/content/drive/MyDrive/progetto_immunogold/patches/images/SA-MAG_X25k_JEM-1400 Flash_22433_x224_y896.png,SA-MAG_X25k_JEM-1400 Flash_22433,classe_3,9.0,True
/content/drive/MyDrive/progetto_immunogold/patches/images/SA-MAG_X25k_JEM-1400 Flash_22433_x448_y0.png,SA-MAG_X25k_JEM-1400 Flash_22433,classe_3,9.0,True
/content/drive/MyDrive/progetto_immunogold/patches/images/SA-MAG_X25k_JEM-1400 Flash_22433_x448_y1120.png,SA-MAG_X25k_JEM-1400 Flash_22433,classe_3,9.0,True
/content/drive/MyDrive/progetto_immunogold/patches/images/SA-MAG_X25k_JEM-1400 Flash_22433_x448_y1344.png,SA-MAG_X25k_JEM-1400 Flash_22433,classe_3,9.0,True
/content/drive/MyDrive/progetto_immunogold/patches/images/SA-MAG_X25k_JEM-1400 Flash_22433_x448_y1568.png,SA-MAG_X25k_JEM-1400 Flash_22433,classe_3,9.0,True
/content/drive/MyDrive/progetto_immunogold/patches/images/SA-MAG_X25k_JEM-1400 Flash_22433_x448_y1792.png,SA-MAG_X25k_JEM-1400 Flash_22433,classe_3,9.0,True
/content/drive/MyDrive/progetto_immunogold/patches/images/SA-MAG_X25k_JEM-1400 Flash_22433_x448_y224.png,SA-MAG_X25k_JEM-1400 Flash_22433,classe_3,9.0,True
/content/drive/MyDrive/progetto_immunogold/patches/images/SA-MAG_X25k_JEM-1400 Flash_22433_x448_y448.png,SA-MAG_X25k_JEM-1400 Flash_22433,classe_3,9.0,True
/content/drive/MyDrive/progetto_immunogold/patches/images/SA-MAG_X25k_JEM-1400 Flash_22433_x448_y672.png,SA-MAG_X25k_JEM-1400 Flash_22433,classe_3,9.0,True
/content/drive/MyDrive/progetto_immunogold/patches/images/SA-MAG_X25k_JEM-1400 Flash_22433_x448_y896.png,SA-MAG_X25k_JEM-1400 Flash_22433,classe_3,9.0,True
/content/drive/MyDrive/progetto_immunogold/patches/images/SA-MAG_X25k_JEM-1400 Flash_22433_x672_y0.png,SA-MAG_X25k_JEM-1400 Flash_22433,classe_3,9.0,True
/content/drive/MyDrive/progetto_immunogold/patches/images/SA-MAG_X25k_JEM-1400 Flash_22433_x672_y1120.png,SA-MAG_X25k_JEM-1400 Flash_22433,classe_3,9.0,True
/content/drive/MyDrive/progetto_immunogold/patches/images/SA-MAG_X25k_JEM-1400 Flash_22433_x672_y1344.png,SA-MAG_X25k_JEM-1400 Flash_22433,classe_3,9.0,True
/content/drive/MyDrive/progetto_immunogold/patches/images/SA-MAG_X25k_JEM-1400 Flash_22433_x672_y1568.png,SA-MAG_X25k_JEM-1400 Flash_22433,classe_3,9.0,True
/content/drive/MyDrive/progetto_immunogold/patches/images/SA-MAG_X25k_JEM-1400 Flash_22433_x672_y1792.png,SA-MAG_X25k_JEM-1400 Flash_22433,classe_3,9.0,True
/content/drive/MyDrive/progetto_immunogold/patches/images/SA-MAG_X25k_JEM-1400 Flash_22433_x672_y224.png,SA-MAG_X25k_JEM-1400 Flash_22433,classe_3,9.0,True
/content/drive/MyDrive/progetto_immunogold/patches/images/SA-MAG_X25k_JEM-1400 Flash_22433_x672_y448.png,SA-MAG_X25k_JEM-1400 Flash_22433,classe_3,9.0,True
/content/drive/MyDrive/progetto_immunogold/patches/images/SA-MAG_X25k_JEM-1400 Flash_22433_x672_y672.png,SA-MAG_X25k_JEM-1400 Flash_22433,classe_3,9.0,True
/content/drive/MyDrive/progetto_immunogold/patches/images/SA-MAG_X25k_JEM-1400 Flash_22433_x672_y896.png,SA-MAG_X25k_JEM-1400 Flash_22433,classe_3,9.0,True
/content/drive/MyDrive/progetto_immunogold/patches/images/SA-MAG_X25k_JEM-1400 Flash_22433_x896_y0.png,SA-MAG_X25k_JEM-1400 Flash_22433,classe_3,9.0,True
/content/drive/MyDrive/progetto_immunogold/patches/images/SA-MAG_X25k_JEM-1400 Flash_22433_x896_y1120.png,SA-MAG_X25k_JEM-1400 Flash_22433,classe_3,9.0,True
/content/drive/MyDrive/progetto_immunogold/patches/images/SA-MAG_X25k_JEM-1400 Flash_22433_x896_y1344.png,SA-MAG_X25k_JEM-1400 Flash_22433,classe_3,9.0,True
/content/drive/MyDrive/progetto_immunogold/patches/images/SA-MAG_X25k_JEM-1400 Flash_22433_x896_y1568.png,SA-MAG_X25k_JEM-1400 Flash_22433,classe_3,9.0,True
/content/drive/MyDrive/progetto_immunogold/patches/images/SA-MAG_X25k_JEM-1400 Flash_22433_x896_y1792.png,SA-MAG_X25k_JEM-1400 Flash_22433,classe_3,9.0,True
/content/drive/MyDrive/progetto_immunogold/patches/images/SA-MAG_X25k_JEM-1400 Flash_22433_x896_y224.png,SA-MAG_X25k_JEM-1400 Flash_22433,classe_3,9.0,True
/content/drive/MyDrive/progetto_immunogold/patches/images/SA-MAG_X25k_JEM-1400 Flash_22433_x896_y448.png,SA-MAG_X25k_JEM-1400 Flash_22433,classe_3,9.0,True
/content/drive/MyDrive/progetto_immunogold/patches/images/SA-MAG_X25k_JEM-1400 Flash_22433_x896_y672.png,SA-MAG_X25k_JEM-1400 Flash_22433,classe_3,9.0,True
/content/drive/MyDrive/progetto_immunogold/patches/images/SA-MAG_X25k_JEM-1400 Flash_22433_x896_y896.png,SA-MAG_X25k_JEM-1400 Flash_22433,classe_3,9.0,True
/content/drive/MyDrive/progetto_immunogold/patches/images/SA-MAG_X25k_JEM-1400 Flash_22438_x0_y0.png,SA-MAG_X25k_JEM-1400 Flash_22438,classe_3,9.0,True
/content/drive/MyDrive/progetto_immunogold/patches/images/SA-MAG_X25k_JEM-1400 Flash_22438_x0_y1120.png,SA-MAG_X25k_JEM-1400 Flash_22438,classe_3,9.0,True
/content/drive/MyDrive/progetto_immunogold/patches/images/SA-MAG_X25k_JEM-1400 Flash_22438_x0_y1344.png,SA-MAG_X25k_JEM-1400 Flash_22438,classe_3,9.0,True
/content/drive/MyDrive/progetto_immunogold/patches/images/SA-MAG_X25k_JEM-1400 Flash_22438_x0_y1568.png,SA-MAG_X25k_JEM-1400 Flash_22438,classe_3,9.0,True
/content/drive/MyDrive/progetto_immunogold/patches/images/SA-MAG_X25k_JEM-1400 Flash_22438_x0_y1792.png,SA-MAG_X25k_JEM-1400 Flash_22438,classe_3,9.0,True
/content/drive/MyDrive/progetto_immunogold/patches/images/SA-MAG_X25k_JEM-1400 Flash_22438_x0_y224.png,SA-MAG_X25k_JEM-1400 Flash_22438,classe_3,9.0,True
/content/drive/MyDrive/progetto_immunogold/patches/images/SA-MAG_X25k_JEM-1400 Flash_22438_x0_y448.png,SA-MAG_X25k_JEM-1400 Flash_22438,classe_3,9.0,True
/content/drive/MyDrive/progetto_immunogold/patches/images/SA-MAG_X25k_JEM-1400 Flash_22438_x0_y672.png,SA-MAG_X25k_JEM-1400 Flash_22438,classe_3,9.0,True
/content/drive/MyDrive/progetto_immunogold/patches/images/SA-MAG_X25k_JEM-1400 Flash_22438_x0_y896.png,SA-MAG_X25k_JEM-1400 Flash_22438,classe_3,9.0,True
/content/drive/MyDrive/progetto_immunogold/patches/images/SA-MAG_X25k_JEM-1400 Flash_22438_x1120_y0.png,SA-MAG_X25k_JEM-1400 Flash_22438,classe_3,9.0,True
/content/drive/MyDrive/progetto_immunogold/patches/images/SA-MAG_X25k_JEM-1400 Flash_22438_x1120_y1120.png,SA-MAG_X25k_JEM-1400 Flash_22438,classe_3,9.0,True
/content/drive/MyDrive/progetto_immunogold/patches/images/SA-MAG_X25k_JEM-1400 Flash_22438_x1120_y1344.png,SA-MAG_X25k_JEM-1400 Flash_22438,classe_3,9.0,True
/content/drive/MyDrive/progetto_immunogold/patches/images/SA-MAG_X25k_JEM-1400 Flash_22438_x1120_y1568.png,SA-MAG_X25k_JEM-1400 Flash_22438,classe_3,9.0,True
/content/drive/MyDrive/progetto_immunogold/patches/images/SA-MAG_X25k_JEM-1400 Flash_22438_x1120_y1792.png,SA-MAG_X25k_JEM-1400 Flash_22438,classe_3,9.0,True
/content/drive/MyDrive/progetto_immunogold/patches/images/SA-MAG_X25k_JEM-1400 Flash_22438_x1120_y224.png,SA-MAG_X25k_JEM-1400 Flash_22438,classe_3,9.0,True
/content/drive/MyDrive/progetto_immunogold/patches/images/SA-MAG_X25k_JEM-1400 Flash_22438_x1120_y448.png,SA-MAG_X25k_JEM-1400 Flash_22438,classe_3,9.0,True
/content/drive/MyDrive/progetto_immunogold/patches/images/SA-MAG_X25k_JEM-1400 Flash_22438_x1120_y672.png,SA-MAG_X25k_JEM-1400 Flash_22438,classe_3,9.0,True
/content/drive/MyDrive/progetto_immunogold/patches/images/SA-MAG_X25k_JEM-1400 Flash_22438_x1120_y896.png,SA-MAG_X25k_JEM-1400 Flash_22438,classe_3,9.0,True
/content/drive/MyDrive/progetto_immunogold/patches/images/SA-MAG_X25k_JEM-1400 Flash_22438_x1344_y0.png,SA-MAG_X25k_JEM-1400 Flash_22438,classe_3,9.0,True
/content/drive/MyDrive/progetto_immunogold/patches/images/SA-MAG_X25k_JEM-1400 Flash_22438_x1344_y1120.png,SA-MAG_X25k_JEM-1400 Flash_22438,classe_3,9.0,True
/content/drive/MyDrive/progetto_immunogold/patches/images/SA-MAG_X25k_JEM-1400 Flash_22438_x1344_y1344.png,SA-MAG_X25k_JEM-1400 Flash_22438,classe_3,9.0,True
/content/drive/MyDrive/progetto_immunogold/patches/images/SA-MAG_X25k_JEM-1400 Flash_22438_x1344_y1568.png,SA-MAG_X25k_JEM-1400 Flash_22438,classe_3,9.0,True
/content/drive/MyDrive/progetto_immunogold/patches/images/SA-MAG_X25k_JEM-1400 Flash_22438_x1344_y1792.png,SA-MAG_X25k_JEM-1400 Flash_22438,classe_3,9.0,True
/content/drive/MyDrive/progetto_immunogold/patches/images/SA-MAG_X25k_JEM-1400 Flash_22438_x1344_y224.png,SA-MAG_X25k_JEM-1400 Flash_22438,classe_3,9.0,True
/content/drive/MyDrive/progetto_immunogold/patches/images/SA-MAG_X25k_JEM-1400 Flash_22438_x1344_y448.png,SA-MAG_X25k_JEM-1400 Flash_22438,classe_3,9.0,True
/content/drive/MyDrive/progetto_immunogold/patches/images/SA-MAG_X25k_JEM-1400 Flash_22438_x1344_y672.png,SA-MAG_X25k_JEM-1400 Flash_22438,classe_3,9.0,True
/content/drive/MyDrive/progetto_immunogold/patches/images/SA-MAG_X25k_JEM-1400 Flash_22438_x1344_y896.png,SA-MAG_X25k_JEM-1400 Flash_22438,classe_3,9.0,True
/content/drive/MyDrive/progetto_immunogold/patches/images/SA-MAG_X25k_JEM-1400 Flash_22438_x1568_y0.png,SA-MAG_X25k_JEM-1400 Flash_22438,classe_3,9.0,True
/content/drive/MyDrive/progetto_immunogold/patches/images/SA-MAG_X25k_JEM-1400 Flash_22438_x1568_y1120.png,SA-MAG_X25k_JEM-1400 Flash_22438,classe_3,9.0,True
/content/drive/MyDrive/progetto_immunogold/patches/images/SA-MAG_X25k_JEM-1400 Flash_22438_x1568_y1344.png,SA-MAG_X25k_JEM-1400 Flash_22438,classe_3,9.0,True
/content/drive/MyDrive/progetto_immunogold/patches/images/SA-MAG_X25k_JEM-1400 Flash_22438_x1568_y1568.png,SA-MAG_X25k_JEM-1400 Flash_22438,classe_3,9.0,True
/content/drive/MyDrive/progetto_immunogold/patches/images/SA-MAG_X25k_JEM-1400 Flash_22438_x1568_y1792.png,SA-MAG_X25k_JEM-1400 Flash_22438,classe_3,9.0,True
/content/drive/MyDrive/progetto_immunogold/patches/images/SA-MAG_X25k_JEM-1400 Flash_22438_x1568_y224.png,SA-MAG_X25k_JEM-1400 Flash_22438,classe_3,9.0,True
/content/drive/MyDrive/progetto_immunogold/patches/images/SA-MAG_X25k_JEM-1400 Flash_22438_x1568_y448.png,SA-MAG_X25k_JEM-1400 Flash_22438,classe_3,9.0,True
/content/drive/MyDrive/progetto_immunogold/patches/images/SA-MAG_X25k_JEM-1400 Flash_22438_x1568_y672.png,SA-MAG_X25k_JEM-1400 Flash_22438,classe_3,9.0,True
/content/drive/MyDrive/progetto_immunogold/patches/images/SA-MAG_X25k_JEM-1400 Flash_22438_x1568_y896.png,SA-MAG_X25k_JEM-1400 Flash_22438,classe_3,9.0,True
/content/drive/MyDrive/progetto_immunogold/patches/images/SA-MAG_X25k_JEM-1400 Flash_22438_x1792_y0.png,SA-MAG_X25k_JEM-1400 Flash_22438,classe_3,9.0,True
/content/drive/MyDrive/progetto_immunogold/patches/images/SA-MAG_X25k_JEM-1400 Flash_22438_x1792_y1120.png,SA-MAG_X25k_JEM-1400 Flash_22438,classe_3,9.0,True
/content/drive/MyDrive/progetto_immunogold/patches/images/SA-MAG_X25k_JEM-1400 Flash_22438_x1792_y1344.png,SA-MAG_X25k_JEM-1400 Flash_22438,classe_3,9.0,True
/content/drive/MyDrive/progetto_immunogold/patches/images/SA-MAG_X25k_JEM-1400 Flash_22438_x1792_y1568.png,SA-MAG_X25k_JEM-1400 Flash_22438,classe_3,9.0,True
/content/drive/MyDrive/progetto_immunogold/patches/images/SA-MAG_X25k_JEM-1400 Flash_22438_x1792_y1792.png,SA-MAG_X25k_JEM-1400 Flash_22438,classe_3,9.0,True
/content/drive/MyDrive/progetto_immunogold/patches/images/SA-MAG_X25k_JEM-1400 Flash_22438_x1792_y224.png,SA-MAG_X25k_JEM-1400 Flash_22438,classe_3,9.0,True
/content/drive/MyDrive/progetto_immunogold/patches/images/SA-MAG_X25k_JEM-1400 Flash_22438_x1792_y448.png,SA-MAG_X25k_JEM-1400 Flash_22438,classe_3,9.0,True
/content/drive/MyDrive/progetto_immunogold/patches/images/SA-MAG_X25k_JEM-1400 Flash_22438_x1792_y672.png,SA-MAG_X25k_JEM-1400 Flash_22438,classe_3,9.0,True
/content/drive/MyDrive/progetto_immunogold/patches/images/SA-MAG_X25k_JEM-1400 Flash_22438_x1792_y896.png,SA-MAG_X25k_JEM-1400 Flash_22438,classe_3,9.0,True
/content/drive/MyDrive/progetto_immunogold/patches/images/SA-MAG_X25k_JEM-1400 Flash_22438_x224_y0.png,SA-MAG_X25k_JEM-1400 Flash_22438,classe_3,9.0,True
/content/drive/MyDrive/progetto_immunogold/patches/images/SA-MAG_X25k_JEM-1400 Flash_22438_x224_y1120.png,SA-MAG_X25k_JEM-1400 Flash_22438,classe_3,9.0,True
/content/drive/MyDrive/progetto_immunogold/patches/images/SA-MAG_X25k_JEM-1400 Flash_22438_x224_y1344.png,SA-MAG_X25k_JEM-1400 Flash_22438,classe_3,9.0,True
/content/drive/MyDrive/progetto_immunogold/patches/images/SA-MAG_X25k_JEM-1400 Flash_22438_x224_y1568.png,SA-MAG_X25k_JEM-1400 Flash_22438,classe_3,9.0,True
/content/drive/MyDrive/progetto_immunogold/patches/images/SA-MAG_X25k_JEM-1400 Flash_22438_x224_y1792.png,SA-MAG_X25k_JEM-1400 Flash_22438,classe_3,9.0,True
/content/drive/MyDrive/progetto_immunogold/patches/images/SA-MAG_X25k_JEM-1400 Flash_22438_x224_y224.png,SA-MAG_X25k_JEM-1400 Flash_22438,classe_3,9.0,True
/content/drive/MyDrive/progetto_immunogold/patches/images/SA-MAG_X25k_JEM-1400 Flash_22438_x224_y448.png,SA-MAG_X25k_JEM-1400 Flash_22438,classe_3,9.0,True
/content/drive/MyDrive/progetto_immunogold/patches/images/SA-MAG_X25k_JEM-1400 Flash_22438_x224_y672.png,SA-MAG_X25k_JEM-1400 Flash_22438,classe_3,9.0,True
/content/drive/MyDrive/progetto_immunogold/patches/images/SA-MAG_X25k_JEM-1400 Flash_22438_x224_y896.png,SA-MAG_X25k_JEM-1400 Flash_22438,classe_3,9.0,True
/content/drive/MyDrive/progetto_immunogold/patches/images/SA-MAG_X25k_JEM-1400 Flash_22438_x448_y0.png,SA-MAG_X25k_JEM-1400 Flash_22438,classe_3,9.0,True
/content/drive/MyDrive/progetto_immunogold/patches/images/SA-MAG_X25k_JEM-1400 Flash_22438_x448_y1120.png,SA-MAG_X25k_JEM-1400 Flash_22438,classe_3,9.0,True
/content/drive/MyDrive/progetto_immunogold/patches/images/SA-MAG_X25k_JEM-1400 Flash_22438_x448_y1344.png,SA-MAG_X25k_JEM-1400 Flash_22438,classe_3,9.0,True
/content/drive/MyDrive/progetto_immunogold/patches/images/SA-MAG_X25k_JEM-1400 Flash_22438_x448_y1568.png,SA-MAG_X25k_JEM-1400 Flash_22438,classe_3,9.0,True
/content/drive/MyDrive/progetto_immunogold/patches/images/SA-MAG_X25k_JEM-1400 Flash_22438_x448_y1792.png,SA-MAG_X25k_JEM-1400 Flash_22438,classe_3,9.0,True
/content/drive/MyDrive/progetto_immunogold/patches/images/SA-MAG_X25k_JEM-1400 Flash_22438_x448_y224.png,SA-MAG_X25k_JEM-1400 Flash_22438,classe_3,9.0,True
/content/drive/MyDrive/progetto_immunogold/patches/images/SA-MAG_X25k_JEM-1400 Flash_22438_x448_y448.png,SA-MAG_X25k_JEM-1400 Flash_22438,classe_3,9.0,True
/content/drive/MyDrive/progetto_immunogold/patches/images/SA-MAG_X25k_JEM-1400 Flash_22438_x448_y672.png,SA-MAG_X25k_JEM-1400 Flash_22438,classe_3,9.0,True
/content/drive/MyDrive/progetto_immunogold/patches/images/SA-MAG_X25k_JEM-1400 Flash_22438_x448_y896.png,SA-MAG_X25k_JEM-1400 Flash_22438,classe_3,9.0,True
/content/drive/MyDrive/progetto_immunogold/patches/images/SA-MAG_X25k_JEM-1400 Flash_22438_x672_y0.png,SA-MAG_X25k_JEM-1400 Flash_22438,classe_3,9.0,True
/content/drive/MyDrive/progetto_immunogold/patches/images/SA-MAG_X25k_JEM-1400 Flash_22438_x672_y1120.png,SA-MAG_X25k_JEM-1400 Flash_22438,classe_3,9.0,True
/content/drive/MyDrive/progetto_immunogold/patches/images/SA-MAG_X25k_JEM-1400 Flash_22438_x672_y1344.png,SA-MAG_X25k_JEM-1400 Flash_22438,classe_3,9.0,True
/content/drive/MyDrive/progetto_immunogold/patches/images/SA-MAG_X25k_JEM-1400 Flash_22438_x672_y1568.png,SA-MAG_X25k_JEM-1400 Flash_22438,classe_3,9.0,True
/content/drive/MyDrive/progetto_immunogold/patches/images/SA-MAG_X25k_JEM-1400 Flash_22438_x672_y1792.png,SA-MAG_X25k_JEM-1400 Flash_22438,classe_3,9.0,True
/content/drive/MyDrive/progetto_immunogold/patches/images/SA-MAG_X25k_JEM-1400 Flash_22438_x672_y224.png,SA-MAG_X25k_JEM-1400 Flash_22438,classe_3,9.0,True
/content/drive/MyDrive/progetto_immunogold/patches/images/SA-MAG_X25k_JEM-1400 Flash_22438_x672_y448.png,SA-MAG_X25k_JEM-1400 Flash_22438,classe_3,9.0,True
/content/drive/MyDrive/progetto_immunogold/patches/images/SA-MAG_X25k_JEM-1400 Flash_22438_x672_y672.png,SA-MAG_X25k_JEM-1400 Flash_22438,classe_3,9.0,True
/content/drive/MyDrive/progetto_immunogold/patches/images/SA-MAG_X25k_JEM-1400 Flash_22438_x672_y896.png,SA-MAG_X25k_JEM-1400 Flash_22438,classe_3,9.0,True
/content/drive/MyDrive/progetto_immunogold/patches/images/SA-MAG_X25k_JEM-1400 Flash_22438_x896_y0.png,SA-MAG_X25k_JEM-1400 Flash_22438,classe_3,9.0,True
/content/drive/MyDrive/progetto_immunogold/patches/images/SA-MAG_X25k_JEM-1400 Flash_22438_x896_y1120.png,SA-MAG_X25k_JEM-1400 Flash_22438,classe_3,9.0,True
/content/drive/MyDrive/progetto_immunogold/patches/images/SA-MAG_X25k_JEM-1400 Flash_22438_x896_y1344.png,SA-MAG_X25k_JEM-1400 Flash_22438,classe_3,9.0,True
/content/drive/MyDrive/progetto_immunogold/patches/images/SA-MAG_X25k_JEM-1400 Flash_22438_x896_y1568.png,SA-MAG_X25k_JEM-1400 Flash_22438,classe_3,9.0,True
/content/drive/MyDrive/progetto_immunogold/patches/images/SA-MAG_X25k_JEM-1400 Flash_22438_x896_y1792.png,SA-MAG_X25k_JEM-1400 Flash_22438,classe_3,9.0,True
/content/drive/MyDrive/progetto_immunogold/patches/images/SA-MAG_X25k_JEM-1400 Flash_22438_x896_y224.png,SA-MAG_X25k_JEM-1400 Flash_22438,classe_3,9.0,True
/content/drive/MyDrive/progetto_immunogold/patches/images/SA-MAG_X25k_JEM-1400 Flash_22438_x896_y448.png,SA-MAG_X25k_JEM-1400 Flash_22438,classe_3,9.0,True
/content/drive/MyDrive/progetto_immunogold/patches/images/SA-MAG_X25k_JEM-1400 Flash_22438_x896_y672.png,SA-MAG_X25k_JEM-1400 Flash_22438,classe_3,9.0,True
/content/drive/MyDrive/progetto_immunogold/patches/images/SA-MAG_X25k_JEM-1400 Flash_22438_x896_y896.png,SA-MAG_X25k_JEM-1400 Flash_22438,classe_3,9.0,True
/content/drive/MyDrive/progetto_immunogold/patches/images/SA-MAG_X3000_JEM-1400 Flash_22441_x0_y0.png,SA-MAG_X3000_JEM-1400 Flash_22441,classe_10,5.015985790408526,True
/content/drive/MyDrive/progetto_immunogold/patches/images/SA-MAG_X3000_JEM-1400 Flash_22441_x0_y1120.png,SA-MAG_X3000_JEM-1400 Flash_22441,classe_10,5.015985790408526,True
/content/drive/MyDrive/progetto_immunogold/patches/images/SA-MAG_X3000_JEM-1400 Flash_22441_x0_y1344.png,SA-MAG_X3000_JEM-1400 Flash_22441,classe_10,5.015985790408526,True
/content/drive/MyDrive/progetto_immunogold/patches/images/SA-MAG_X3000_JEM-1400 Flash_22441_x0_y1568.png,SA-MAG_X3000_JEM-1400 Flash_22441,classe_10,5.015985790408526,True
/content/drive/MyDrive/progetto_immunogold/patches/images/SA-MAG_X3000_JEM-1400 Flash_22441_x0_y1792.png,SA-MAG_X3000_JEM-1400 Flash_22441,classe_10,5.015985790408526,True
/content/drive/MyDrive/progetto_immunogold/patches/images/SA-MAG_X3000_JEM-1400 Flash_22441_x0_y224.png,SA-MAG_X3000_JEM-1400 Flash_22441,classe_10,5.015985790408526,True
/content/drive/MyDrive/progetto_immunogold/patches/images/SA-MAG_X3000_JEM-1400 Flash_22441_x0_y448.png,SA-MAG_X3000_JEM-1400 Flash_22441,classe_10,5.015985790408526,True
/content/drive/MyDrive/progetto_immunogold/patches/images/SA-MAG_X3000_JEM-1400 Flash_22441_x0_y672.png,SA-MAG_X3000_JEM-1400 Flash_22441,classe_10,5.015985790408526,True
/content/drive/MyDrive/progetto_immunogold/patches/images/SA-MAG_X3000_JEM-1400 Flash_22441_x0_y896.png,SA-MAG_X3000_JEM-1400 Flash_22441,classe_10,5.015985790408526,True
/content/drive/MyDrive/progetto_immunogold/patches/images/SA-MAG_X3000_JEM-1400 Flash_22441_x1120_y0.png,SA-MAG_X3000_JEM-1400 Flash_22441,classe_10,5.015985790408526,True
/content/drive/MyDrive/progetto_immunogold/patches/images/SA-MAG_X3000_JEM-1400 Flash_22441_x1120_y1120.png,SA-MAG_X3000_JEM-1400 Flash_22441,classe_10,5.015985790408526,True
/content/drive/MyDrive/progetto_immunogold/patches/images/SA-MAG_X3000_JEM-1400 Flash_22441_x1120_y1344.png,SA-MAG_X3000_JEM-1400 Flash_22441,classe_10,5.015985790408526,True
/content/drive/MyDrive/progetto_immunogold/patches/images/SA-MAG_X3000_JEM-1400 Flash_22441_x1120_y1568.png,SA-MAG_X3000_JEM-1400 Flash_22441,classe_10,5.015985790408526,True
/content/drive/MyDrive/progetto_immunogold/patches/images/SA-MAG_X3000_JEM-1400 Flash_22441_x1120_y1792.png,SA-MAG_X3000_JEM-1400 Flash_22441,classe_10,5.015985790408526,True
/content/drive/MyDrive/progetto_immunogold/patches/images/SA-MAG_X3000_JEM-1400 Flash_22441_x1120_y224.png,SA-MAG_X3000_JEM-1400 Flash_22441,classe_10,5.015985790408526,True
/content/drive/MyDrive/progetto_immunogold/patches/images/SA-MAG_X3000_JEM-1400 Flash_22441_x1120_y448.png,SA-MAG_X3000_JEM-1400 Flash_22441,classe_10,5.015985790408526,True
/content/drive/MyDrive/progetto_immunogold/patches/images/SA-MAG_X3000_JEM-1400 Flash_22441_x1120_y672.png,SA-MAG_X3000_JEM-1400 Flash_22441,classe_10,5.015985790408526,True
/content/drive/MyDrive/progetto_immunogold/patches/images/SA-MAG_X3000_JEM-1400 Flash_22441_x1120_y896.png,SA-MAG_X3000_JEM-1400 Flash_22441,classe_10,5.015985790408526,True
/content/drive/MyDrive/progetto_immunogold/patches/images/SA-MAG_X3000_JEM-1400 Flash_22441_x1344_y0.png,SA-MAG_X3000_JEM-1400 Flash_22441,classe_10,5.015985790408526,True
/content/drive/MyDrive/progetto_immunogold/patches/images/SA-MAG_X3000_JEM-1400 Flash_22441_x1344_y1120.png,SA-MAG_X3000_JEM-1400 Flash_22441,classe_10,5.015985790408526,True
/content/drive/MyDrive/progetto_immunogold/patches/images/SA-MAG_X3000_JEM-1400 Flash_22441_x1344_y1344.png,SA-MAG_X3000_JEM-1400 Flash_22441,classe_10,5.015985790408526,True
/content/drive/MyDrive/progetto_immunogold/patches/images/SA-MAG_X3000_JEM-1400 Flash_22441_x1344_y1568.png,SA-MAG_X3000_JEM-1400 Flash_22441,classe_10,5.015985790408526,True
/content/drive/MyDrive/progetto_immunogold/patches/images/SA-MAG_X3000_JEM-1400 Flash_22441_x1344_y1792.png,SA-MAG_X3000_JEM-1400 Flash_22441,classe_10,5.015985790408526,True
/content/drive/MyDrive/progetto_immunogold/patches/images/SA-MAG_X3000_JEM-1400 Flash_22441_x1344_y224.png,SA-MAG_X3000_JEM-1400 Flash_22441,classe_10,5.015985790408526,True
/content/drive/MyDrive/progetto_immunogold/patches/images/SA-MAG_X3000_JEM-1400 Flash_22441_x1344_y448.png,SA-MAG_X3000_JEM-1400 Flash_22441,classe_10,5.015985790408526,True
/content/drive/MyDrive/progetto_immunogold/patches/images/SA-MAG_X3000_JEM-1400 Flash_22441_x1344_y672.png,SA-MAG_X3000_JEM-1400 Flash_22441,classe_10,5.015985790408526,True
/content/drive/MyDrive/progetto_immunogold/patches/images/SA-MAG_X3000_JEM-1400 Flash_22441_x1344_y896.png,SA-MAG_X3000_JEM-1400 Flash_22441,classe_10,5.015985790408526,True
/content/drive/MyDrive/progetto_immunogold/patches/images/SA-MAG_X3000_JEM-1400 Flash_22441_x1568_y0.png,SA-MAG_X3000_JEM-1400 Flash_22441,classe_10,5.015985790408526,True
/content/drive/MyDrive/progetto_immunogold/patches/images/SA-MAG_X3000_JEM-1400 Flash_22441_x1568_y1120.png,SA-MAG_X3000_JEM-1400 Flash_22441,classe_10,5.015985790408526,True
/content/drive/MyDrive/progetto_immunogold/patches/images/SA-MAG_X3000_JEM-1400 Flash_22441_x1568_y1344.png,SA-MAG_X3000_JEM-1400 Flash_22441,classe_10,5.015985790408526,True
/content/drive/MyDrive/progetto_immunogold/patches/images/SA-MAG_X3000_JEM-1400 Flash_22441_x1568_y1568.png,SA-MAG_X3000_JEM-1400 Flash_22441,classe_10,5.015985790408526,True
/content/drive/MyDrive/progetto_immunogold/patches/images/SA-MAG_X3000_JEM-1400 Flash_22441_x1568_y1792.png,SA-MAG_X3000_JEM-1400 Flash_22441,classe_10,5.015985790408526,True
/content/drive/MyDrive/progetto_immunogold/patches/images/SA-MAG_X3000_JEM-1400 Flash_22441_x1568_y224.png,SA-MAG_X3000_JEM-1400 Flash_22441,classe_10,5.015985790408526,True
/content/drive/MyDrive/progetto_immunogold/patches/images/SA-MAG_X3000_JEM-1400 Flash_22441_x1568_y448.png,SA-MAG_X3000_JEM-1400 Flash_22441,classe_10,5.015985790408526,True
/content/drive/MyDrive/progetto_immunogold/patches/images/SA-MAG_X3000_JEM-1400 Flash_22441_x1568_y672.png,SA-MAG_X3000_JEM-1400 Flash_22441,classe_10,5.015985790408526,True
/content/drive/MyDrive/progetto_immunogold/patches/images/SA-MAG_X3000_JEM-1400 Flash_22441_x1568_y896.png,SA-MAG_X3000_JEM-1400 Flash_22441,classe_10,5.015985790408526,True
/content/drive/MyDrive/progetto_immunogold/patches/images/SA-MAG_X3000_JEM-1400 Flash_22441_x1792_y0.png,SA-MAG_X3000_JEM-1400 Flash_22441,classe_10,5.015985790408526,True
/content/drive/MyDrive/progetto_immunogold/patches/images/SA-MAG_X3000_JEM-1400 Flash_22441_x1792_y1120.png,SA-MAG_X3000_JEM-1400 Flash_22441,classe_10,5.015985790408526,True
/content/drive/MyDrive/progetto_immunogold/patches/images/SA-MAG_X3000_JEM-1400 Flash_22441_x1792_y1344.png,SA-MAG_X3000_JEM-1400 Flash_22441,classe_10,5.015985790408526,True
/content/drive/MyDrive/progetto_immunogold/patches/images/SA-MAG_X3000_JEM-1400 Flash_22441_x1792_y1568.png,SA-MAG_X3000_JEM-1400 Flash_22441,classe_10,5.015985790408526,True
/content/drive/MyDrive/progetto_immunogold/patches/images/SA-MAG_X3000_JEM-1400 Flash_22441_x1792_y1792.png,SA-MAG_X3000_JEM-1400 Flash_22441,classe_10,5.015985790408526,True
/content/drive/MyDrive/progetto_immunogold/patches/images/SA-MAG_X3000_JEM-1400 Flash_22441_x1792_y224.png,SA-MAG_X3000_JEM-1400 Flash_22441,classe_10,5.015985790408526,True
/content/drive/MyDrive/progetto_immunogold/patches/images/SA-MAG_X3000_JEM-1400 Flash_22441_x1792_y448.png,SA-MAG_X3000_JEM-1400 Flash_22441,classe_10,5.015985790408526,True
/content/drive/MyDrive/progetto_immunogold/patches/images/SA-MAG_X3000_JEM-1400 Flash_22441_x1792_y672.png,SA-MAG_X3000_JEM-1400 Flash_22441,classe_10,5.015985790408526,True
/content/drive/MyDrive/progetto_immunogold/patches/images/SA-MAG_X3000_JEM-1400 Flash_22441_x1792_y896.png,SA-MAG_X3000_JEM-1400 Flash_22441,classe_10,5.015985790408526,True
/content/drive/MyDrive/progetto_immunogold/patches/images/SA-MAG_X3000_JEM-1400 Flash_22441_x224_y0.png,SA-MAG_X3000_JEM-1400 Flash_22441,classe_10,5.015985790408526,True
/content/drive/MyDrive/progetto_immunogold/patches/images/SA-MAG_X3000_JEM-1400 Flash_22441_x224_y1120.png,SA-MAG_X3000_JEM-1400 Flash_22441,classe_10,5.015985790408526,True
/content/drive/MyDrive/progetto_immunogold/patches/images/SA-MAG_X3000_JEM-1400 Flash_22441_x224_y1344.png,SA-MAG_X3000_JEM-1400 Flash_22441,classe_10,5.015985790408526,True
/content/drive/MyDrive/progetto_immunogold/patches/images/SA-MAG_X3000_JEM-1400 Flash_22441_x224_y1568.png,SA-MAG_X3000_JEM-1400 Flash_22441,classe_10,5.015985790408526,True
/content/drive/MyDrive/progetto_immunogold/patches/images/SA-MAG_X3000_JEM-1400 Flash_22441_x224_y1792.png,SA-MAG_X3000_JEM-1400 Flash_22441,classe_10,5.015985790408526,True
/content/drive/MyDrive/progetto_immunogold/patches/images/SA-MAG_X3000_JEM-1400 Flash_22441_x224_y224.png,SA-MAG_X3000_JEM-1400 Flash_22441,classe_10,5.015985790408526,True
/content/drive/MyDrive/progetto_immunogold/patches/images/SA-MAG_X3000_JEM-1400 Flash_22441_x224_y448.png,SA-MAG_X3000_JEM-1400 Flash_22441,classe_10,5.015985790408526,True
/content/drive/MyDrive/progetto_immunogold/patches/images/SA-MAG_X3000_JEM-1400 Flash_22441_x224_y672.png,SA-MAG_X3000_JEM-1400 Flash_22441,classe_10,5.015985790408526,True
/content/drive/MyDrive/progetto_immunogold/patches/images/SA-MAG_X3000_JEM-1400 Flash_22441_x224_y896.png,SA-MAG_X3000_JEM-1400 Flash_22441,classe_10,5.015985790408526,True
/content/drive/MyDrive/progetto_immunogold/patches/images/SA-MAG_X3000_JEM-1400 Flash_22441_x448_y0.png,SA-MAG_X3000_JEM-1400 Flash_22441,classe_10,5.015985790408526,True
/content/drive/MyDrive/progetto_immunogold/patches/images/SA-MAG_X3000_JEM-1400 Flash_22441_x448_y1120.png,SA-MAG_X3000_JEM-1400 Flash_22441,classe_10,5.015985790408526,True
/content/drive/MyDrive/progetto_immunogold/patches/images/SA-MAG_X3000_JEM-1400 Flash_22441_x448_y1344.png,SA-MAG_X3000_JEM-1400 Flash_22441,classe_10,5.015985790408526,True
/content/drive/MyDrive/progetto_immunogold/patches/images/SA-MAG_X3000_JEM-1400 Flash_22441_x448_y1568.png,SA-MAG_X3000_JEM-1400 Flash_22441,classe_10,5.015985790408526,True
/content/drive/MyDrive/progetto_immunogold/patches/images/SA-MAG_X3000_JEM-1400 Flash_22441_x448_y1792.png,SA-MAG_X3000_JEM-1400 Flash_22441,classe_10,5.015985790408526,True
/content/drive/MyDrive/progetto_immunogold/patches/images/SA-MAG_X3000_JEM-1400 Flash_22441_x448_y224.png,SA-MAG_X3000_JEM-1400 Flash_22441,classe_10,5.015985790408526,True
/content/drive/MyDrive/progetto_immunogold/patches/images/SA-MAG_X3000_JEM-1400 Flash_22441_x448_y448.png,SA-MAG_X3000_JEM-1400 Flash_22441,classe_10,5.015985790408526,True
/content/drive/MyDrive/progetto_immunogold/patches/images/SA-MAG_X3000_JEM-1400 Flash_22441_x448_y672.png,SA-MAG_X3000_JEM-1400 Flash_22441,classe_10,5.015985790408526,True
/content/drive/MyDrive/progetto_immunogold/patches/images/SA-MAG_X3000_JEM-1400 Flash_22441_x448_y896.png,SA-MAG_X3000_JEM-1400 Flash_22441,classe_10,5.015985790408526,True
/content/drive/MyDrive/progetto_immunogold/patches/images/SA-MAG_X3000_JEM-1400 Flash_22441_x672_y0.png,SA-MAG_X3000_JEM-1400 Flash_22441,classe_10,5.015985790408526,True
/content/drive/MyDrive/progetto_immunogold/patches/images/SA-MAG_X3000_JEM-1400 Flash_22441_x672_y1120.png,SA-MAG_X3000_JEM-1400 Flash_22441,classe_10,5.015985790408526,True
/content/drive/MyDrive/progetto_immunogold/patches/images/SA-MAG_X3000_JEM-1400 Flash_22441_x672_y1344.png,SA-MAG_X3000_JEM-1400 Flash_22441,classe_10,5.015985790408526,True
/content/drive/MyDrive/progetto_immunogold/patches/images/SA-MAG_X3000_JEM-1400 Flash_22441_x672_y1568.png,SA-MAG_X3000_JEM-1400 Flash_22441,classe_10,5.015985790408526,True
/content/drive/MyDrive/progetto_immunogold/patches/images/SA-MAG_X3000_JEM-1400 Flash_22441_x672_y1792.png,SA-MAG_X3000_JEM-1400 Flash_22441,classe_10,5.015985790408526,True
/content/drive/MyDrive/progetto_immunogold/patches/images/SA-MAG_X3000_JEM-1400 Flash_22441_x672_y224.png,SA-MAG_X3000_JEM-1400 Flash_22441,classe_10,5.015985790408526,True
/content/drive/MyDrive/progetto_immunogold/patches/images/SA-MAG_X3000_JEM-1400 Flash_22441_x672_y448.png,SA-MAG_X3000_JEM-1400 Flash_22441,classe_10,5.015985790408526,True
/content/drive/MyDrive/progetto_immunogold/patches/images/SA-MAG_X3000_JEM-1400 Flash_22441_x672_y672.png,SA-MAG_X3000_JEM-1400 Flash_22441,classe_10,5.015985790408526,True
/content/drive/MyDrive/progetto_immunogold/patches/images/SA-MAG_X3000_JEM-1400 Flash_22441_x672_y896.png,SA-MAG_X3000_JEM-1400 Flash_22441,classe_10,5.015985790408526,True
/content/drive/MyDrive/progetto_immunogold/patches/images/SA-MAG_X3000_JEM-1400 Flash_22441_x896_y0.png,SA-MAG_X3000_JEM-1400 Flash_22441,classe_10,5.015985790408526,True
/content/drive/MyDrive/progetto_immunogold/patches/images/SA-MAG_X3000_JEM-1400 Flash_22441_x896_y1120.png,SA-MAG_X3000_JEM-1400 Flash_22441,classe_10,5.015985790408526,True
/content/drive/MyDrive/progetto_immunogold/patches/images/SA-MAG_X3000_JEM-1400 Flash_22441_x896_y1344.png,SA-MAG_X3000_JEM-1400 Flash_22441,classe_10,5.015985790408526,True
/content/drive/MyDrive/progetto_immunogold/patches/images/SA-MAG_X3000_JEM-1400 Flash_22441_x896_y1568.png,SA-MAG_X3000_JEM-1400 Flash_22441,classe_10,5.015985790408526,True
/content/drive/MyDrive/progetto_immunogold/patches/images/SA-MAG_X3000_JEM-1400 Flash_22441_x896_y1792.png,SA-MAG_X3000_JEM-1400 Flash_22441,classe_10,5.015985790408526,True
/content/drive/MyDrive/progetto_immunogold/patches/images/SA-MAG_X3000_JEM-1400 Flash_22441_x896_y224.png,SA-MAG_X3000_JEM-1400 Flash_22441,classe_10,5.015985790408526,True
/content/drive/MyDrive/progetto_immunogold/patches/images/SA-MAG_X3000_JEM-1400 Flash_22441_x896_y448.png,SA-MAG_X3000_JEM-1400 Flash_22441,classe_10,5.015985790408526,True
/content/drive/MyDrive/progetto_immunogold/patches/images/SA-MAG_X3000_JEM-1400 Flash_22441_x896_y672.png,SA-MAG_X3000_JEM-1400 Flash_22441,classe_10,5.015985790408526,True
/content/drive/MyDrive/progetto_immunogold/patches/images/SA-MAG_X3000_JEM-1400 Flash_22441_x896_y896.png,SA-MAG_X3000_JEM-1400 Flash_22441,classe_10,5.015985790408526,True
/content/drive/MyDrive/progetto_immunogold/patches/images/SA-MAG_X30k_JEM-1400 Flash_22426_x0_y0.png,SA-MAG_X30k_JEM-1400 Flash_22426,classe_2,8.767857142857142,True
/content/drive/MyDrive/progetto_immunogold/patches/images/SA-MAG_X30k_JEM-1400 Flash_22426_x0_y1120.png,SA-MAG_X30k_JEM-1400 Flash_22426,classe_2,8.767857142857142,True
/content/drive/MyDrive/progetto_immunogold/patches/images/SA-MAG_X30k_JEM-1400 Flash_22426_x0_y1344.png,SA-MAG_X30k_JEM-1400 Flash_22426,classe_2,8.767857142857142,True
/content/drive/MyDrive/progetto_immunogold/patches/images/SA-MAG_X30k_JEM-1400 Flash_22426_x0_y1568.png,SA-MAG_X30k_JEM-1400 Flash_22426,classe_2,8.767857142857142,True
/content/drive/MyDrive/progetto_immunogold/patches/images/SA-MAG_X30k_JEM-1400 Flash_22426_x0_y1792.png,SA-MAG_X30k_JEM-1400 Flash_22426,classe_2,8.767857142857142,True
/content/drive/MyDrive/progetto_immunogold/patches/images/SA-MAG_X30k_JEM-1400 Flash_22426_x0_y224.png,SA-MAG_X30k_JEM-1400 Flash_22426,classe_2,8.767857142857142,True
/content/drive/MyDrive/progetto_immunogold/patches/images/SA-MAG_X30k_JEM-1400 Flash_22426_x0_y448.png,SA-MAG_X30k_JEM-1400 Flash_22426,classe_2,8.767857142857142,True
/content/drive/MyDrive/progetto_immunogold/patches/images/SA-MAG_X30k_JEM-1400 Flash_22426_x0_y672.png,SA-MAG_X30k_JEM-1400 Flash_22426,classe_2,8.767857142857142,True
/content/drive/MyDrive/progetto_immunogold/patches/images/SA-MAG_X30k_JEM-1400 Flash_22426_x0_y896.png,SA-MAG_X30k_JEM-1400 Flash_22426,classe_2,8.767857142857142,True
/content/drive/MyDrive/progetto_immunogold/patches/images/SA-MAG_X30k_JEM-1400 Flash_22426_x1120_y0.png,SA-MAG_X30k_JEM-1400 Flash_22426,classe_2,8.767857142857142,True
/content/drive/MyDrive/progetto_immunogold/patches/images/SA-MAG_X30k_JEM-1400 Flash_22426_x1120_y1120.png,SA-MAG_X30k_JEM-1400 Flash_22426,classe_2,8.767857142857142,True
/content/drive/MyDrive/progetto_immunogold/patches/images/SA-MAG_X30k_JEM-1400 Flash_22426_x1120_y1344.png,SA-MAG_X30k_JEM-1400 Flash_22426,classe_2,8.767857142857142,True
/content/drive/MyDrive/progetto_immunogold/patches/images/SA-MAG_X30k_JEM-1400 Flash_22426_x1120_y1568.png,SA-MAG_X30k_JEM-1400 Flash_22426,classe_2,8.767857142857142,True
/content/drive/MyDrive/progetto_immunogold/patches/images/SA-MAG_X30k_JEM-1400 Flash_22426_x1120_y1792.png,SA-MAG_X30k_JEM-1400 Flash_22426,classe_2,8.767857142857142,True
/content/drive/MyDrive/progetto_immunogold/patches/images/SA-MAG_X30k_JEM-1400 Flash_22426_x1120_y224.png,SA-MAG_X30k_JEM-1400 Flash_22426,classe_2,8.767857142857142,True
/content/drive/MyDrive/progetto_immunogold/patches/images/SA-MAG_X30k_JEM-1400 Flash_22426_x1120_y448.png,SA-MAG_X30k_JEM-1400 Flash_22426,classe_2,8.767857142857142,True
/content/drive/MyDrive/progetto_immunogold/patches/images/SA-MAG_X30k_JEM-1400 Flash_22426_x1120_y672.png,SA-MAG_X30k_JEM-1400 Flash_22426,classe_2,8.767857142857142,True
/content/drive/MyDrive/progetto_immunogold/patches/images/SA-MAG_X30k_JEM-1400 Flash_22426_x1120_y896.png,SA-MAG_X30k_JEM-1400 Flash_22426,classe_2,8.767857142857142,True
/content/drive/MyDrive/progetto_immunogold/patches/images/SA-MAG_X30k_JEM-1400 Flash_22426_x1344_y0.png,SA-MAG_X30k_JEM-1400 Flash_22426,classe_2,8.767857142857142,True
/content/drive/MyDrive/progetto_immunogold/patches/images/SA-MAG_X30k_JEM-1400 Flash_22426_x1344_y1120.png,SA-MAG_X30k_JEM-1400 Flash_22426,classe_2,8.767857142857142,True
/content/drive/MyDrive/progetto_immunogold/patches/images/SA-MAG_X30k_JEM-1400 Flash_22426_x1344_y1344.png,SA-MAG_X30k_JEM-1400 Flash_22426,classe_2,8.767857142857142,True
/content/drive/MyDrive/progetto_immunogold/patches/images/SA-MAG_X30k_JEM-1400 Flash_22426_x1344_y1568.png,SA-MAG_X30k_JEM-1400 Flash_22426,classe_2,8.767857142857142,True
/content/drive/MyDrive/progetto_immunogold/patches/images/SA-MAG_X30k_JEM-1400 Flash_22426_x1344_y1792.png,SA-MAG_X30k_JEM-1400 Flash_22426,classe_2,8.767857142857142,True
/content/drive/MyDrive/progetto_immunogold/patches/images/SA-MAG_X30k_JEM-1400 Flash_22426_x1344_y224.png,SA-MAG_X30k_JEM-1400 Flash_22426,classe_2,8.767857142857142,True
/content/drive/MyDrive/progetto_immunogold/patches/images/SA-MAG_X30k_JEM-1400 Flash_22426_x1344_y448.png,SA-MAG_X30k_JEM-1400 Flash_22426,classe_2,8.767857142857142,True
/content/drive/MyDrive/progetto_immunogold/patches/images/SA-MAG_X30k_JEM-1400 Flash_22426_x1344_y672.png,SA-MAG_X30k_JEM-1400 Flash_22426,classe_2,8.767857142857142,True
/content/drive/MyDrive/progetto_immunogold/patches/images/SA-MAG_X30k_JEM-1400 Flash_22426_x1344_y896.png,SA-MAG_X30k_JEM-1400 Flash_22426,classe_2,8.767857142857142,True
/content/drive/MyDrive/progetto_immunogold/patches/images/SA-MAG_X30k_JEM-1400 Flash_22426_x1568_y0.png,SA-MAG_X30k_JEM-1400 Flash_22426,classe_2,8.767857142857142,True
/content/drive/MyDrive/progetto_immunogold/patches/images/SA-MAG_X30k_JEM-1400 Flash_22426_x1568_y1120.png,SA-MAG_X30k_JEM-1400 Flash_22426,classe_2,8.767857142857142,True
/content/drive/MyDrive/progetto_immunogold/patches/images/SA-MAG_X30k_JEM-1400 Flash_22426_x1568_y1344.png,SA-MAG_X30k_JEM-1400 Flash_22426,classe_2,8.767857142857142,True
/content/drive/MyDrive/progetto_immunogold/patches/images/SA-MAG_X30k_JEM-1400 Flash_22426_x1568_y1568.png,SA-MAG_X30k_JEM-1400 Flash_22426,classe_2,8.767857142857142,True
/content/drive/MyDrive/progetto_immunogold/patches/images/SA-MAG_X30k_JEM-1400 Flash_22426_x1568_y1792.png,SA-MAG_X30k_JEM-1400 Flash_22426,classe_2,8.767857142857142,True
/content/drive/MyDrive/progetto_immunogold/patches/images/SA-MAG_X30k_JEM-1400 Flash_22426_x1568_y224.png,SA-MAG_X30k_JEM-1400 Flash_22426,classe_2,8.767857142857142,True
/content/drive/MyDrive/progetto_immunogold/patches/images/SA-MAG_X30k_JEM-1400 Flash_22426_x1568_y448.png,SA-MAG_X30k_JEM-1400 Flash_22426,classe_2,8.767857142857142,True
/content/drive/MyDrive/progetto_immunogold/patches/images/SA-MAG_X30k_JEM-1400 Flash_22426_x1568_y672.png,SA-MAG_X30k_JEM-1400 Flash_22426,classe_2,8.767857142857142,True
/content/drive/MyDrive/progetto_immunogold/patches/images/SA-MAG_X30k_JEM-1400 Flash_22426_x1568_y896.png,SA-MAG_X30k_JEM-1400 Flash_22426,classe_2,8.767857142857142,True
/content/drive/MyDrive/progetto_immunogold/patches/images/SA-MAG_X30k_JEM-1400 Flash_22426_x1792_y0.png,SA-MAG_X30k_JEM-1400 Flash_22426,classe_2,8.767857142857142,True
/content/drive/MyDrive/progetto_immunogold/patches/images/SA-MAG_X30k_JEM-1400 Flash_22426_x1792_y1120.png,SA-MAG_X30k_JEM-1400 Flash_22426,classe_2,8.767857142857142,True
/content/drive/MyDrive/progetto_immunogold/patches/images/SA-MAG_X30k_JEM-1400 Flash_22426_x1792_y1344.png,SA-MAG_X30k_JEM-1400 Flash_22426,classe_2,8.767857142857142,True
/content/drive/MyDrive/progetto_immunogold/patches/images/SA-MAG_X30k_JEM-1400 Flash_22426_x1792_y1568.png,SA-MAG_X30k_JEM-1400 Flash_22426,classe_2,8.767857142857142,True
/content/drive/MyDrive/progetto_immunogold/patches/images/SA-MAG_X30k_JEM-1400 Flash_22426_x1792_y1792.png,SA-MAG_X30k_JEM-1400 Flash_22426,classe_2,8.767857142857142,True
/content/drive/MyDrive/progetto_immunogold/patches/images/SA-MAG_X30k_JEM-1400 Flash_22426_x1792_y224.png,SA-MAG_X30k_JEM-1400 Flash_22426,classe_2,8.767857142857142,True
/content/drive/MyDrive/progetto_immunogold/patches/images/SA-MAG_X30k_JEM-1400 Flash_22426_x1792_y448.png,SA-MAG_X30k_JEM-1400 Flash_22426,classe_2,8.767857142857142,True
/content/drive/MyDrive/progetto_immunogold/patches/images/SA-MAG_X30k_JEM-1400 Flash_22426_x1792_y672.png,SA-MAG_X30k_JEM-1400 Flash_22426,classe_2,8.767857142857142,True
/content/drive/MyDrive/progetto_immunogold/patches/images/SA-MAG_X30k_JEM-1400 Flash_22426_x1792_y896.png,SA-MAG_X30k_JEM-1400 Flash_22426,classe_2,8.767857142857142,True
/content/drive/MyDrive/progetto_immunogold/patches/images/SA-MAG_X30k_JEM-1400 Flash_22426_x224_y0.png,SA-MAG_X30k_JEM-1400 Flash_22426,classe_2,8.767857142857142,True
/content/drive/MyDrive/progetto_immunogold/patches/images/SA-MAG_X30k_JEM-1400 Flash_22426_x224_y1120.png,SA-MAG_X30k_JEM-1400 Flash_22426,classe_2,8.767857142857142,True
/content/drive/MyDrive/progetto_immunogold/patches/images/SA-MAG_X30k_JEM-1400 Flash_22426_x224_y1344.png,SA-MAG_X30k_JEM-1400 Flash_22426,classe_2,8.767857142857142,True
/content/drive/MyDrive/progetto_immunogold/patches/images/SA-MAG_X30k_JEM-1400 Flash_22426_x224_y1568.png,SA-MAG_X30k_JEM-1400 Flash_22426,classe_2,8.767857142857142,True
/content/drive/MyDrive/progetto_immunogold/patches/images/SA-MAG_X30k_JEM-1400 Flash_22426_x224_y1792.png,SA-MAG_X30k_JEM-1400 Flash_22426,classe_2,8.767857142857142,True
/content/drive/MyDrive/progetto_immunogold/patches/images/SA-MAG_X30k_JEM-1400 Flash_22426_x224_y224.png,SA-MAG_X30k_JEM-1400 Flash_22426,classe_2,8.767857142857142,True
/content/drive/MyDrive/progetto_immunogold/patches/images/SA-MAG_X30k_JEM-1400 Flash_22426_x224_y448.png,SA-MAG_X30k_JEM-1400 Flash_22426,classe_2,8.767857142857142,True
/content/drive/MyDrive/progetto_immunogold/patches/images/SA-MAG_X30k_JEM-1400 Flash_22426_x224_y672.png,SA-MAG_X30k_JEM-1400 Flash_22426,classe_2,8.767857142857142,True
/content/drive/MyDrive/progetto_immunogold/patches/images/SA-MAG_X30k_JEM-1400 Flash_22426_x224_y896.png,SA-MAG_X30k_JEM-1400 Flash_22426,classe_2,8.767857142857142,True
/content/drive/MyDrive/progetto_immunogold/patches/images/SA-MAG_X30k_JEM-1400 Flash_22426_x448_y0.png,SA-MAG_X30k_JEM-1400 Flash_22426,classe_2,8.767857142857142,True
/content/drive/MyDrive/progetto_immunogold/patches/images/SA-MAG_X30k_JEM-1400 Flash_22426_x448_y1120.png,SA-MAG_X30k_JEM-1400 Flash_22426,classe_2,8.767857142857142,True
/content/drive/MyDrive/progetto_immunogold/patches/images/SA-MAG_X30k_JEM-1400 Flash_22426_x448_y1344.png,SA-MAG_X30k_JEM-1400 Flash_22426,classe_2,8.767857142857142,True
/content/drive/MyDrive/progetto_immunogold/patches/images/SA-MAG_X30k_JEM-1400 Flash_22426_x448_y1568.png,SA-MAG_X30k_JEM-1400 Flash_22426,classe_2,8.767857142857142,True
/content/drive/MyDrive/progetto_immunogold/patches/images/SA-MAG_X30k_JEM-1400 Flash_22426_x448_y1792.png,SA-MAG_X30k_JEM-1400 Flash_22426,classe_2,8.767857142857142,True
/content/drive/MyDrive/progetto_immunogold/patches/images/SA-MAG_X30k_JEM-1400 Flash_22426_x448_y224.png,SA-MAG_X30k_JEM-1400 Flash_22426,classe_2,8.767857142857142,True
/content/drive/MyDrive/progetto_immunogold/patches/images/SA-MAG_X30k_JEM-1400 Flash_22426_x448_y448.png,SA-MAG_X30k_JEM-1400 Flash_22426,classe_2,8.767857142857142,True
/content/drive/MyDrive/progetto_immunogold/patches/images/SA-MAG_X30k_JEM-1400 Flash_22426_x448_y672.png,SA-MAG_X30k_JEM-1400 Flash_22426,classe_2,8.767857142857142,True
/content/drive/MyDrive/progetto_immunogold/patches/images/SA-MAG_X30k_JEM-1400 Flash_22426_x448_y896.png,SA-MAG_X30k_JEM-1400 Flash_22426,classe_2,8.767857142857142,True
/content/drive/MyDrive/progetto_immunogold/patches/images/SA-MAG_X30k_JEM-1400 Flash_22426_x672_y0.png,SA-MAG_X30k_JEM-1400 Flash_22426,classe_2,8.767857142857142,True
/content/drive/MyDrive/progetto_immunogold/patches/images/SA-MAG_X30k_JEM-1400 Flash_22426_x672_y1120.png,SA-MAG_X30k_JEM-1400 Flash_22426,classe_2,8.767857142857142,True
/content/drive/MyDrive/progetto_immunogold/patches/images/SA-MAG_X30k_JEM-1400 Flash_22426_x672_y1344.png,SA-MAG_X30k_JEM-1400 Flash_22426,classe_2,8.767857142857142,True
/content/drive/MyDrive/progetto_immunogold/patches/images/SA-MAG_X30k_JEM-1400 Flash_22426_x672_y1568.png,SA-MAG_X30k_JEM-1400 Flash_22426,classe_2,8.767857142857142,True
/content/drive/MyDrive/progetto_immunogold/patches/images/SA-MAG_X30k_JEM-1400 Flash_22426_x672_y1792.png,SA-MAG_X30k_JEM-1400 Flash_22426,classe_2,8.767857142857142,True
/content/drive/MyDrive/progetto_immunogold/patches/images/SA-MAG_X30k_JEM-1400 Flash_22426_x672_y224.png,SA-MAG_X30k_JEM-1400 Flash_22426,classe_2,8.767857142857142,True
/content/drive/MyDrive/progetto_immunogold/patches/images/SA-MAG_X30k_JEM-1400 Flash_22426_x672_y448.png,SA-MAG_X30k_JEM-1400 Flash_22426,classe_2,8.767857142857142,True
/content/drive/MyDrive/progetto_immunogold/patches/images/SA-MAG_X30k_JEM-1400 Flash_22426_x672_y672.png,SA-MAG_X30k_JEM-1400 Flash_22426,classe_2,8.767857142857142,True
/content/drive/MyDrive/progetto_immunogold/patches/images/SA-MAG_X30k_JEM-1400 Flash_22426_x672_y896.png,SA-MAG_X30k_JEM-1400 Flash_22426,classe_2,8.767857142857142,True
/content/drive/MyDrive/progetto_immunogold/patches/images/SA-MAG_X30k_JEM-1400 Flash_22426_x896_y0.png,SA-MAG_X30k_JEM-1400 Flash_22426,classe_2,8.767857142857142,True
/content/drive/MyDrive/progetto_immunogold/patches/images/SA-MAG_X30k_JEM-1400 Flash_22426_x896_y1120.png,SA-MAG_X30k_JEM-1400 Flash_22426,classe_2,8.767857142857142,True
/content/drive/MyDrive/progetto_immunogold/patches/images/SA-MAG_X30k_JEM-1400 Flash_22426_x896_y1344.png,SA-MAG_X30k_JEM-1400 Flash_22426,classe_2,8.767857142857142,True
/content/drive/MyDrive/progetto_immunogold/patches/images/SA-MAG_X30k_JEM-1400 Flash_22426_x896_y1568.png,SA-MAG_X30k_JEM-1400 Flash_22426,classe_2,8.767857142857142,True
/content/drive/MyDrive/progetto_immunogold/patches/images/SA-MAG_X30k_JEM-1400 Flash_22426_x896_y1792.png,SA-MAG_X30k_JEM-1400 Flash_22426,classe_2,8.767857142857142,True
/content/drive/MyDrive/progetto_immunogold/patches/images/SA-MAG_X30k_JEM-1400 Flash_22426_x896_y224.png,SA-MAG_X30k_JEM-1400 Flash_22426,classe_2,8.767857142857142,True
/content/drive/MyDrive/progetto_immunogold/patches/images/SA-MAG_X30k_JEM-1400 Flash_22426_x896_y448.png,SA-MAG_X30k_JEM-1400 Flash_22426,classe_2,8.767857142857142,True
/content/drive/MyDrive/progetto_immunogold/patches/images/SA-MAG_X30k_JEM-1400 Flash_22426_x896_y672.png,SA-MAG_X30k_JEM-1400 Flash_22426,classe_2,8.767857142857142,True
/content/drive/MyDrive/progetto_immunogold/patches/images/SA-MAG_X30k_JEM-1400 Flash_22426_x896_y896.png,SA-MAG_X30k_JEM-1400 Flash_22426,classe_2,8.767857142857142,True
/content/drive/MyDrive/progetto_immunogold/patches/images/SA-MAG_X30k_JEM-1400 Flash_22562_x0_y0.png,SA-MAG_X30k_JEM-1400 Flash_22562,classe_1,11.022222222222222,True
/content/drive/MyDrive/progetto_immunogold/patches/images/SA-MAG_X30k_JEM-1400 Flash_22562_x0_y1120.png,SA-MAG_X30k_JEM-1400 Flash_22562,classe_1,11.022222222222222,True
/content/drive/MyDrive/progetto_immunogold/patches/images/SA-MAG_X30k_JEM-1400 Flash_22562_x0_y1344.png,SA-MAG_X30k_JEM-1400 Flash_22562,classe_1,11.022222222222222,True
/content/drive/MyDrive/progetto_immunogold/patches/images/SA-MAG_X30k_JEM-1400 Flash_22562_x0_y1568.png,SA-MAG_X30k_JEM-1400 Flash_22562,classe_1,11.022222222222222,True
/content/drive/MyDrive/progetto_immunogold/patches/images/SA-MAG_X30k_JEM-1400 Flash_22562_x0_y1792.png,SA-MAG_X30k_JEM-1400 Flash_22562,classe_1,11.022222222222222,True
/content/drive/MyDrive/progetto_immunogold/patches/images/SA-MAG_X30k_JEM-1400 Flash_22562_x0_y224.png,SA-MAG_X30k_JEM-1400 Flash_22562,classe_1,11.022222222222222,True
/content/drive/MyDrive/progetto_immunogold/patches/images/SA-MAG_X30k_JEM-1400 Flash_22562_x0_y448.png,SA-MAG_X30k_JEM-1400 Flash_22562,classe_1,11.022222222222222,True
/content/drive/MyDrive/progetto_immunogold/patches/images/SA-MAG_X30k_JEM-1400 Flash_22562_x0_y672.png,SA-MAG_X30k_JEM-1400 Flash_22562,classe_1,11.022222222222222,True
/content/drive/MyDrive/progetto_immunogold/patches/images/SA-MAG_X30k_JEM-1400 Flash_22562_x0_y896.png,SA-MAG_X30k_JEM-1400 Flash_22562,classe_1,11.022222222222222,True
/content/drive/MyDrive/progetto_immunogold/patches/images/SA-MAG_X30k_JEM-1400 Flash_22562_x1120_y0.png,SA-MAG_X30k_JEM-1400 Flash_22562,classe_1,11.022222222222222,True
/content/drive/MyDrive/progetto_immunogold/patches/images/SA-MAG_X30k_JEM-1400 Flash_22562_x1120_y1120.png,SA-MAG_X30k_JEM-1400 Flash_22562,classe_1,11.022222222222222,True
/content/drive/MyDrive/progetto_immunogold/patches/images/SA-MAG_X30k_JEM-1400 Flash_22562_x1120_y1344.png,SA-MAG_X30k_JEM-1400 Flash_22562,classe_1,11.022222222222222,True
/content/drive/MyDrive/progetto_immunogold/patches/images/SA-MAG_X30k_JEM-1400 Flash_22562_x1120_y1568.png,SA-MAG_X30k_JEM-1400 Flash_22562,classe_1,11.022222222222222,True
/content/drive/MyDrive/progetto_immunogold/patches/images/SA-MAG_X30k_JEM-1400 Flash_22562_x1120_y1792.png,SA-MAG_X30k_JEM-1400 Flash_22562,classe_1,11.022222222222222,True
/content/drive/MyDrive/progetto_immunogold/patches/images/SA-MAG_X30k_JEM-1400 Flash_22562_x1120_y224.png,SA-MAG_X30k_JEM-1400 Flash_22562,classe_1,11.022222222222222,True
/content/drive/MyDrive/progetto_immunogold/patches/images/SA-MAG_X30k_JEM-1400 Flash_22562_x1120_y448.png,SA-MAG_X30k_JEM-1400 Flash_22562,classe_1,11.022222222222222,True
/content/drive/MyDrive/progetto_immunogold/patches/images/SA-MAG_X30k_JEM-1400 Flash_22562_x1120_y672.png,SA-MAG_X30k_JEM-1400 Flash_22562,classe_1,11.022222222222222,True
/content/drive/MyDrive/progetto_immunogold/patches/images/SA-MAG_X30k_JEM-1400 Flash_22562_x1120_y896.png,SA-MAG_X30k_JEM-1400 Flash_22562,classe_1,11.022222222222222,True
/content/drive/MyDrive/progetto_immunogold/patches/images/SA-MAG_X30k_JEM-1400 Flash_22562_x1344_y0.png,SA-MAG_X30k_JEM-1400 Flash_22562,classe_1,11.022222222222222,True
/content/drive/MyDrive/progetto_immunogold/patches/images/SA-MAG_X30k_JEM-1400 Flash_22562_x1344_y1120.png,SA-MAG_X30k_JEM-1400 Flash_22562,classe_1,11.022222222222222,True
/content/drive/MyDrive/progetto_immunogold/patches/images/SA-MAG_X30k_JEM-1400 Flash_22562_x1344_y1344.png,SA-MAG_X30k_JEM-1400 Flash_22562,classe_1,11.022222222222222,True
/content/drive/MyDrive/progetto_immunogold/patches/images/SA-MAG_X30k_JEM-1400 Flash_22562_x1344_y1568.png,SA-MAG_X30k_JEM-1400 Flash_22562,classe_1,11.022222222222222,True
/content/drive/MyDrive/progetto_immunogold/patches/images/SA-MAG_X30k_JEM-1400 Flash_22562_x1344_y1792.png,SA-MAG_X30k_JEM-1400 Flash_22562,classe_1,11.022222222222222,True
/content/drive/MyDrive/progetto_immunogold/patches/images/SA-MAG_X30k_JEM-1400 Flash_22562_x1344_y224.png,SA-MAG_X30k_JEM-1400 Flash_22562,classe_1,11.022222222222222,True
/content/drive/MyDrive/progetto_immunogold/patches/images/SA-MAG_X30k_JEM-1400 Flash_22562_x1344_y448.png,SA-MAG_X30k_JEM-1400 Flash_22562,classe_1,11.022222222222222,True
/content/drive/MyDrive/progetto_immunogold/patches/images/SA-MAG_X30k_JEM-1400 Flash_22562_x1344_y672.png,SA-MAG_X30k_JEM-1400 Flash_22562,classe_1,11.022222222222222,True
/content/drive/MyDrive/progetto_immunogold/patches/images/SA-MAG_X30k_JEM-1400 Flash_22562_x1344_y896.png,SA-MAG_X30k_JEM-1400 Flash_22562,classe_1,11.022222222222222,True
/content/drive/MyDrive/progetto_immunogold/patches/images/SA-MAG_X30k_JEM-1400 Flash_22562_x1568_y0.png,SA-MAG_X30k_JEM-1400 Flash_22562,classe_1,11.022222222222222,True
/content/drive/MyDrive/progetto_immunogold/patches/images/SA-MAG_X30k_JEM-1400 Flash_22562_x1568_y1120.png,SA-MAG_X30k_JEM-1400 Flash_22562,classe_1,11.022222222222222,True
/content/drive/MyDrive/progetto_immunogold/patches/images/SA-MAG_X30k_JEM-1400 Flash_22562_x1568_y1344.png,SA-MAG_X30k_JEM-1400 Flash_22562,classe_1,11.022222222222222,True
/content/drive/MyDrive/progetto_immunogold/patches/images/SA-MAG_X30k_JEM-1400 Flash_22562_x1568_y1568.png,SA-MAG_X30k_JEM-1400 Flash_22562,classe_1,11.022222222222222,True
/content/drive/MyDrive/progetto_immunogold/patches/images/SA-MAG_X30k_JEM-1400 Flash_22562_x1568_y1792.png,SA-MAG_X30k_JEM-1400 Flash_22562,classe_1,11.022222222222222,True
/content/drive/MyDrive/progetto_immunogold/patches/images/SA-MAG_X30k_JEM-1400 Flash_22562_x1568_y224.png,SA-MAG_X30k_JEM-1400 Flash_22562,classe_1,11.022222222222222,True
/content/drive/MyDrive/progetto_immunogold/patches/images/SA-MAG_X30k_JEM-1400 Flash_22562_x1568_y448.png,SA-MAG_X30k_JEM-1400 Flash_22562,classe_1,11.022222222222222,True
/content/drive/MyDrive/progetto_immunogold/patches/images/SA-MAG_X30k_JEM-1400 Flash_22562_x1568_y672.png,SA-MAG_X30k_JEM-1400 Flash_22562,classe_1,11.022222222222222,True
/content/drive/MyDrive/progetto_immunogold/patches/images/SA-MAG_X30k_JEM-1400 Flash_22562_x1568_y896.png,SA-MAG_X30k_JEM-1400 Flash_22562,classe_1,11.022222222222222,True
/content/drive/MyDrive/progetto_immunogold/patches/images/SA-MAG_X30k_JEM-1400 Flash_22562_x1792_y0.png,SA-MAG_X30k_JEM-1400 Flash_22562,classe_1,11.022222222222222,True
/content/drive/MyDrive/progetto_immunogold/patches/images/SA-MAG_X30k_JEM-1400 Flash_22562_x1792_y1120.png,SA-MAG_X30k_JEM-1400 Flash_22562,classe_1,11.022222222222222,True
/content/drive/MyDrive/progetto_immunogold/patches/images/SA-MAG_X30k_JEM-1400 Flash_22562_x1792_y1344.png,SA-MAG_X30k_JEM-1400 Flash_22562,classe_1,11.022222222222222,True
/content/drive/MyDrive/progetto_immunogold/patches/images/SA-MAG_X30k_JEM-1400 Flash_22562_x1792_y1568.png,SA-MAG_X30k_JEM-1400 Flash_22562,classe_1,11.022222222222222,True
/content/drive/MyDrive/progetto_immunogold/patches/images/SA-MAG_X30k_JEM-1400 Flash_22562_x1792_y1792.png,SA-MAG_X30k_JEM-1400 Flash_22562,classe_1,11.022222222222222,True
/content/drive/MyDrive/progetto_immunogold/patches/images/SA-MAG_X30k_JEM-1400 Flash_22562_x1792_y224.png,SA-MAG_X30k_JEM-1400 Flash_22562,classe_1,11.022222222222222,True
/content/drive/MyDrive/progetto_immunogold/patches/images/SA-MAG_X30k_JEM-1400 Flash_22562_x1792_y448.png,SA-MAG_X30k_JEM-1400 Flash_22562,classe_1,11.022222222222222,True
/content/drive/MyDrive/progetto_immunogold/patches/images/SA-MAG_X30k_JEM-1400 Flash_22562_x1792_y672.png,SA-MAG_X30k_JEM-1400 Flash_22562,classe_1,11.022222222222222,True
/content/drive/MyDrive/progetto_immunogold/patches/images/SA-MAG_X30k_JEM-1400 Flash_22562_x1792_y896.png,SA-MAG_X30k_JEM-1400 Flash_22562,classe_1,11.022222222222222,True
/content/drive/MyDrive/progetto_immunogold/patches/images/SA-MAG_X30k_JEM-1400 Flash_22562_x224_y0.png,SA-MAG_X30k_JEM-1400 Flash_22562,classe_1,11.022222222222222,True
/content/drive/MyDrive/progetto_immunogold/patches/images/SA-MAG_X30k_JEM-1400 Flash_22562_x224_y1120.png,SA-MAG_X30k_JEM-1400 Flash_22562,classe_1,11.022222222222222,True
/content/drive/MyDrive/progetto_immunogold/patches/images/SA-MAG_X30k_JEM-1400 Flash_22562_x224_y1344.png,SA-MAG_X30k_JEM-1400 Flash_22562,classe_1,11.022222222222222,True
/content/drive/MyDrive/progetto_immunogold/patches/images/SA-MAG_X30k_JEM-1400 Flash_22562_x224_y1568.png,SA-MAG_X30k_JEM-1400 Flash_22562,classe_1,11.022222222222222,True
/content/drive/MyDrive/progetto_immunogold/patches/images/SA-MAG_X30k_JEM-1400 Flash_22562_x224_y1792.png,SA-MAG_X30k_JEM-1400 Flash_22562,classe_1,11.022222222222222,True
/content/drive/MyDrive/progetto_immunogold/patches/images/SA-MAG_X30k_JEM-1400 Flash_22562_x224_y224.png,SA-MAG_X30k_JEM-1400 Flash_22562,classe_1,11.022222222222222,True
/content/drive/MyDrive/progetto_immunogold/patches/images/SA-MAG_X30k_JEM-1400 Flash_22562_x224_y448.png,SA-MAG_X30k_JEM-1400 Flash_22562,classe_1,11.022222222222222,True
/content/drive/MyDrive/progetto_immunogold/patches/images/SA-MAG_X30k_JEM-1400 Flash_22562_x224_y672.png,SA-MAG_X30k_JEM-1400 Flash_22562,classe_1,11.022222222222222,True
/content/drive/MyDrive/progetto_immunogold/patches/images/SA-MAG_X30k_JEM-1400 Flash_22562_x224_y896.png,SA-MAG_X30k_JEM-1400 Flash_22562,classe_1,11.022222222222222,True
/content/drive/MyDrive/progetto_immunogold/patches/images/SA-MAG_X30k_JEM-1400 Flash_22562_x448_y0.png,SA-MAG_X30k_JEM-1400 Flash_22562,classe_1,11.022222222222222,True
/content/drive/MyDrive/progetto_immunogold/patches/images/SA-MAG_X30k_JEM-1400 Flash_22562_x448_y1120.png,SA-MAG_X30k_JEM-1400 Flash_22562,classe_1,11.022222222222222,True
/content/drive/MyDrive/progetto_immunogold/patches/images/SA-MAG_X30k_JEM-1400 Flash_22562_x448_y1344.png,SA-MAG_X30k_JEM-1400 Flash_22562,classe_1,11.022222222222222,True
/content/drive/MyDrive/progetto_immunogold/patches/images/SA-MAG_X30k_JEM-1400 Flash_22562_x448_y1568.png,SA-MAG_X30k_JEM-1400 Flash_22562,classe_1,11.022222222222222,True
/content/drive/MyDrive/progetto_immunogold/patches/images/SA-MAG_X30k_JEM-1400 Flash_22562_x448_y1792.png,SA-MAG_X30k_JEM-1400 Flash_22562,classe_1,11.022222222222222,True
/content/drive/MyDrive/progetto_immunogold/patches/images/SA-MAG_X30k_JEM-1400 Flash_22562_x448_y224.png,SA-MAG_X30k_JEM-1400 Flash_22562,classe_1,11.022222222222222,True
/content/drive/MyDrive/progetto_immunogold/patches/images/SA-MAG_X30k_JEM-1400 Flash_22562_x448_y448.png,SA-MAG_X30k_JEM-1400 Flash_22562,classe_1,11.022222222222222,True
/content/drive/MyDrive/progetto_immunogold/patches/images/SA-MAG_X30k_JEM-1400 Flash_22562_x448_y672.png,SA-MAG_X30k_JEM-1400 Flash_22562,classe_1,11.022222222222222,True
/content/drive/MyDrive/progetto_immunogold/patches/images/SA-MAG_X30k_JEM-1400 Flash_22562_x448_y896.png,SA-MAG_X30k_JEM-1400 Flash_22562,classe_1,11.022222222222222,True
/content/drive/MyDrive/progetto_immunogold/patches/images/SA-MAG_X30k_JEM-1400 Flash_22562_x672_y0.png,SA-MAG_X30k_JEM-1400 Flash_22562,classe_1,11.022222222222222,True
/content/drive/MyDrive/progetto_immunogold/patches/images/SA-MAG_X30k_JEM-1400 Flash_22562_x672_y1120.png,SA-MAG_X30k_JEM-1400 Flash_22562,classe_1,11.022222222222222,True
/content/drive/MyDrive/progetto_immunogold/patches/images/SA-MAG_X30k_JEM-1400 Flash_22562_x672_y1344.png,SA-MAG_X30k_JEM-1400 Flash_22562,classe_1,11.022222222222222,True
/content/drive/MyDrive/progetto_immunogold/patches/images/SA-MAG_X30k_JEM-1400 Flash_22562_x672_y1568.png,SA-MAG_X30k_JEM-1400 Flash_22562,classe_1,11.022222222222222,True
/content/drive/MyDrive/progetto_immunogold/patches/images/SA-MAG_X30k_JEM-1400 Flash_22562_x672_y1792.png,SA-MAG_X30k_JEM-1400 Flash_22562,classe_1,11.022222222222222,True
/content/drive/MyDrive/progetto_immunogold/patches/images/SA-MAG_X30k_JEM-1400 Flash_22562_x672_y224.png,SA-MAG_X30k_JEM-1400 Flash_22562,classe_1,11.022222222222222,True
/content/drive/MyDrive/progetto_immunogold/patches/images/SA-MAG_X30k_JEM-1400 Flash_22562_x672_y448.png,SA-MAG_X30k_JEM-1400 Flash_22562,classe_1,11.022222222222222,True
/content/drive/MyDrive/progetto_immunogold/patches/images/SA-MAG_X30k_JEM-1400 Flash_22562_x672_y672.png,SA-MAG_X30k_JEM-1400 Flash_22562,classe_1,11.022222222222222,True
/content/drive/MyDrive/progetto_immunogold/patches/images/SA-MAG_X30k_JEM-1400 Flash_22562_x672_y896.png,SA-MAG_X30k_JEM-1400 Flash_22562,classe_1,11.022222222222222,True
/content/drive/MyDrive/progetto_immunogold/patches/images/SA-MAG_X30k_JEM-1400 Flash_22562_x896_y0.png,SA-MAG_X30k_JEM-1400 Flash_22562,classe_1,11.022222222222222,True
/content/drive/MyDrive/progetto_immunogold/patches/images/SA-MAG_X30k_JEM-1400 Flash_22562_x896_y1120.png,SA-MAG_X30k_JEM-1400 Flash_22562,classe_1,11.022222222222222,True
/content/drive/MyDrive/progetto_immunogold/patches/images/SA-MAG_X30k_JEM-1400 Flash_22562_x896_y1344.png,SA-MAG_X30k_JEM-1400 Flash_22562,classe_1,11.022222222222222,True
/content/drive/MyDrive/progetto_immunogold/patches/images/SA-MAG_X30k_JEM-1400 Flash_22562_x896_y1568.png,SA-MAG_X30k_JEM-1400 Flash_22562,classe_1,11.022222222222222,True
/content/drive/MyDrive/progetto_immunogold/patches/images/SA-MAG_X30k_JEM-1400 Flash_22562_x896_y1792.png,SA-MAG_X30k_JEM-1400 Flash_22562,classe_1,11.022222222222222,True
/content/drive/MyDrive/progetto_immunogold/patches/images/SA-MAG_X30k_JEM-1400 Flash_22562_x896_y224.png,SA-MAG_X30k_JEM-1400 Flash_22562,classe_1,11.022222222222222,True
/content/drive/MyDrive/progetto_immunogold/patches/images/SA-MAG_X30k_JEM-1400 Flash_22562_x896_y448.png,SA-MAG_X30k_JEM-1400 Flash_22562,classe_1,11.022222222222222,True
/content/drive/MyDrive/progetto_immunogold/patches/images/SA-MAG_X30k_JEM-1400 Flash_22562_x896_y672.png,SA-MAG_X30k_JEM-1400 Flash_22562,classe_1,11.022222222222222,True
/content/drive/MyDrive/progetto_immunogold/patches/images/SA-MAG_X30k_JEM-1400 Flash_22562_x896_y896.png,SA-MAG_X30k_JEM-1400 Flash_22562,classe_1,11.022222222222222,True
/content/drive/MyDrive/progetto_immunogold/patches/images/SA-MAG_X30k_JEM-1400 Flash_22644_x0_y0.png,SA-MAG_X30k_JEM-1400 Flash_22644,classe_2,8.767857142857142,True
/content/drive/MyDrive/progetto_immunogold/patches/images/SA-MAG_X30k_JEM-1400 Flash_22644_x0_y1120.png,SA-MAG_X30k_JEM-1400 Flash_22644,classe_2,8.767857142857142,True
/content/drive/MyDrive/progetto_immunogold/patches/images/SA-MAG_X30k_JEM-1400 Flash_22644_x0_y1344.png,SA-MAG_X30k_JEM-1400 Flash_22644,classe_2,8.767857142857142,True
/content/drive/MyDrive/progetto_immunogold/patches/images/SA-MAG_X30k_JEM-1400 Flash_22644_x0_y1568.png,SA-MAG_X30k_JEM-1400 Flash_22644,classe_2,8.767857142857142,True
/content/drive/MyDrive/progetto_immunogold/patches/images/SA-MAG_X30k_JEM-1400 Flash_22644_x0_y1792.png,SA-MAG_X30k_JEM-1400 Flash_22644,classe_2,8.767857142857142,True
/content/drive/MyDrive/progetto_immunogold/patches/images/SA-MAG_X30k_JEM-1400 Flash_22644_x0_y224.png,SA-MAG_X30k_JEM-1400 Flash_22644,classe_2,8.767857142857142,True
/content/drive/MyDrive/progetto_immunogold/patches/images/SA-MAG_X30k_JEM-1400 Flash_22644_x0_y448.png,SA-MAG_X30k_JEM-1400 Flash_22644,classe_2,8.767857142857142,True
/content/drive/MyDrive/progetto_immunogold/patches/images/SA-MAG_X30k_JEM-1400 Flash_22644_x0_y672.png,SA-MAG_X30k_JEM-1400 Flash_22644,classe_2,8.767857142857142,True
/content/drive/MyDrive/progetto_immunogold/patches/images/SA-MAG_X30k_JEM-1400 Flash_22644_x0_y896.png,SA-MAG_X30k_JEM-1400 Flash_22644,classe_2,8.767857142857142,True
/content/drive/MyDrive/progetto_immunogold/patches/images/SA-MAG_X30k_JEM-1400 Flash_22644_x1120_y0.png,SA-MAG_X30k_JEM-1400 Flash_22644,classe_2,8.767857142857142,True
/content/drive/MyDrive/progetto_immunogold/patches/images/SA-MAG_X30k_JEM-1400 Flash_22644_x1120_y1120.png,SA-MAG_X30k_JEM-1400 Flash_22644,classe_2,8.767857142857142,True
/content/drive/MyDrive/progetto_immunogold/patches/images/SA-MAG_X30k_JEM-1400 Flash_22644_x1120_y1344.png,SA-MAG_X30k_JEM-1400 Flash_22644,classe_2,8.767857142857142,True
/content/drive/MyDrive/progetto_immunogold/patches/images/SA-MAG_X30k_JEM-1400 Flash_22644_x1120_y1568.png,SA-MAG_X30k_JEM-1400 Flash_22644,classe_2,8.767857142857142,True
/content/drive/MyDrive/progetto_immunogold/patches/images/SA-MAG_X30k_JEM-1400 Flash_22644_x1120_y1792.png,SA-MAG_X30k_JEM-1400 Flash_22644,classe_2,8.767857142857142,True
/content/drive/MyDrive/progetto_immunogold/patches/images/SA-MAG_X30k_JEM-1400 Flash_22644_x1120_y224.png,SA-MAG_X30k_JEM-1400 Flash_22644,classe_2,8.767857142857142,True
/content/drive/MyDrive/progetto_immunogold/patches/images/SA-MAG_X30k_JEM-1400 Flash_22644_x1120_y448.png,SA-MAG_X30k_JEM-1400 Flash_22644,classe_2,8.767857142857142,True
/content/drive/MyDrive/progetto_immunogold/patches/images/SA-MAG_X30k_JEM-1400 Flash_22644_x1120_y672.png,SA-MAG_X30k_JEM-1400 Flash_22644,classe_2,8.767857142857142,True
/content/drive/MyDrive/progetto_immunogold/patches/images/SA-MAG_X30k_JEM-1400 Flash_22644_x1120_y896.png,SA-MAG_X30k_JEM-1400 Flash_22644,classe_2,8.767857142857142,True
/content/drive/MyDrive/progetto_immunogold/patches/images/SA-MAG_X30k_JEM-1400 Flash_22644_x1344_y0.png,SA-MAG_X30k_JEM-1400 Flash_22644,classe_2,8.767857142857142,True
/content/drive/MyDrive/progetto_immunogold/patches/images/SA-MAG_X30k_JEM-1400 Flash_22644_x1344_y1120.png,SA-MAG_X30k_JEM-1400 Flash_22644,classe_2,8.767857142857142,True
/content/drive/MyDrive/progetto_immunogold/patches/images/SA-MAG_X30k_JEM-1400 Flash_22644_x1344_y1344.png,SA-MAG_X30k_JEM-1400 Flash_22644,classe_2,8.767857142857142,True
/content/drive/MyDrive/progetto_immunogold/patches/images/SA-MAG_X30k_JEM-1400 Flash_22644_x1344_y1568.png,SA-MAG_X30k_JEM-1400 Flash_22644,classe_2,8.767857142857142,True
/content/drive/MyDrive/progetto_immunogold/patches/images/SA-MAG_X30k_JEM-1400 Flash_22644_x1344_y1792.png,SA-MAG_X30k_JEM-1400 Flash_22644,classe_2,8.767857142857142,True
/content/drive/MyDrive/progetto_immunogold/patches/images/SA-MAG_X30k_JEM-1400 Flash_22644_x1344_y224.png,SA-MAG_X30k_JEM-1400 Flash_22644,classe_2,8.767857142857142,True
/content/drive/MyDrive/progetto_immunogold/patches/images/SA-MAG_X30k_JEM-1400 Flash_22644_x1344_y448.png,SA-MAG_X30k_JEM-1400 Flash_22644,classe_2,8.767857142857142,True
/content/drive/MyDrive/progetto_immunogold/patches/images/SA-MAG_X30k_JEM-1400 Flash_22644_x1344_y672.png,SA-MAG_X30k_JEM-1400 Flash_22644,classe_2,8.767857142857142,True
/content/drive/MyDrive/progetto_immunogold/patches/images/SA-MAG_X30k_JEM-1400 Flash_22644_x1344_y896.png,SA-MAG_X30k_JEM-1400 Flash_22644,classe_2,8.767857142857142,True
/content/drive/MyDrive/progetto_immunogold/patches/images/SA-MAG_X30k_JEM-1400 Flash_22644_x1568_y0.png,SA-MAG_X30k_JEM-1400 Flash_22644,classe_2,8.767857142857142,True
/content/drive/MyDrive/progetto_immunogold/patches/images/SA-MAG_X30k_JEM-1400 Flash_22644_x1568_y1120.png,SA-MAG_X30k_JEM-1400 Flash_22644,classe_2,8.767857142857142,True
/content/drive/MyDrive/progetto_immunogold/patches/images/SA-MAG_X30k_JEM-1400 Flash_22644_x1568_y1344.png,SA-MAG_X30k_JEM-1400 Flash_22644,classe_2,8.767857142857142,True
/content/drive/MyDrive/progetto_immunogold/patches/images/SA-MAG_X30k_JEM-1400 Flash_22644_x1568_y1568.png,SA-MAG_X30k_JEM-1400 Flash_22644,classe_2,8.767857142857142,True
/content/drive/MyDrive/progetto_immunogold/patches/images/SA-MAG_X30k_JEM-1400 Flash_22644_x1568_y1792.png,SA-MAG_X30k_JEM-1400 Flash_22644,classe_2,8.767857142857142,True
/content/drive/MyDrive/progetto_immunogold/patches/images/SA-MAG_X30k_JEM-1400 Flash_22644_x1568_y224.png,SA-MAG_X30k_JEM-1400 Flash_22644,classe_2,8.767857142857142,True
/content/drive/MyDrive/progetto_immunogold/patches/images/SA-MAG_X30k_JEM-1400 Flash_22644_x1568_y448.png,SA-MAG_X30k_JEM-1400 Flash_22644,classe_2,8.767857142857142,True
/content/drive/MyDrive/progetto_immunogold/patches/images/SA-MAG_X30k_JEM-1400 Flash_22644_x1568_y672.png,SA-MAG_X30k_JEM-1400 Flash_22644,classe_2,8.767857142857142,True
/content/drive/MyDrive/progetto_immunogold/patches/images/SA-MAG_X30k_JEM-1400 Flash_22644_x1568_y896.png,SA-MAG_X30k_JEM-1400 Flash_22644,classe_2,8.767857142857142,True
/content/drive/MyDrive/progetto_immunogold/patches/images/SA-MAG_X30k_JEM-1400 Flash_22644_x1792_y0.png,SA-MAG_X30k_JEM-1400 Flash_22644,classe_2,8.767857142857142,True
/content/drive/MyDrive/progetto_immunogold/patches/images/SA-MAG_X30k_JEM-1400 Flash_22644_x1792_y1120.png,SA-MAG_X30k_JEM-1400 Flash_22644,classe_2,8.767857142857142,True
/content/drive/MyDrive/progetto_immunogold/patches/images/SA-MAG_X30k_JEM-1400 Flash_22644_x1792_y1344.png,SA-MAG_X30k_JEM-1400 Flash_22644,classe_2,8.767857142857142,True
/content/drive/MyDrive/progetto_immunogold/patches/images/SA-MAG_X30k_JEM-1400 Flash_22644_x1792_y1568.png,SA-MAG_X30k_JEM-1400 Flash_22644,classe_2,8.767857142857142,True
/content/drive/MyDrive/progetto_immunogold/patches/images/SA-MAG_X30k_JEM-1400 Flash_22644_x1792_y1792.png,SA-MAG_X30k_JEM-1400 Flash_22644,classe_2,8.767857142857142,True
/content/drive/MyDrive/progetto_immunogold/patches/images/SA-MAG_X30k_JEM-1400 Flash_22644_x1792_y224.png,SA-MAG_X30k_JEM-1400 Flash_22644,classe_2,8.767857142857142,True
/content/drive/MyDrive/progetto_immunogold/patches/images/SA-MAG_X30k_JEM-1400 Flash_22644_x1792_y448.png,SA-MAG_X30k_JEM-1400 Flash_22644,classe_2,8.767857142857142,True
/content/drive/MyDrive/progetto_immunogold/patches/images/SA-MAG_X30k_JEM-1400 Flash_22644_x1792_y672.png,SA-MAG_X30k_JEM-1400 Flash_22644,classe_2,8.767857142857142,True
/content/drive/MyDrive/progetto_immunogold/patches/images/SA-MAG_X30k_JEM-1400 Flash_22644_x1792_y896.png,SA-MAG_X30k_JEM-1400 Flash_22644,classe_2,8.767857142857142,True
/content/drive/MyDrive/progetto_immunogold/patches/images/SA-MAG_X30k_JEM-1400 Flash_22644_x224_y0.png,SA-MAG_X30k_JEM-1400 Flash_22644,classe_2,8.767857142857142,True
/content/drive/MyDrive/progetto_immunogold/patches/images/SA-MAG_X30k_JEM-1400 Flash_22644_x224_y1120.png,SA-MAG_X30k_JEM-1400 Flash_22644,classe_2,8.767857142857142,True
/content/drive/MyDrive/progetto_immunogold/patches/images/SA-MAG_X30k_JEM-1400 Flash_22644_x224_y1344.png,SA-MAG_X30k_JEM-1400 Flash_22644,classe_2,8.767857142857142,True
/content/drive/MyDrive/progetto_immunogold/patches/images/SA-MAG_X30k_JEM-1400 Flash_22644_x224_y1568.png,SA-MAG_X30k_JEM-1400 Flash_22644,classe_2,8.767857142857142,True
/content/drive/MyDrive/progetto_immunogold/patches/images/SA-MAG_X30k_JEM-1400 Flash_22644_x224_y1792.png,SA-MAG_X30k_JEM-1400 Flash_22644,classe_2,8.767857142857142,True
/content/drive/MyDrive/progetto_immunogold/patches/images/SA-MAG_X30k_JEM-1400 Flash_22644_x224_y224.png,SA-MAG_X30k_JEM-1400 Flash_22644,classe_2,8.767857142857142,True
/content/drive/MyDrive/progetto_immunogold/patches/images/SA-MAG_X30k_JEM-1400 Flash_22644_x224_y448.png,SA-MAG_X30k_JEM-1400 Flash_22644,classe_2,8.767857142857142,True
/content/drive/MyDrive/progetto_immunogold/patches/images/SA-MAG_X30k_JEM-1400 Flash_22644_x224_y672.png,SA-MAG_X30k_JEM-1400 Flash_22644,classe_2,8.767857142857142,True
/content/drive/MyDrive/progetto_immunogold/patches/images/SA-MAG_X30k_JEM-1400 Flash_22644_x224_y896.png,SA-MAG_X30k_JEM-1400 Flash_22644,classe_2,8.767857142857142,True
/content/drive/MyDrive/progetto_immunogold/patches/images/SA-MAG_X30k_JEM-1400 Flash_22644_x448_y0.png,SA-MAG_X30k_JEM-1400 Flash_22644,classe_2,8.767857142857142,True
/content/drive/MyDrive/progetto_immunogold/patches/images/SA-MAG_X30k_JEM-1400 Flash_22644_x448_y1120.png,SA-MAG_X30k_JEM-1400 Flash_22644,classe_2,8.767857142857142,True
/content/drive/MyDrive/progetto_immunogold/patches/images/SA-MAG_X30k_JEM-1400 Flash_22644_x448_y1344.png,SA-MAG_X30k_JEM-1400 Flash_22644,classe_2,8.767857142857142,True
/content/drive/MyDrive/progetto_immunogold/patches/images/SA-MAG_X30k_JEM-1400 Flash_22644_x448_y1568.png,SA-MAG_X30k_JEM-1400 Flash_22644,classe_2,8.767857142857142,True
/content/drive/MyDrive/progetto_immunogold/patches/images/SA-MAG_X30k_JEM-1400 Flash_22644_x448_y1792.png,SA-MAG_X30k_JEM-1400 Flash_22644,classe_2,8.767857142857142,True
/content/drive/MyDrive/progetto_immunogold/patches/images/SA-MAG_X30k_JEM-1400 Flash_22644_x448_y224.png,SA-MAG_X30k_JEM-1400 Flash_22644,classe_2,8.767857142857142,True
/content/drive/MyDrive/progetto_immunogold/patches/images/SA-MAG_X30k_JEM-1400 Flash_22644_x448_y448.png,SA-MAG_X30k_JEM-1400 Flash_22644,classe_2,8.767857142857142,True
/content/drive/MyDrive/progetto_immunogold/patches/images/SA-MAG_X30k_JEM-1400 Flash_22644_x448_y672.png,SA-MAG_X30k_JEM-1400 Flash_22644,classe_2,8.767857142857142,True
/content/drive/MyDrive/progetto_immunogold/patches/images/SA-MAG_X30k_JEM-1400 Flash_22644_x448_y896.png,SA-MAG_X30k_JEM-1400 Flash_22644,classe_2,8.767857142857142,True
/content/drive/MyDrive/progetto_immunogold/patches/images/SA-MAG_X30k_JEM-1400 Flash_22644_x672_y0.png,SA-MAG_X30k_JEM-1400 Flash_22644,classe_2,8.767857142857142,True
/content/drive/MyDrive/progetto_immunogold/patches/images/SA-MAG_X30k_JEM-1400 Flash_22644_x672_y1120.png,SA-MAG_X30k_JEM-1400 Flash_22644,classe_2,8.767857142857142,True
/content/drive/MyDrive/progetto_immunogold/patches/images/SA-MAG_X30k_JEM-1400 Flash_22644_x672_y1344.png,SA-MAG_X30k_JEM-1400 Flash_22644,classe_2,8.767857142857142,True
/content/drive/MyDrive/progetto_immunogold/patches/images/SA-MAG_X30k_JEM-1400 Flash_22644_x672_y1568.png,SA-MAG_X30k_JEM-1400 Flash_22644,classe_2,8.767857142857142,True
/content/drive/MyDrive/progetto_immunogold/patches/images/SA-MAG_X30k_JEM-1400 Flash_22644_x672_y1792.png,SA-MAG_X30k_JEM-1400 Flash_22644,classe_2,8.767857142857142,True
/content/drive/MyDrive/progetto_immunogold/patches/images/SA-MAG_X30k_JEM-1400 Flash_22644_x672_y224.png,SA-MAG_X30k_JEM-1400 Flash_22644,classe_2,8.767857142857142,True
/content/drive/MyDrive/progetto_immunogold/patches/images/SA-MAG_X30k_JEM-1400 Flash_22644_x672_y448.png,SA-MAG_X30k_JEM-1400 Flash_22644,classe_2,8.767857142857142,True
/content/drive/MyDrive/progetto_immunogold/patches/images/SA-MAG_X30k_JEM-1400 Flash_22644_x672_y672.png,SA-MAG_X30k_JEM-1400 Flash_22644,classe_2,8.767857142857142,True
/content/drive/MyDrive/progetto_immunogold/patches/images/SA-MAG_X30k_JEM-1400 Flash_22644_x672_y896.png,SA-MAG_X30k_JEM-1400 Flash_22644,classe_2,8.767857142857142,True
/content/drive/MyDrive/progetto_immunogold/patches/images/SA-MAG_X30k_JEM-1400 Flash_22644_x896_y0.png,SA-MAG_X30k_JEM-1400 Flash_22644,classe_2,8.767857142857142,True
/content/drive/MyDrive/progetto_immunogold/patches/images/SA-MAG_X30k_JEM-1400 Flash_22644_x896_y1120.png,SA-MAG_X30k_JEM-1400 Flash_22644,classe_2,8.767857142857142,True
/content/drive/MyDrive/progetto_immunogold/patches/images/SA-MAG_X30k_JEM-1400 Flash_22644_x896_y1344.png,SA-MAG_X30k_JEM-1400 Flash_22644,classe_2,8.767857142857142,True
/content/drive/MyDrive/progetto_immunogold/patches/images/SA-MAG_X30k_JEM-1400 Flash_22644_x896_y1568.png,SA-MAG_X30k_JEM-1400 Flash_22644,classe_2,8.767857142857142,True
/content/drive/MyDrive/progetto_immunogold/patches/images/SA-MAG_X30k_JEM-1400 Flash_22644_x896_y1792.png,SA-MAG_X30k_JEM-1400 Flash_22644,classe_2,8.767857142857142,True
/content/drive/MyDrive/progetto_immunogold/patches/images/SA-MAG_X30k_JEM-1400 Flash_22644_x896_y224.png,SA-MAG_X30k_JEM-1400 Flash_22644,classe_2,8.767857142857142,True
/content/drive/MyDrive/progetto_immunogold/patches/images/SA-MAG_X30k_JEM-1400 Flash_22644_x896_y448.png,SA-MAG_X30k_JEM-1400 Flash_22644,classe_2,8.767857142857142,True
/content/drive/MyDrive/progetto_immunogold/patches/images/SA-MAG_X30k_JEM-1400 Flash_22644_x896_y672.png,SA-MAG_X30k_JEM-1400 Flash_22644,classe_2,8.767857142857142,True
/content/drive/MyDrive/progetto_immunogold/patches/images/SA-MAG_X30k_JEM-1400 Flash_22644_x896_y896.png,SA-MAG_X30k_JEM-1400 Flash_22644,classe_2,8.767857142857142,True
/content/drive/MyDrive/progetto_immunogold/patches/images/SA-MAG_X6000_JEM-1400 Flash_22424_x0_y0.png,SA-MAG_X6000_JEM-1400 Flash_22424,classe_9,3.3333333333333335,True
/content/drive/MyDrive/progetto_immunogold/patches/images/SA-MAG_X6000_JEM-1400 Flash_22424_x0_y1120.png,SA-MAG_X6000_JEM-1400 Flash_22424,classe_9,3.3333333333333335,True
/content/drive/MyDrive/progetto_immunogold/patches/images/SA-MAG_X6000_JEM-1400 Flash_22424_x0_y1344.png,SA-MAG_X6000_JEM-1400 Flash_22424,classe_9,3.3333333333333335,True
/content/drive/MyDrive/progetto_immunogold/patches/images/SA-MAG_X6000_JEM-1400 Flash_22424_x0_y1568.png,SA-MAG_X6000_JEM-1400 Flash_22424,classe_9,3.3333333333333335,True
/content/drive/MyDrive/progetto_immunogold/patches/images/SA-MAG_X6000_JEM-1400 Flash_22424_x0_y1792.png,SA-MAG_X6000_JEM-1400 Flash_22424,classe_9,3.3333333333333335,True
/content/drive/MyDrive/progetto_immunogold/patches/images/SA-MAG_X6000_JEM-1400 Flash_22424_x0_y224.png,SA-MAG_X6000_JEM-1400 Flash_22424,classe_9,3.3333333333333335,True
/content/drive/MyDrive/progetto_immunogold/patches/images/SA-MAG_X6000_JEM-1400 Flash_22424_x0_y448.png,SA-MAG_X6000_JEM-1400 Flash_22424,classe_9,3.3333333333333335,True
/content/drive/MyDrive/progetto_immunogold/patches/images/SA-MAG_X6000_JEM-1400 Flash_22424_x0_y672.png,SA-MAG_X6000_JEM-1400 Flash_22424,classe_9,3.3333333333333335,True
/content/drive/MyDrive/progetto_immunogold/patches/images/SA-MAG_X6000_JEM-1400 Flash_22424_x0_y896.png,SA-MAG_X6000_JEM-1400 Flash_22424,classe_9,3.3333333333333335,True
/content/drive/MyDrive/progetto_immunogold/patches/images/SA-MAG_X6000_JEM-1400 Flash_22424_x1120_y0.png,SA-MAG_X6000_JEM-1400 Flash_22424,classe_9,3.3333333333333335,True
/content/drive/MyDrive/progetto_immunogold/patches/images/SA-MAG_X6000_JEM-1400 Flash_22424_x1120_y1120.png,SA-MAG_X6000_JEM-1400 Flash_22424,classe_9,3.3333333333333335,True
/content/drive/MyDrive/progetto_immunogold/patches/images/SA-MAG_X6000_JEM-1400 Flash_22424_x1120_y1344.png,SA-MAG_X6000_JEM-1400 Flash_22424,classe_9,3.3333333333333335,True
/content/drive/MyDrive/progetto_immunogold/patches/images/SA-MAG_X6000_JEM-1400 Flash_22424_x1120_y1568.png,SA-MAG_X6000_JEM-1400 Flash_22424,classe_9,3.3333333333333335,True
/content/drive/MyDrive/progetto_immunogold/patches/images/SA-MAG_X6000_JEM-1400 Flash_22424_x1120_y1792.png,SA-MAG_X6000_JEM-1400 Flash_22424,classe_9,3.3333333333333335,True
/content/drive/MyDrive/progetto_immunogold/patches/images/SA-MAG_X6000_JEM-1400 Flash_22424_x1120_y224.png,SA-MAG_X6000_JEM-1400 Flash_22424,classe_9,3.3333333333333335,True
/content/drive/MyDrive/progetto_immunogold/patches/images/SA-MAG_X6000_JEM-1400 Flash_22424_x1120_y448.png,SA-MAG_X6000_JEM-1400 Flash_22424,classe_9,3.3333333333333335,True
/content/drive/MyDrive/progetto_immunogold/patches/images/SA-MAG_X6000_JEM-1400 Flash_22424_x1120_y672.png,SA-MAG_X6000_JEM-1400 Flash_22424,classe_9,3.3333333333333335,True
/content/drive/MyDrive/progetto_immunogold/patches/images/SA-MAG_X6000_JEM-1400 Flash_22424_x1120_y896.png,SA-MAG_X6000_JEM-1400 Flash_22424,classe_9,3.3333333333333335,True
/content/drive/MyDrive/progetto_immunogold/patches/images/SA-MAG_X6000_JEM-1400 Flash_22424_x1344_y0.png,SA-MAG_X6000_JEM-1400 Flash_22424,classe_9,3.3333333333333335,True
/content/drive/MyDrive/progetto_immunogold/patches/images/SA-MAG_X6000_JEM-1400 Flash_22424_x1344_y1120.png,SA-MAG_X6000_JEM-1400 Flash_22424,classe_9,3.3333333333333335,True
/content/drive/MyDrive/progetto_immunogold/patches/images/SA-MAG_X6000_JEM-1400 Flash_22424_x1344_y1344.png,SA-MAG_X6000_JEM-1400 Flash_22424,classe_9,3.3333333333333335,True
/content/drive/MyDrive/progetto_immunogold/patches/images/SA-MAG_X6000_JEM-1400 Flash_22424_x1344_y1568.png,SA-MAG_X6000_JEM-1400 Flash_22424,classe_9,3.3333333333333335,True
/content/drive/MyDrive/progetto_immunogold/patches/images/SA-MAG_X6000_JEM-1400 Flash_22424_x1344_y1792.png,SA-MAG_X6000_JEM-1400 Flash_22424,classe_9,3.3333333333333335,True
/content/drive/MyDrive/progetto_immunogold/patches/images/SA-MAG_X6000_JEM-1400 Flash_22424_x1344_y224.png,SA-MAG_X6000_JEM-1400 Flash_22424,classe_9,3.3333333333333335,True
/content/drive/MyDrive/progetto_immunogold/patches/images/SA-MAG_X6000_JEM-1400 Flash_22424_x1344_y448.png,SA-MAG_X6000_JEM-1400 Flash_22424,classe_9,3.3333333333333335,True
/content/drive/MyDrive/progetto_immunogold/patches/images/SA-MAG_X6000_JEM-1400 Flash_22424_x1344_y672.png,SA-MAG_X6000_JEM-1400 Flash_22424,classe_9,3.3333333333333335,True
/content/drive/MyDrive/progetto_immunogold/patches/images/SA-MAG_X6000_JEM-1400 Flash_22424_x1344_y896.png,SA-MAG_X6000_JEM-1400 Flash_22424,classe_9,3.3333333333333335,True
/content/drive/MyDrive/progetto_immunogold/patches/images/SA-MAG_X6000_JEM-1400 Flash_22424_x1568_y0.png,SA-MAG_X6000_JEM-1400 Flash_22424,classe_9,3.3333333333333335,True
/content/drive/MyDrive/progetto_immunogold/patches/images/SA-MAG_X6000_JEM-1400 Flash_22424_x1568_y1120.png,SA-MAG_X6000_JEM-1400 Flash_22424,classe_9,3.3333333333333335,True
/content/drive/MyDrive/progetto_immunogold/patches/images/SA-MAG_X6000_JEM-1400 Flash_22424_x1568_y1344.png,SA-MAG_X6000_JEM-1400 Flash_22424,classe_9,3.3333333333333335,True
/content/drive/MyDrive/progetto_immunogold/patches/images/SA-MAG_X6000_JEM-1400 Flash_22424_x1568_y1568.png,SA-MAG_X6000_JEM-1400 Flash_22424,classe_9,3.3333333333333335,True
/content/drive/MyDrive/progetto_immunogold/patches/images/SA-MAG_X6000_JEM-1400 Flash_22424_x1568_y1792.png,SA-MAG_X6000_JEM-1400 Flash_22424,classe_9,3.3333333333333335,True
/content/drive/MyDrive/progetto_immunogold/patches/images/SA-MAG_X6000_JEM-1400 Flash_22424_x1568_y224.png,SA-MAG_X6000_JEM-1400 Flash_22424,classe_9,3.3333333333333335,True
/content/drive/MyDrive/progetto_immunogold/patches/images/SA-MAG_X6000_JEM-1400 Flash_22424_x1568_y448.png,SA-MAG_X6000_JEM-1400 Flash_22424,classe_9,3.3333333333333335,True
/content/drive/MyDrive/progetto_immunogold/patches/images/SA-MAG_X6000_JEM-1400 Flash_22424_x1568_y672.png,SA-MAG_X6000_JEM-1400 Flash_22424,classe_9,3.3333333333333335,True
/content/drive/MyDrive/progetto_immunogold/patches/images/SA-MAG_X6000_JEM-1400 Flash_22424_x1568_y896.png,SA-MAG_X6000_JEM-1400 Flash_22424,classe_9,3.3333333333333335,True
/content/drive/MyDrive/progetto_immunogold/patches/images/SA-MAG_X6000_JEM-1400 Flash_22424_x224_y0.png,SA-MAG_X6000_JEM-1400 Flash_22424,classe_9,3.3333333333333335,True
/content/drive/MyDrive/progetto_immunogold/patches/images/SA-MAG_X6000_JEM-1400 Flash_22424_x224_y1120.png,SA-MAG_X6000_JEM-1400 Flash_22424,classe_9,3.3333333333333335,True
/content/drive/MyDrive/progetto_immunogold/patches/images/SA-MAG_X6000_JEM-1400 Flash_22424_x224_y1344.png,SA-MAG_X6000_JEM-1400 Flash_22424,classe_9,3.3333333333333335,True
/content/drive/MyDrive/progetto_immunogold/patches/images/SA-MAG_X6000_JEM-1400 Flash_22424_x224_y1568.png,SA-MAG_X6000_JEM-1400 Flash_22424,classe_9,3.3333333333333335,True
/content/drive/MyDrive/progetto_immunogold/patches/images/SA-MAG_X6000_JEM-1400 Flash_22424_x224_y1792.png,SA-MAG_X6000_JEM-1400 Flash_22424,classe_9,3.3333333333333335,True
/content/drive/MyDrive/progetto_immunogold/patches/images/SA-MAG_X6000_JEM-1400 Flash_22424_x224_y224.png,SA-MAG_X6000_JEM-1400 Flash_22424,classe_9,3.3333333333333335,True
/content/drive/MyDrive/progetto_immunogold/patches/images/SA-MAG_X6000_JEM-1400 Flash_22424_x224_y448.png,SA-MAG_X6000_JEM-1400 Flash_22424,classe_9,3.3333333333333335,True
/content/drive/MyDrive/progetto_immunogold/patches/images/SA-MAG_X6000_JEM-1400 Flash_22424_x224_y672.png,SA-MAG_X6000_JEM-1400 Flash_22424,classe_9,3.3333333333333335,True
/content/drive/MyDrive/progetto_immunogold/patches/images/SA-MAG_X6000_JEM-1400 Flash_22424_x224_y896.png,SA-MAG_X6000_JEM-1400 Flash_22424,classe_9,3.3333333333333335,True
/content/drive/MyDrive/progetto_immunogold/patches/images/SA-MAG_X6000_JEM-1400 Flash_22424_x448_y0.png,SA-MAG_X6000_JEM-1400 Flash_22424,classe_9,3.3333333333333335,True
/content/drive/MyDrive/progetto_immunogold/patches/images/SA-MAG_X6000_JEM-1400 Flash_22424_x448_y1120.png,SA-MAG_X6000_JEM-1400 Flash_22424,classe_9,3.3333333333333335,True
/content/drive/MyDrive/progetto_immunogold/patches/images/SA-MAG_X6000_JEM-1400 Flash_22424_x448_y1344.png,SA-MAG_X6000_JEM-1400 Flash_22424,classe_9,3.3333333333333335,True
/content/drive/MyDrive/progetto_immunogold/patches/images/SA-MAG_X6000_JEM-1400 Flash_22424_x448_y1568.png,SA-MAG_X6000_JEM-1400 Flash_22424,classe_9,3.3333333333333335,True
/content/drive/MyDrive/progetto_immunogold/patches/images/SA-MAG_X6000_JEM-1400 Flash_22424_x448_y1792.png,SA-MAG_X6000_JEM-1400 Flash_22424,classe_9,3.3333333333333335,True
/content/drive/MyDrive/progetto_immunogold/patches/images/SA-MAG_X6000_JEM-1400 Flash_22424_x448_y224.png,SA-MAG_X6000_JEM-1400 Flash_22424,classe_9,3.3333333333333335,True
/content/drive/MyDrive/progetto_immunogold/patches/images/SA-MAG_X6000_JEM-1400 Flash_22424_x448_y448.png,SA-MAG_X6000_JEM-1400 Flash_22424,classe_9,3.3333333333333335,True
/content/drive/MyDrive/progetto_immunogold/patches/images/SA-MAG_X6000_JEM-1400 Flash_22424_x448_y672.png,SA-MAG_X6000_JEM-1400 Flash_22424,classe_9,3.3333333333333335,True
/content/drive/MyDrive/progetto_immunogold/patches/images/SA-MAG_X6000_JEM-1400 Flash_22424_x448_y896.png,SA-MAG_X6000_JEM-1400 Flash_22424,classe_9,3.3333333333333335,True
/content/drive/MyDrive/progetto_immunogold/patches/images/SA-MAG_X6000_JEM-1400 Flash_22424_x672_y0.png,SA-MAG_X6000_JEM-1400 Flash_22424,classe_9,3.3333333333333335,True
/content/drive/MyDrive/progetto_immunogold/patches/images/SA-MAG_X6000_JEM-1400 Flash_22424_x672_y1120.png,SA-MAG_X6000_JEM-1400 Flash_22424,classe_9,3.3333333333333335,True
/content/drive/MyDrive/progetto_immunogold/patches/images/SA-MAG_X6000_JEM-1400 Flash_22424_x672_y1344.png,SA-MAG_X6000_JEM-1400 Flash_22424,classe_9,3.3333333333333335,True
/content/drive/MyDrive/progetto_immunogold/patches/images/SA-MAG_X6000_JEM-1400 Flash_22424_x672_y1568.png,SA-MAG_X6000_JEM-1400 Flash_22424,classe_9,3.3333333333333335,True
/content/drive/MyDrive/progetto_immunogold/patches/images/SA-MAG_X6000_JEM-1400 Flash_22424_x672_y1792.png,SA-MAG_X6000_JEM-1400 Flash_22424,classe_9,3.3333333333333335,True
/content/drive/MyDrive/progetto_immunogold/patches/images/SA-MAG_X6000_JEM-1400 Flash_22424_x672_y224.png,SA-MAG_X6000_JEM-1400 Flash_22424,classe_9,3.3333333333333335,True
/content/drive/MyDrive/progetto_immunogold/patches/images/SA-MAG_X6000_JEM-1400 Flash_22424_x672_y448.png,SA-MAG_X6000_JEM-1400 Flash_22424,classe_9,3.3333333333333335,True
/content/drive/MyDrive/progetto_immunogold/patches/images/SA-MAG_X6000_JEM-1400 Flash_22424_x672_y672.png,SA-MAG_X6000_JEM-1400 Flash_22424,classe_9,3.3333333333333335,True
/content/drive/MyDrive/progetto_immunogold/patches/images/SA-MAG_X6000_JEM-1400 Flash_22424_x672_y896.png,SA-MAG_X6000_JEM-1400 Flash_22424,classe_9,3.3333333333333335,True
/content/drive/MyDrive/progetto_immunogold/patches/images/SA-MAG_X6000_JEM-1400 Flash_22424_x896_y0.png,SA-MAG_X6000_JEM-1400 Flash_22424,classe_9,3.3333333333333335,True
/content/drive/MyDrive/progetto_immunogold/patches/images/SA-MAG_X6000_JEM-1400 Flash_22424_x896_y1120.png,SA-MAG_X6000_JEM-1400 Flash_22424,classe_9,3.3333333333333335,True
/content/drive/MyDrive/progetto_immunogold/patches/images/SA-MAG_X6000_JEM-1400 Flash_22424_x896_y1344.png,SA-MAG_X6000_JEM-1400 Flash_22424,classe_9,3.3333333333333335,True
/content/drive/MyDrive/progetto_immunogold/patches/images/SA-MAG_X6000_JEM-1400 Flash_22424_x896_y1568.png,SA-MAG_X6000_JEM-1400 Flash_22424,classe_9,3.3333333333333335,True
/content/drive/MyDrive/progetto_immunogold/patches/images/SA-MAG_X6000_JEM-1400 Flash_22424_x896_y1792.png,SA-MAG_X6000_JEM-1400 Flash_22424,classe_9,3.3333333333333335,True
/content/drive/MyDrive/progetto_immunogold/patches/images/SA-MAG_X6000_JEM-1400 Flash_22424_x896_y224.png,SA-MAG_X6000_JEM-1400 Flash_22424,classe_9,3.3333333333333335,True
/content/drive/MyDrive/progetto_immunogold/patches/images/SA-MAG_X6000_JEM-1400 Flash_22424_x896_y448.png,SA-MAG_X6000_JEM-1400 Flash_22424,classe_9,3.3333333333333335,True
/content/drive/MyDrive/progetto_immunogold/patches/images/SA-MAG_X6000_JEM-1400 Flash_22424_x896_y672.png,SA-MAG_X6000_JEM-1400 Flash_22424,classe_9,3.3333333333333335,True
/content/drive/MyDrive/progetto_immunogold/patches/images/SA-MAG_X6000_JEM-1400 Flash_22424_x896_y896.png,SA-MAG_X6000_JEM-1400 Flash_22424,classe_9,3.3333333333333335,True
/content/drive/MyDrive/progetto_immunogold/patches/images/SA-MAG_X6000_JEM-1400 Flash_22467_x0_y0.png,SA-MAG_X6000_JEM-1400 Flash_22467,classe_9,3.3333333333333335,True
/content/drive/MyDrive/progetto_immunogold/patches/images/SA-MAG_X6000_JEM-1400 Flash_22467_x0_y1120.png,SA-MAG_X6000_JEM-1400 Flash_22467,classe_9,3.3333333333333335,True
/content/drive/MyDrive/progetto_immunogold/patches/images/SA-MAG_X6000_JEM-1400 Flash_22467_x0_y1344.png,SA-MAG_X6000_JEM-1400 Flash_22467,classe_9,3.3333333333333335,True
/content/drive/MyDrive/progetto_immunogold/patches/images/SA-MAG_X6000_JEM-1400 Flash_22467_x0_y1568.png,SA-MAG_X6000_JEM-1400 Flash_22467,classe_9,3.3333333333333335,True
/content/drive/MyDrive/progetto_immunogold/patches/images/SA-MAG_X6000_JEM-1400 Flash_22467_x0_y1792.png,SA-MAG_X6000_JEM-1400 Flash_22467,classe_9,3.3333333333333335,True
/content/drive/MyDrive/progetto_immunogold/patches/images/SA-MAG_X6000_JEM-1400 Flash_22467_x0_y224.png,SA-MAG_X6000_JEM-1400 Flash_22467,classe_9,3.3333333333333335,True
/content/drive/MyDrive/progetto_immunogold/patches/images/SA-MAG_X6000_JEM-1400 Flash_22467_x0_y448.png,SA-MAG_X6000_JEM-1400 Flash_22467,classe_9,3.3333333333333335,True
/content/drive/MyDrive/progetto_immunogold/patches/images/SA-MAG_X6000_JEM-1400 Flash_22467_x0_y672.png,SA-MAG_X6000_JEM-1400 Flash_22467,classe_9,3.3333333333333335,True
/content/drive/MyDrive/progetto_immunogold/patches/images/SA-MAG_X6000_JEM-1400 Flash_22467_x0_y896.png,SA-MAG_X6000_JEM-1400 Flash_22467,classe_9,3.3333333333333335,True
/content/drive/MyDrive/progetto_immunogold/patches/images/SA-MAG_X6000_JEM-1400 Flash_22467_x1120_y0.png,SA-MAG_X6000_JEM-1400 Flash_22467,classe_9,3.3333333333333335,True
/content/drive/MyDrive/progetto_immunogold/patches/images/SA-MAG_X6000_JEM-1400 Flash_22467_x1120_y1120.png,SA-MAG_X6000_JEM-1400 Flash_22467,classe_9,3.3333333333333335,True
/content/drive/MyDrive/progetto_immunogold/patches/images/SA-MAG_X6000_JEM-1400 Flash_22467_x1120_y1344.png,SA-MAG_X6000_JEM-1400 Flash_22467,classe_9,3.3333333333333335,True
/content/drive/MyDrive/progetto_immunogold/patches/images/SA-MAG_X6000_JEM-1400 Flash_22467_x1120_y1568.png,SA-MAG_X6000_JEM-1400 Flash_22467,classe_9,3.3333333333333335,True
/content/drive/MyDrive/progetto_immunogold/patches/images/SA-MAG_X6000_JEM-1400 Flash_22467_x1120_y1792.png,SA-MAG_X6000_JEM-1400 Flash_22467,classe_9,3.3333333333333335,True
/content/drive/MyDrive/progetto_immunogold/patches/images/SA-MAG_X6000_JEM-1400 Flash_22467_x1120_y224.png,SA-MAG_X6000_JEM-1400 Flash_22467,classe_9,3.3333333333333335,True
/content/drive/MyDrive/progetto_immunogold/patches/images/SA-MAG_X6000_JEM-1400 Flash_22467_x1120_y448.png,SA-MAG_X6000_JEM-1400 Flash_22467,classe_9,3.3333333333333335,True
/content/drive/MyDrive/progetto_immunogold/patches/images/SA-MAG_X6000_JEM-1400 Flash_22467_x1120_y672.png,SA-MAG_X6000_JEM-1400 Flash_22467,classe_9,3.3333333333333335,True
/content/drive/MyDrive/progetto_immunogold/patches/images/SA-MAG_X6000_JEM-1400 Flash_22467_x1120_y896.png,SA-MAG_X6000_JEM-1400 Flash_22467,classe_9,3.3333333333333335,True
/content/drive/MyDrive/progetto_immunogold/patches/images/SA-MAG_X6000_JEM-1400 Flash_22467_x1344_y0.png,SA-MAG_X6000_JEM-1400 Flash_22467,classe_9,3.3333333333333335,True
/content/drive/MyDrive/progetto_immunogold/patches/images/SA-MAG_X6000_JEM-1400 Flash_22467_x1344_y1120.png,SA-MAG_X6000_JEM-1400 Flash_22467,classe_9,3.3333333333333335,True
/content/drive/MyDrive/progetto_immunogold/patches/images/SA-MAG_X6000_JEM-1400 Flash_22467_x1344_y1344.png,SA-MAG_X6000_JEM-1400 Flash_22467,classe_9,3.3333333333333335,True
/content/drive/MyDrive/progetto_immunogold/patches/images/SA-MAG_X6000_JEM-1400 Flash_22467_x1344_y1568.png,SA-MAG_X6000_JEM-1400 Flash_22467,classe_9,3.3333333333333335,True
/content/drive/MyDrive/progetto_immunogold/patches/images/SA-MAG_X6000_JEM-1400 Flash_22467_x1344_y1792.png,SA-MAG_X6000_JEM-1400 Flash_22467,classe_9,3.3333333333333335,True
/content/drive/MyDrive/progetto_immunogold/patches/images/SA-MAG_X6000_JEM-1400 Flash_22467_x1344_y224.png,SA-MAG_X6000_JEM-1400 Flash_22467,classe_9,3.3333333333333335,True
/content/drive/MyDrive/progetto_immunogold/patches/images/SA-MAG_X6000_JEM-1400 Flash_22467_x1344_y448.png,SA-MAG_X6000_JEM-1400 Flash_22467,classe_9,3.3333333333333335,True
/content/drive/MyDrive/progetto_immunogold/patches/images/SA-MAG_X6000_JEM-1400 Flash_22467_x1344_y672.png,SA-MAG_X6000_JEM-1400 Flash_22467,classe_9,3.3333333333333335,True
/content/drive/MyDrive/progetto_immunogold/patches/images/SA-MAG_X6000_JEM-1400 Flash_22467_x1344_y896.png,SA-MAG_X6000_JEM-1400 Flash_22467,classe_9,3.3333333333333335,True
/content/drive/MyDrive/progetto_immunogold/patches/images/SA-MAG_X6000_JEM-1400 Flash_22467_x1568_y0.png,SA-MAG_X6000_JEM-1400 Flash_22467,classe_9,3.3333333333333335,True
/content/drive/MyDrive/progetto_immunogold/patches/images/SA-MAG_X6000_JEM-1400 Flash_22467_x1568_y1120.png,SA-MAG_X6000_JEM-1400 Flash_22467,classe_9,3.3333333333333335,True
/content/drive/MyDrive/progetto_immunogold/patches/images/SA-MAG_X6000_JEM-1400 Flash_22467_x1568_y1344.png,SA-MAG_X6000_JEM-1400 Flash_22467,classe_9,3.3333333333333335,True
/content/drive/MyDrive/progetto_immunogold/patches/images/SA-MAG_X6000_JEM-1400 Flash_22467_x1568_y1568.png,SA-MAG_X6000_JEM-1400 Flash_22467,classe_9,3.3333333333333335,True
/content/drive/MyDrive/progetto_immunogold/patches/images/SA-MAG_X6000_JEM-1400 Flash_22467_x1568_y1792.png,SA-MAG_X6000_JEM-1400 Flash_22467,classe_9,3.3333333333333335,True
/content/drive/MyDrive/progetto_immunogold/patches/images/SA-MAG_X6000_JEM-1400 Flash_22467_x1568_y224.png,SA-MAG_X6000_JEM-1400 Flash_22467,classe_9,3.3333333333333335,True
/content/drive/MyDrive/progetto_immunogold/patches/images/SA-MAG_X6000_JEM-1400 Flash_22467_x1568_y448.png,SA-MAG_X6000_JEM-1400 Flash_22467,classe_9,3.3333333333333335,True
/content/drive/MyDrive/progetto_immunogold/patches/images/SA-MAG_X6000_JEM-1400 Flash_22467_x1568_y672.png,SA-MAG_X6000_JEM-1400 Flash_22467,classe_9,3.3333333333333335,True
/content/drive/MyDrive/progetto_immunogold/patches/images/SA-MAG_X6000_JEM-1400 Flash_22467_x1568_y896.png,SA-MAG_X6000_JEM-1400 Flash_22467,classe_9,3.3333333333333335,True
/content/drive/MyDrive/progetto_immunogold/patches/images/SA-MAG_X6000_JEM-1400 Flash_22467_x1792_y0.png,SA-MAG_X6000_JEM-1400 Flash_22467,classe_9,3.3333333333333335,True
/content/drive/MyDrive/progetto_immunogold/patches/images/SA-MAG_X6000_JEM-1400 Flash_22467_x1792_y1120.png,SA-MAG_X6000_JEM-1400 Flash_22467,classe_9,3.3333333333333335,True
/content/drive/MyDrive/progetto_immunogold/patches/images/SA-MAG_X6000_JEM-1400 Flash_22467_x1792_y1344.png,SA-MAG_X6000_JEM-1400 Flash_22467,classe_9,3.3333333333333335,True
/content/drive/MyDrive/progetto_immunogold/patches/images/SA-MAG_X6000_JEM-1400 Flash_22467_x1792_y1568.png,SA-MAG_X6000_JEM-1400 Flash_22467,classe_9,3.3333333333333335,True
/content/drive/MyDrive/progetto_immunogold/patches/images/SA-MAG_X6000_JEM-1400 Flash_22467_x1792_y1792.png,SA-MAG_X6000_JEM-1400 Flash_22467,classe_9,3.3333333333333335,True
/content/drive/MyDrive/progetto_immunogold/patches/images/SA-MAG_X6000_JEM-1400 Flash_22467_x1792_y224.png,SA-MAG_X6000_JEM-1400 Flash_22467,classe_9,3.3333333333333335,True
/content/drive/MyDrive/progetto_immunogold/patches/images/SA-MAG_X6000_JEM-1400 Flash_22467_x1792_y448.png,SA-MAG_X6000_JEM-1400 Flash_22467,classe_9,3.3333333333333335,True
/content/drive/MyDrive/progetto_immunogold/patches/images/SA-MAG_X6000_JEM-1400 Flash_22467_x1792_y672.png,SA-MAG_X6000_JEM-1400 Flash_22467,classe_9,3.3333333333333335,True
/content/drive/MyDrive/progetto_immunogold/patches/images/SA-MAG_X6000_JEM-1400 Flash_22467_x1792_y896.png,SA-MAG_X6000_JEM-1400 Flash_22467,classe_9,3.3333333333333335,True
/content/drive/MyDrive/progetto_immunogold/patches/images/SA-MAG_X6000_JEM-1400 Flash_22467_x224_y0.png,SA-MAG_X6000_JEM-1400 Flash_22467,classe_9,3.3333333333333335,True
/content/drive/MyDrive/progetto_immunogold/patches/images/SA-MAG_X6000_JEM-1400 Flash_22467_x224_y1120.png,SA-MAG_X6000_JEM-1400 Flash_22467,classe_9,3.3333333333333335,True
/content/drive/MyDrive/progetto_immunogold/patches/images/SA-MAG_X6000_JEM-1400 Flash_22467_x224_y1344.png,SA-MAG_X6000_JEM-1400 Flash_22467,classe_9,3.3333333333333335,True
/content/drive/MyDrive/progetto_immunogold/patches/images/SA-MAG_X6000_JEM-1400 Flash_22467_x224_y1568.png,SA-MAG_X6000_JEM-1400 Flash_22467,classe_9,3.3333333333333335,True
/content/drive/MyDrive/progetto_immunogold/patches/images/SA-MAG_X6000_JEM-1400 Flash_22467_x224_y1792.png,SA-MAG_X6000_JEM-1400 Flash_22467,classe_9,3.3333333333333335,True
/content/drive/MyDrive/progetto_immunogold/patches/images/SA-MAG_X6000_JEM-1400 Flash_22467_x224_y224.png,SA-MAG_X6000_JEM-1400 Flash_22467,classe_9,3.3333333333333335,True
/content/drive/MyDrive/progetto_immunogold/patches/images/SA-MAG_X6000_JEM-1400 Flash_22467_x224_y448.png,SA-MAG_X6000_JEM-1400 Flash_22467,classe_9,3.3333333333333335,True
/content/drive/MyDrive/progetto_immunogold/patches/images/SA-MAG_X6000_JEM-1400 Flash_22467_x224_y672.png,SA-MAG_X6000_JEM-1400 Flash_22467,classe_9,3.3333333333333335,True
/content/drive/MyDrive/progetto_immunogold/patches/images/SA-MAG_X6000_JEM-1400 Flash_22467_x224_y896.png,SA-MAG_X6000_JEM-1400 Flash_22467,classe_9,3.3333333333333335,True
/content/drive/MyDrive/progetto_immunogold/patches/images/SA-MAG_X6000_JEM-1400 Flash_22467_x448_y0.png,SA-MAG_X6000_JEM-1400 Flash_22467,classe_9,3.3333333333333335,True
/content/drive/MyDrive/progetto_immunogold/patches/images/SA-MAG_X6000_JEM-1400 Flash_22467_x448_y1120.png,SA-MAG_X6000_JEM-1400 Flash_22467,classe_9,3.3333333333333335,True
/content/drive/MyDrive/progetto_immunogold/patches/images/SA-MAG_X6000_JEM-1400 Flash_22467_x448_y1344.png,SA-MAG_X6000_JEM-1400 Flash_22467,classe_9,3.3333333333333335,True
/content/drive/MyDrive/progetto_immunogold/patches/images/SA-MAG_X6000_JEM-1400 Flash_22467_x448_y1568.png,SA-MAG_X6000_JEM-1400 Flash_22467,classe_9,3.3333333333333335,True
/content/drive/MyDrive/progetto_immunogold/patches/images/SA-MAG_X6000_JEM-1400 Flash_22467_x448_y1792.png,SA-MAG_X6000_JEM-1400 Flash_22467,classe_9,3.3333333333333335,True
/content/drive/MyDrive/progetto_immunogold/patches/images/SA-MAG_X6000_JEM-1400 Flash_22467_x448_y224.png,SA-MAG_X6000_JEM-1400 Flash_22467,classe_9,3.3333333333333335,True
/content/drive/MyDrive/progetto_immunogold/patches/images/SA-MAG_X6000_JEM-1400 Flash_22467_x448_y448.png,SA-MAG_X6000_JEM-1400 Flash_22467,classe_9,3.3333333333333335,True
/content/drive/MyDrive/progetto_immunogold/patches/images/SA-MAG_X6000_JEM-1400 Flash_22467_x448_y672.png,SA-MAG_X6000_JEM-1400 Flash_22467,classe_9,3.3333333333333335,True
/content/drive/MyDrive/progetto_immunogold/patches/images/SA-MAG_X6000_JEM-1400 Flash_22467_x448_y896.png,SA-MAG_X6000_JEM-1400 Flash_22467,classe_9,3.3333333333333335,True
/content/drive/MyDrive/progetto_immunogold/patches/images/SA-MAG_X6000_JEM-1400 Flash_22467_x672_y0.png,SA-MAG_X6000_JEM-1400 Flash_22467,classe_9,3.3333333333333335,True
/content/drive/MyDrive/progetto_immunogold/patches/images/SA-MAG_X6000_JEM-1400 Flash_22467_x672_y1120.png,SA-MAG_X6000_JEM-1400 Flash_22467,classe_9,3.3333333333333335,True
/content/drive/MyDrive/progetto_immunogold/patches/images/SA-MAG_X6000_JEM-1400 Flash_22467_x672_y1344.png,SA-MAG_X6000_JEM-1400 Flash_22467,classe_9,3.3333333333333335,True
/content/drive/MyDrive/progetto_immunogold/patches/images/SA-MAG_X6000_JEM-1400 Flash_22467_x672_y1568.png,SA-MAG_X6000_JEM-1400 Flash_22467,classe_9,3.3333333333333335,True
/content/drive/MyDrive/progetto_immunogold/patches/images/SA-MAG_X6000_JEM-1400 Flash_22467_x672_y1792.png,SA-MAG_X6000_JEM-1400 Flash_22467,classe_9,3.3333333333333335,True
/content/drive/MyDrive/progetto_immunogold/patches/images/SA-MAG_X6000_JEM-1400 Flash_22467_x672_y224.png,SA-MAG_X6000_JEM-1400 Flash_22467,classe_9,3.3333333333333335,True
/content/drive/MyDrive/progetto_immunogold/patches/images/SA-MAG_X6000_JEM-1400 Flash_22467_x672_y448.png,SA-MAG_X6000_JEM-1400 Flash_22467,classe_9,3.3333333333333335,True
/content/drive/MyDrive/progetto_immunogold/patches/images/SA-MAG_X6000_JEM-1400 Flash_22467_x672_y672.png,SA-MAG_X6000_JEM-1400 Flash_22467,classe_9,3.3333333333333335,True
/content/drive/MyDrive/progetto_immunogold/patches/images/SA-MAG_X6000_JEM-1400 Flash_22467_x672_y896.png,SA-MAG_X6000_JEM-1400 Flash_22467,classe_9,3.3333333333333335,True
/content/drive/MyDrive/progetto_immunogold/patches/images/SA-MAG_X6000_JEM-1400 Flash_22467_x896_y0.png,SA-MAG_X6000_JEM-1400 Flash_22467,classe_9,3.3333333333333335,True
/content/drive/MyDrive/progetto_immunogold/patches/images/SA-MAG_X6000_JEM-1400 Flash_22467_x896_y1120.png,SA-MAG_X6000_JEM-1400 Flash_22467,classe_9,3.3333333333333335,True
/content/drive/MyDrive/progetto_immunogold/patches/images/SA-MAG_X6000_JEM-1400 Flash_22467_x896_y1344.png,SA-MAG_X6000_JEM-1400 Flash_22467,classe_9,3.3333333333333335,True
/content/drive/MyDrive/progetto_immunogold/patches/images/SA-MAG_X6000_JEM-1400 Flash_22467_x896_y1568.png,SA-MAG_X6000_JEM-1400 Flash_22467,classe_9,3.3333333333333335,True
/content/drive/MyDrive/progetto_immunogold/patches/images/SA-MAG_X6000_JEM-1400 Flash_22467_x896_y1792.png,SA-MAG_X6000_JEM-1400 Flash_22467,classe_9,3.3333333333333335,True
/content/drive/MyDrive/progetto_immunogold/patches/images/SA-MAG_X6000_JEM-1400 Flash_22467_x896_y224.png,SA-MAG_X6000_JEM-1400 Flash_22467,classe_9,3.3333333333333335,True
/content/drive/MyDrive/progetto_immunogold/patches/images/SA-MAG_X6000_JEM-1400 Flash_22467_x896_y448.png,SA-MAG_X6000_JEM-1400 Flash_22467,classe_9,3.3333333333333335,True
/content/drive/MyDrive/progetto_immunogold/patches/images/SA-MAG_X6000_JEM-1400 Flash_22467_x896_y672.png,SA-MAG_X6000_JEM-1400 Flash_22467,classe_9,3.3333333333333335,True
/content/drive/MyDrive/progetto_immunogold/patches/images/SA-MAG_X6000_JEM-1400 Flash_22467_x896_y896.png,SA-MAG_X6000_JEM-1400 Flash_22467,classe_9,3.3333333333333335,True
/content/drive/MyDrive/progetto_immunogold/patches/images/SA-MAG_X8000_JEM-1400 Flash_22612_x0_y0.png,SA-MAG_X8000_JEM-1400 Flash_22612,classe_8,4.052132701421802,True
/content/drive/MyDrive/progetto_immunogold/patches/images/SA-MAG_X8000_JEM-1400 Flash_22612_x0_y1120.png,SA-MAG_X8000_JEM-1400 Flash_22612,classe_8,4.052132701421802,True
/content/drive/MyDrive/progetto_immunogold/patches/images/SA-MAG_X8000_JEM-1400 Flash_22612_x0_y1344.png,SA-MAG_X8000_JEM-1400 Flash_22612,classe_8,4.052132701421802,True
/content/drive/MyDrive/progetto_immunogold/patches/images/SA-MAG_X8000_JEM-1400 Flash_22612_x0_y1568.png,SA-MAG_X8000_JEM-1400 Flash_22612,classe_8,4.052132701421802,True
/content/drive/MyDrive/progetto_immunogold/patches/images/SA-MAG_X8000_JEM-1400 Flash_22612_x0_y1792.png,SA-MAG_X8000_JEM-1400 Flash_22612,classe_8,4.052132701421802,True
/content/drive/MyDrive/progetto_immunogold/patches/images/SA-MAG_X8000_JEM-1400 Flash_22612_x0_y224.png,SA-MAG_X8000_JEM-1400 Flash_22612,classe_8,4.052132701421802,True
/content/drive/MyDrive/progetto_immunogold/patches/images/SA-MAG_X8000_JEM-1400 Flash_22612_x0_y448.png,SA-MAG_X8000_JEM-1400 Flash_22612,classe_8,4.052132701421802,True
/content/drive/MyDrive/progetto_immunogold/patches/images/SA-MAG_X8000_JEM-1400 Flash_22612_x0_y672.png,SA-MAG_X8000_JEM-1400 Flash_22612,classe_8,4.052132701421802,True
/content/drive/MyDrive/progetto_immunogold/patches/images/SA-MAG_X8000_JEM-1400 Flash_22612_x0_y896.png,SA-MAG_X8000_JEM-1400 Flash_22612,classe_8,4.052132701421802,True
/content/drive/MyDrive/progetto_immunogold/patches/images/SA-MAG_X8000_JEM-1400 Flash_22612_x1120_y0.png,SA-MAG_X8000_JEM-1400 Flash_22612,classe_8,4.052132701421802,True
/content/drive/MyDrive/progetto_immunogold/patches/images/SA-MAG_X8000_JEM-1400 Flash_22612_x1120_y1120.png,SA-MAG_X8000_JEM-1400 Flash_22612,classe_8,4.052132701421802,True
/content/drive/MyDrive/progetto_immunogold/patches/images/SA-MAG_X8000_JEM-1400 Flash_22612_x1120_y1344.png,SA-MAG_X8000_JEM-1400 Flash_22612,classe_8,4.052132701421802,True
/content/drive/MyDrive/progetto_immunogold/patches/images/SA-MAG_X8000_JEM-1400 Flash_22612_x1120_y1568.png,SA-MAG_X8000_JEM-1400 Flash_22612,classe_8,4.052132701421802,True
/content/drive/MyDrive/progetto_immunogold/patches/images/SA-MAG_X8000_JEM-1400 Flash_22612_x1120_y1792.png,SA-MAG_X8000_JEM-1400 Flash_22612,classe_8,4.052132701421802,True
/content/drive/MyDrive/progetto_immunogold/patches/images/SA-MAG_X8000_JEM-1400 Flash_22612_x1120_y224.png,SA-MAG_X8000_JEM-1400 Flash_22612,classe_8,4.052132701421802,True
/content/drive/MyDrive/progetto_immunogold/patches/images/SA-MAG_X8000_JEM-1400 Flash_22612_x1120_y448.png,SA-MAG_X8000_JEM-1400 Flash_22612,classe_8,4.052132701421802,True
/content/drive/MyDrive/progetto_immunogold/patches/images/SA-MAG_X8000_JEM-1400 Flash_22612_x1120_y672.png,SA-MAG_X8000_JEM-1400 Flash_22612,classe_8,4.052132701421802,True
/content/drive/MyDrive/progetto_immunogold/patches/images/SA-MAG_X8000_JEM-1400 Flash_22612_x1120_y896.png,SA-MAG_X8000_JEM-1400 Flash_22612,classe_8,4.052132701421802,True
/content/drive/MyDrive/progetto_immunogold/patches/images/SA-MAG_X8000_JEM-1400 Flash_22612_x1344_y0.png,SA-MAG_X8000_JEM-1400 Flash_22612,classe_8,4.052132701421802,True
/content/drive/MyDrive/progetto_immunogold/patches/images/SA-MAG_X8000_JEM-1400 Flash_22612_x1344_y1120.png,SA-MAG_X8000_JEM-1400 Flash_22612,classe_8,4.052132701421802,True
/content/drive/MyDrive/progetto_immunogold/patches/images/SA-MAG_X8000_JEM-1400 Flash_22612_x1344_y1344.png,SA-MAG_X8000_JEM-1400 Flash_22612,classe_8,4.052132701421802,True
/content/drive/MyDrive/progetto_immunogold/patches/images/SA-MAG_X8000_JEM-1400 Flash_22612_x1344_y1568.png,SA-MAG_X8000_JEM-1400 Flash_22612,classe_8,4.052132701421802,True
/content/drive/MyDrive/progetto_immunogold/patches/images/SA-MAG_X8000_JEM-1400 Flash_22612_x1344_y1792.png,SA-MAG_X8000_JEM-1400 Flash_22612,classe_8,4.052132701421802,True
/content/drive/MyDrive/progetto_immunogold/patches/images/SA-MAG_X8000_JEM-1400 Flash_22612_x1344_y224.png,SA-MAG_X8000_JEM-1400 Flash_22612,classe_8,4.052132701421802,True
/content/drive/MyDrive/progetto_immunogold/patches/images/SA-MAG_X8000_JEM-1400 Flash_22612_x1344_y448.png,SA-MAG_X8000_JEM-1400 Flash_22612,classe_8,4.052132701421802,True
/content/drive/MyDrive/progetto_immunogold/patches/images/SA-MAG_X8000_JEM-1400 Flash_22612_x1344_y672.png,SA-MAG_X8000_JEM-1400 Flash_22612,classe_8,4.052132701421802,True
/content/drive/MyDrive/progetto_immunogold/patches/images/SA-MAG_X8000_JEM-1400 Flash_22612_x1344_y896.png,SA-MAG_X8000_JEM-1400 Flash_22612,classe_8,4.052132701421802,True
/content/drive/MyDrive/progetto_immunogold/patches/images/SA-MAG_X8000_JEM-1400 Flash_22612_x1568_y0.png,SA-MAG_X8000_JEM-1400 Flash_22612,classe_8,4.052132701421802,True
/content/drive/MyDrive/progetto_immunogold/patches/images/SA-MAG_X8000_JEM-1400 Flash_22612_x1568_y1120.png,SA-MAG_X8000_JEM-1400 Flash_22612,classe_8,4.052132701421802,True
/content/drive/MyDrive/progetto_immunogold/patches/images/SA-MAG_X8000_JEM-1400 Flash_22612_x1568_y1344.png,SA-MAG_X8000_JEM-1400 Flash_22612,classe_8,4.052132701421802,True
/content/drive/MyDrive/progetto_immunogold/patches/images/SA-MAG_X8000_JEM-1400 Flash_22612_x1568_y1568.png,SA-MAG_X8000_JEM-1400 Flash_22612,classe_8,4.052132701421802,True
/content/drive/MyDrive/progetto_immunogold/patches/images/SA-MAG_X8000_JEM-1400 Flash_22612_x1568_y1792.png,SA-MAG_X8000_JEM-1400 Flash_22612,classe_8,4.052132701421802,True
/content/drive/MyDrive/progetto_immunogold/patches/images/SA-MAG_X8000_JEM-1400 Flash_22612_x1568_y224.png,SA-MAG_X8000_JEM-1400 Flash_22612,classe_8,4.052132701421802,True
/content/drive/MyDrive/progetto_immunogold/patches/images/SA-MAG_X8000_JEM-1400 Flash_22612_x1568_y448.png,SA-MAG_X8000_JEM-1400 Flash_22612,classe_8,4.052132701421802,True
/content/drive/MyDrive/progetto_immunogold/patches/images/SA-MAG_X8000_JEM-1400 Flash_22612_x1568_y672.png,SA-MAG_X8000_JEM-1400 Flash_22612,classe_8,4.052132701421802,True
/content/drive/MyDrive/progetto_immunogold/patches/images/SA-MAG_X8000_JEM-1400 Flash_22612_x1568_y896.png,SA-MAG_X8000_JEM-1400 Flash_22612,classe_8,4.052132701421802,True
/content/drive/MyDrive/progetto_immunogold/patches/images/SA-MAG_X8000_JEM-1400 Flash_22612_x1792_y0.png,SA-MAG_X8000_JEM-1400 Flash_22612,classe_8,4.052132701421802,True
/content/drive/MyDrive/progetto_immunogold/patches/images/SA-MAG_X8000_JEM-1400 Flash_22612_x1792_y1120.png,SA-MAG_X8000_JEM-1400 Flash_22612,classe_8,4.052132701421802,True
/content/drive/MyDrive/progetto_immunogold/patches/images/SA-MAG_X8000_JEM-1400 Flash_22612_x1792_y1344.png,SA-MAG_X8000_JEM-1400 Flash_22612,classe_8,4.052132701421802,True
/content/drive/MyDrive/progetto_immunogold/patches/images/SA-MAG_X8000_JEM-1400 Flash_22612_x1792_y1568.png,SA-MAG_X8000_JEM-1400 Flash_22612,classe_8,4.052132701421802,True
/content/drive/MyDrive/progetto_immunogold/patches/images/SA-MAG_X8000_JEM-1400 Flash_22612_x1792_y1792.png,SA-MAG_X8000_JEM-1400 Flash_22612,classe_8,4.052132701421802,True
/content/drive/MyDrive/progetto_immunogold/patches/images/SA-MAG_X8000_JEM-1400 Flash_22612_x1792_y224.png,SA-MAG_X8000_JEM-1400 Flash_22612,classe_8,4.052132701421802,True
/content/drive/MyDrive/progetto_immunogold/patches/images/SA-MAG_X8000_JEM-1400 Flash_22612_x1792_y448.png,SA-MAG_X8000_JEM-1400 Flash_22612,classe_8,4.052132701421802,True
/content/drive/MyDrive/progetto_immunogold/patches/images/SA-MAG_X8000_JEM-1400 Flash_22612_x1792_y672.png,SA-MAG_X8000_JEM-1400 Flash_22612,classe_8,4.052132701421802,True
/content/drive/MyDrive/progetto_immunogold/patches/images/SA-MAG_X8000_JEM-1400 Flash_22612_x1792_y896.png,SA-MAG_X8000_JEM-1400 Flash_22612,classe_8,4.052132701421802,True
/content/drive/MyDrive/progetto_immunogold/patches/images/SA-MAG_X8000_JEM-1400 Flash_22612_x224_y0.png,SA-MAG_X8000_JEM-1400 Flash_22612,classe_8,4.052132701421802,True
/content/drive/MyDrive/progetto_immunogold/patches/images/SA-MAG_X8000_JEM-1400 Flash_22612_x224_y1120.png,SA-MAG_X8000_JEM-1400 Flash_22612,classe_8,4.052132701421802,True
/content/drive/MyDrive/progetto_immunogold/patches/images/SA-MAG_X8000_JEM-1400 Flash_22612_x224_y1344.png,SA-MAG_X8000_JEM-1400 Flash_22612,classe_8,4.052132701421802,True
/content/drive/MyDrive/progetto_immunogold/patches/images/SA-MAG_X8000_JEM-1400 Flash_22612_x224_y1568.png,SA-MAG_X8000_JEM-1400 Flash_22612,classe_8,4.052132701421802,True
/content/drive/MyDrive/progetto_immunogold/patches/images/SA-MAG_X8000_JEM-1400 Flash_22612_x224_y1792.png,SA-MAG_X8000_JEM-1400 Flash_22612,classe_8,4.052132701421802,True
/content/drive/MyDrive/progetto_immunogold/patches/images/SA-MAG_X8000_JEM-1400 Flash_22612_x224_y224.png,SA-MAG_X8000_JEM-1400 Flash_22612,classe_8,4.052132701421802,True
/content/drive/MyDrive/progetto_immunogold/patches/images/SA-MAG_X8000_JEM-1400 Flash_22612_x224_y448.png,SA-MAG_X8000_JEM-1400 Flash_22612,classe_8,4.052132701421802,True
/content/drive/MyDrive/progetto_immunogold/patches/images/SA-MAG_X8000_JEM-1400 Flash_22612_x224_y672.png,SA-MAG_X8000_JEM-1400 Flash_22612,classe_8,4.052132701421802,True
/content/drive/MyDrive/progetto_immunogold/patches/images/SA-MAG_X8000_JEM-1400 Flash_22612_x224_y896.png,SA-MAG_X8000_JEM-1400 Flash_22612,classe_8,4.052132701421802,True
/content/drive/MyDrive/progetto_immunogold/patches/images/SA-MAG_X8000_JEM-1400 Flash_22612_x448_y0.png,SA-MAG_X8000_JEM-1400 Flash_22612,classe_8,4.052132701421802,True
/content/drive/MyDrive/progetto_immunogold/patches/images/SA-MAG_X8000_JEM-1400 Flash_22612_x448_y1120.png,SA-MAG_X8000_JEM-1400 Flash_22612,classe_8,4.052132701421802,True
/content/drive/MyDrive/progetto_immunogold/patches/images/SA-MAG_X8000_JEM-1400 Flash_22612_x448_y1344.png,SA-MAG_X8000_JEM-1400 Flash_22612,classe_8,4.052132701421802,True
/content/drive/MyDrive/progetto_immunogold/patches/images/SA-MAG_X8000_JEM-1400 Flash_22612_x448_y1568.png,SA-MAG_X8000_JEM-1400 Flash_22612,classe_8,4.052132701421802,True
/content/drive/MyDrive/progetto_immunogold/patches/images/SA-MAG_X8000_JEM-1400 Flash_22612_x448_y1792.png,SA-MAG_X8000_JEM-1400 Flash_22612,classe_8,4.052132701421802,True
/content/drive/MyDrive/progetto_immunogold/patches/images/SA-MAG_X8000_JEM-1400 Flash_22612_x448_y224.png,SA-MAG_X8000_JEM-1400 Flash_22612,classe_8,4.052132701421802,True
/content/drive/MyDrive/progetto_immunogold/patches/images/SA-MAG_X8000_JEM-1400 Flash_22612_x448_y448.png,SA-MAG_X8000_JEM-1400 Flash_22612,classe_8,4.052132701421802,True
/content/drive/MyDrive/progetto_immunogold/patches/images/SA-MAG_X8000_JEM-1400 Flash_22612_x448_y672.png,SA-MAG_X8000_JEM-1400 Flash_22612,classe_8,4.052132701421802,True
/content/drive/MyDrive/progetto_immunogold/patches/images/SA-MAG_X8000_JEM-1400 Flash_22612_x448_y896.png,SA-MAG_X8000_JEM-1400 Flash_22612,classe_8,4.052132701421802,True
/content/drive/MyDrive/progetto_immunogold/patches/images/SA-MAG_X8000_JEM-1400 Flash_22612_x672_y0.png,SA-MAG_X8000_JEM-1400 Flash_22612,classe_8,4.052132701421802,True
/content/drive/MyDrive/progetto_immunogold/patches/images/SA-MAG_X8000_JEM-1400 Flash_22612_x672_y1120.png,SA-MAG_X8000_JEM-1400 Flash_22612,classe_8,4.052132701421802,True
/content/drive/MyDrive/progetto_immunogold/patches/images/SA-MAG_X8000_JEM-1400 Flash_22612_x672_y1344.png,SA-MAG_X8000_JEM-1400 Flash_22612,classe_8,4.052132701421802,True
/content/drive/MyDrive/progetto_immunogold/patches/images/SA-MAG_X8000_JEM-1400 Flash_22612_x672_y1568.png,SA-MAG_X8000_JEM-1400 Flash_22612,classe_8,4.052132701421802,True
/content/drive/MyDrive/progetto_immunogold/patches/images/SA-MAG_X8000_JEM-1400 Flash_22612_x672_y1792.png,SA-MAG_X8000_JEM-1400 Flash_22612,classe_8,4.052132701421802,True
/content/drive/MyDrive/progetto_immunogold/patches/images/SA-MAG_X8000_JEM-1400 Flash_22612_x672_y224.png,SA-MAG_X8000_JEM-1400 Flash_22612,classe_8,4.052132701421802,True
/content/drive/MyDrive/progetto_immunogold/patches/images/SA-MAG_X8000_JEM-1400 Flash_22612_x672_y448.png,SA-MAG_X8000_JEM-1400 Flash_22612,classe_8,4.052132701421802,True
/content/drive/MyDrive/progetto_immunogold/patches/images/SA-MAG_X8000_JEM-1400 Flash_22612_x672_y672.png,SA-MAG_X8000_JEM-1400 Flash_22612,classe_8,4.052132701421802,True
/content/drive/MyDrive/progetto_immunogold/patches/images/SA-MAG_X8000_JEM-1400 Flash_22612_x672_y896.png,SA-MAG_X8000_JEM-1400 Flash_22612,classe_8,4.052132701421802,True
/content/drive/MyDrive/progetto_immunogold/patches/images/SA-MAG_X8000_JEM-1400 Flash_22612_x896_y0.png,SA-MAG_X8000_JEM-1400 Flash_22612,classe_8,4.052132701421802,True
/content/drive/MyDrive/progetto_immunogold/patches/images/SA-MAG_X8000_JEM-1400 Flash_22612_x896_y1120.png,SA-MAG_X8000_JEM-1400 Flash_22612,classe_8,4.052132701421802,True
/content/drive/MyDrive/progetto_immunogold/patches/images/SA-MAG_X8000_JEM-1400 Flash_22612_x896_y1344.png,SA-MAG_X8000_JEM-1400 Flash_22612,classe_8,4.052132701421802,True
/content/drive/MyDrive/progetto_immunogold/patches/images/SA-MAG_X8000_JEM-1400 Flash_22612_x896_y1568.png,SA-MAG_X8000_JEM-1400 Flash_22612,classe_8,4.052132701421802,True
/content/drive/MyDrive/progetto_immunogold/patches/images/SA-MAG_X8000_JEM-1400 Flash_22612_x896_y1792.png,SA-MAG_X8000_JEM-1400 Flash_22612,classe_8,4.052132701421802,True
/content/drive/MyDrive/progetto_immunogold/patches/images/SA-MAG_X8000_JEM-1400 Flash_22612_x896_y224.png,SA-MAG_X8000_JEM-1400 Flash_22612,classe_8,4.052132701421802,True
/content/drive/MyDrive/progetto_immunogold/patches/images/SA-MAG_X8000_JEM-1400 Flash_22612_x896_y448.png,SA-MAG_X8000_JEM-1400 Flash_22612,classe_8,4.052132701421802,True
/content/drive/MyDrive/progetto_immunogold/patches/images/SA-MAG_X8000_JEM-1400 Flash_22612_x896_y672.png,SA-MAG_X8000_JEM-1400 Flash_22612,classe_8,4.052132701421802,True
/content/drive/MyDrive/progetto_immunogold/patches/images/SA-MAG_X8000_JEM-1400 Flash_22612_x896_y896.png,SA-MAG_X8000_JEM-1400 Flash_22612,classe_8,4.052132701421802,True
