somma_mappa,n_punti_attesi,errore_relativo,ok,patch_path,id_immagine,data_generazione
1.5962895154953003,2,0.20185524225234985,False,/content/drive/MyDrive/progetto_immunogold/patches/images/SA-MAG_X10k_JEM-1400 Flash_22440_x0_y0.png,SA-MAG_X10k_JEM-1400 Flash_22440,ricostruito_da_npy
4.0,4,0.0,True,/content/drive/MyDrive/progetto_immunogold/patches/images/SA-MAG_X10k_JEM-1400 Flash_22440_x0_y1120.png,SA-MAG_X10k_JEM-1400 Flash_22440,ricostruito_da_npy
1.0,1,0.0,True,/content/drive/MyDrive/progetto_immunogold/patches/images/SA-MAG_X10k_JEM-1400 Flash_22440_x0_y1344.png,SA-MAG_X10k_JEM-1400 Flash_22440,ricostruito_da_npy
0.0,0,0.0,True,/content/drive/MyDrive/progetto_immunogold/patches/images/SA-MAG_X10k_JEM-1400 Flash_22440_x0_y1568.png,SA-MAG_X10k_JEM-1400 Flash_22440,ricostruito_da_npy
2.9963488578796387,3,0.0012170473734537761,True,/content/drive/MyDrive/progetto_immunogold/patches/images/SA-MAG_X10k_JEM-1400 Flash_22440_x0_y1792.png,SA-MAG_X10k_JEM-1400 Flash_22440,ricostruito_da_npy
2.999999761581421,3,7.947285970052083e-08,True,/content/drive/MyDrive/progetto_immunogold/patches/images/SA-MAG_X10k_JEM-1400 Flash_22440_x0_y224.png,SA-MAG_X10k_JEM-1400 Flash_22440,ricostruito_da_npy
5.985751152038574,6,0.0023748079935709634,True,/content/drive/MyDrive/progetto_immunogold/patches/images/SA-MAG_X10k_JEM-1400 Flash_22440_x0_y448.png,SA-MAG_X10k_JEM-1400 Flash_22440,ricostruito_da_npy
2.9939234256744385,3,0.0020255247751871743,True,/content/drive/MyDrive/progetto_immunogold/patches/images/SA-MAG_X10k_JEM-1400 Flash_22440_x0_y672.png,SA-MAG_X10k_JEM-1400 Flash_22440,ricostruito_da_npy
0.0,0,0.0,True,/content/drive/MyDrive/progetto_immunogold/patches/images/SA-MAG_X10k_JEM-1400 Flash_22440_x0_y896.png,SA-MAG_X10k_JEM-1400 Flash_22440,ricostruito_da_npy
15.134466171264648,16,0.05409586429595947,False,/content/drive/MyDrive/progetto_immunogold/patches/images/SA-MAG_X10k_JEM-1400 Flash_22440_x1120_y0.png,SA-MAG_X10k_JEM-1400 Flash_22440,ricostruito_da_npy
13.751970291137695,15,0.08320198059082032,False,/content/drive/MyDrive/progetto_immunogold/patches/images/SA-MAG_X10k_JEM-1400 Flash_22440_x1120_y1120.png,SA-MAG_X10k_JEM-1400 Flash_22440,ricostruito_da_npy
26.315465927124023,29,0.0925701404439992,False,/content/drive/MyDrive/progetto_immunogold/patches/images/SA-MAG_X10k_JEM-1400 Flash_22440_x1120_y1344.png,SA-MAG_X10k_JEM-1400 Flash_22440,ricostruito_da_npy
24.763883590698242,26,0.04754293881929838,True,/content/drive/MyDrive/progetto_immunogold/patches/images/SA-MAG_X10k_JEM-1400 Flash_22440_x1120_y1568.png,SA-MAG_X10k_JEM-1400 Flash_22440,ricostruito_da_npy
15.759998321533203,17,0.07294127520392923,False,/content/drive/MyDrive/progetto_immunogold/patches/images/SA-MAG_X10k_JEM-1400 Flash_22440_x1120_y1792.png,SA-MAG_X10k_JEM-1400 Flash_22440,ricostruito_da_npy
16.41105842590332,19,0.13626008284719368,False,/content/drive/MyDrive/progetto_immunogold/patches/images/SA-MAG_X10k_JEM-1400 Flash_22440_x1120_y224.png,SA-MAG_X10k_JEM-1400 Flash_22440,ricostruito_da_npy
19.8682861328125,21,0.053891136532738096,False,/content/drive/MyDrive/progetto_immunogold/patches/images/SA-MAG_X10k_JEM-1400 Flash_22440_x1120_y448.png,SA-MAG_X10k_JEM-1400 Flash_22440,ricostruito_da_npy
13.323827743530273,14,0.04829801831926618,True,/content/drive/MyDrive/progetto_immunogold/patches/images/SA-MAG_X10k_JEM-1400 Flash_22440_x1120_y672.png,SA-MAG_X10k_JEM-1400 Flash_22440,ricostruito_da_npy
15.996097564697266,17,0.05905308442957261,False,/content/drive/MyDrive/progetto_immunogold/patches/images/SA-MAG_X10k_JEM-1400 Flash_22440_x1120_y896.png,SA-MAG_X10k_JEM-1400 Flash_22440,ricostruito_da_npy
21.186450958251953,22,0.036979501897638496,True,/content/drive/MyDrive/progetto_immunogold/patches/images/SA-MAG_X10k_JEM-1400 Flash_22440_x1344_y0.png,SA-MAG_X10k_JEM-1400 Flash_22440,ricostruito_da_npy
25.512041091918945,26,0.018767650310809795,True,/content/drive/MyDrive/progetto_immunogold/patches/images/SA-MAG_X10k_JEM-1400 Flash_22440_x1344_y1120.png,SA-MAG_X10k_JEM-1400 Flash_22440,ricostruito_da_npy
4.589620113372803,5,0.08207597732543945,False,/content/drive/MyDrive/progetto_immunogold/patches/images/SA-MAG_X10k_JEM-1400 Flash_22440_x1344_y1344.png,SA-MAG_X10k_JEM-1400 Flash_22440,ricostruito_da_npy
12.620553016662598,13,0.029188229487492487,True,/content/drive/MyDrive/progetto_immunogold/patches/images/SA-MAG_X10k_JEM-1400 Flash_22440_x1344_y1568.png,SA-MAG_X10k_JEM-1400 Flash_22440,ricostruito_da_npy
7.325835227966309,8,0.08427059650421143,False,/content/drive/MyDrive/progetto_immunogold/patches/images/SA-MAG_X10k_JEM-1400 Flash_22440_x1344_y1792.png,SA-MAG_X10k_JEM-1400 Flash_22440,ricostruito_da_npy
25.34442138671875,27,0.06131772641782408,False,/content/drive/MyDrive/progetto_immunogold/patches/images/SA-MAG_X10k_JEM-1400 Flash_22440_x1344_y224.png,SA-MAG_X10k_JEM-1400 Flash_22440,ricostruito_da_npy
19.059770584106445,20,0.04701147079467773,True,/content/drive/MyDrive/progetto_immunogold/patches/images/SA-MAG_X10k_JEM-1400 Flash_22440_x1344_y448.png,SA-MAG_X10k_JEM-1400 Flash_22440,ricostruito_da_npy
19.28753089904785,20,0.03562345504760742,True,/content/drive/MyDrive/progetto_immunogold/patches/images/SA-MAG_X10k_JEM-1400 Flash_22440_x1344_y672.png,SA-MAG_X10k_JEM-1400 Flash_22440,ricostruito_da_npy
37.19869613647461,38,0.021086943776983964,True,/content/drive/MyDrive/progetto_immunogold/patches/images/SA-MAG_X10k_JEM-1400 Flash_22440_x1344_y896.png,SA-MAG_X10k_JEM-1400 Flash_22440,ricostruito_da_npy
8.7675199508667,10,0.12324800491333007,False,/content/drive/MyDrive/progetto_immunogold/patches/images/SA-MAG_X10k_JEM-1400 Flash_22440_x1568_y0.png,SA-MAG_X10k_JEM-1400 Flash_22440,ricostruito_da_npy
13.966174125671387,14,0.0024161338806152344,True,/content/drive/MyDrive/progetto_immunogold/patches/images/SA-MAG_X10k_JEM-1400 Flash_22440_x1568_y1120.png,SA-MAG_X10k_JEM-1400 Flash_22440,ricostruito_da_npy
22.264541625976562,23,0.031976451044497284,True,/content/drive/MyDrive/progetto_immunogold/patches/images/SA-MAG_X10k_JEM-1400 Flash_22440_x1568_y1344.png,SA-MAG_X10k_JEM-1400 Flash_22440,ricostruito_da_npy
3.469789981842041,4,0.13255250453948975,False,/content/drive/MyDrive/progetto_immunogold/patches/images/SA-MAG_X10k_JEM-1400 Flash_22440_x1568_y1568.png,SA-MAG_X10k_JEM-1400 Flash_22440,ricostruito_da_npy
16.879323959350586,17,0.007098590626436121,True,/content/drive/MyDrive/progetto_immunogold/patches/images/SA-MAG_X10k_JEM-1400 Flash_22440_x1568_y1792.png,SA-MAG_X10k_JEM-1400 Flash_22440,ricostruito_da_npy
19.767690658569336,20,0.011615467071533204,True,/content/drive/MyDrive/progetto_immunogold/patches/images/SA-MAG_X10k_JEM-1400 Flash_22440_x1568_y224.png,SA-MAG_X10k_JEM-1400 Flash_22440,ricostruito_da_npy
2.916409730911255,3,0.027863423029581707,True,/content/drive/MyDrive/progetto_immunogold/patches/images/SA-MAG_X10k_JEM-1400 Flash_22440_x1568_y448.png,SA-MAG_X10k_JEM-1400 Flash_22440,ricostruito_da_npy
2.9560320377349854,3,0.014655987421671549,True,/content/drive/MyDrive/progetto_immunogold/patches/images/SA-MAG_X10k_JEM-1400 Flash_22440_x1568_y672.png,SA-MAG_X10k_JEM-1400 Flash_22440,ricostruito_da_npy
2.694141149520874,3,0.10195295015970866,False,/content/drive/MyDrive/progetto_immunogold/patches/images/SA-MAG_X10k_JEM-1400 Flash_22440_x1568_y896.png,SA-MAG_X10k_JEM-1400 Flash_22440,ricostruito_da_npy
7.9977874755859375,8,0.0002765655517578125,True,/content/drive/MyDrive/progetto_immunogold/patches/images/SA-MAG_X10k_JEM-1400 Flash_22440_x1792_y0.png,SA-MAG_X10k_JEM-1400 Flash_22440,ricostruito_da_npy
12.283731460571289,13,0.05509757995605469,False,/content/drive/MyDrive/progetto_immunogold/patches/images/SA-MAG_X10k_JEM-1400 Flash_22440_x1792_y1120.png,SA-MAG_X10k_JEM-1400 Flash_22440,ricostruito_da_npy
6.592550277709961,7,0.058207103184291294,False,/content/drive/MyDrive/progetto_immunogold/patches/images/SA-MAG_X10k_JEM-1400 Flash_22440_x1792_y1344.png,SA-MAG_X10k_JEM-1400 Flash_22440,ricostruito_da_npy
12.974546432495117,14,0.07324668339320592,False,/content/drive/MyDrive/progetto_immunogold/patches/images/SA-MAG_X10k_JEM-1400 Flash_22440_x1792_y1568.png,SA-MAG_X10k_JEM-1400 Flash_22440,ricostruito_da_npy
7.746159553527832,8,0.031730055809020996,True,/content/drive/MyDrive/progetto_immunogold/patches/images/SA-MAG_X10k_JEM-1400 Flash_22440_x1792_y1792.png,SA-MAG_X10k_JEM-1400 Flash_22440,ricostruito_da_npy
7.530117034912109,8,0.05873537063598633,False,/content/drive/MyDrive/progetto_immunogold/patches/images/SA-MAG_X10k_JEM-1400 Flash_22440_x1792_y224.png,SA-MAG_X10k_JEM-1400 Flash_22440,ricostruito_da_npy
12.434627532958984,13,0.04349018977238582,True,/content/drive/MyDrive/progetto_immunogold/patches/images/SA-MAG_X10k_JEM-1400 Flash_22440_x1792_y448.png,SA-MAG_X10k_JEM-1400 Flash_22440,ricostruito_da_npy
11.915103912353516,12,0.007074673970540364,True,/content/drive/MyDrive/progetto_immunogold/patches/images/SA-MAG_X10k_JEM-1400 Flash_22440_x1792_y672.png,SA-MAG_X10k_JEM-1400 Flash_22440,ricostruito_da_npy
12.665619850158691,13,0.02572154998779297,True,/content/drive/MyDrive/progetto_immunogold/patches/images/SA-MAG_X10k_JEM-1400 Flash_22440_x1792_y896.png,SA-MAG_X10k_JEM-1400 Flash_22440,ricostruito_da_npy
3.3613786697387695,4,0.15965533256530762,False,/content/drive/MyDrive/progetto_immunogold/patches/images/SA-MAG_X10k_JEM-1400 Flash_22440_x224_y0.png,SA-MAG_X10k_JEM-1400 Flash_22440,ricostruito_da_npy
2.854581356048584,3,0.04847288131713867,True,/content/drive/MyDrive/progetto_immunogold/patches/images/SA-MAG_X10k_JEM-1400 Flash_22440_x224_y1120.png,SA-MAG_X10k_JEM-1400 Flash_22440,ricostruito_da_npy
6.655510902404785,7,0.04921272822788784,True,/content/drive/MyDrive/progetto_immunogold/patches/images/SA-MAG_X10k_JEM-1400 Flash_22440_x224_y1344.png,SA-MAG_X10k_JEM-1400 Flash_22440,ricostruito_da_npy
0.9999999403953552,1,5.960464477539063e-08,True,/content/drive/MyDrive/progetto_immunogold/patches/images/SA-MAG_X10k_JEM-1400 Flash_22440_x224_y1568.png,SA-MAG_X10k_JEM-1400 Flash_22440,ricostruito_da_npy
0.8514611721038818,1,0.14853882789611816,False,/content/drive/MyDrive/progetto_immunogold/patches/images/SA-MAG_X10k_JEM-1400 Flash_22440_x224_y1792.png,SA-MAG_X10k_JEM-1400 Flash_22440,ricostruito_da_npy
5.511889457702637,6,0.08135175704956055,False,/content/drive/MyDrive/progetto_immunogold/patches/images/SA-MAG_X10k_JEM-1400 Flash_22440_x224_y224.png,SA-MAG_X10k_JEM-1400 Flash_22440,ricostruito_da_npy
5.98496675491333,6,0.0025055408477783203,True,/content/drive/MyDrive/progetto_immunogold/patches/images/SA-MAG_X10k_JEM-1400 Flash_22440_x224_y448.png,SA-MAG_X10k_JEM-1400 Flash_22440,ricostruito_da_npy
5.947959899902344,6,0.008673350016276041,True,/content/drive/MyDrive/progetto_immunogold/patches/images/SA-MAG_X10k_JEM-1400 Flash_22440_x224_y672.png,SA-MAG_X10k_JEM-1400 Flash_22440,ricostruito_da_npy
3.9788999557495117,4,0.00527501106262207,True,/content/drive/MyDrive/progetto_immunogold/patches/images/SA-MAG_X10k_JEM-1400 Flash_22440_x224_y896.png,SA-MAG_X10k_JEM-1400 Flash_22440,ricostruito_da_npy
5.852476596832275,6,0.024587233861287434,True,/content/drive/MyDrive/progetto_immunogold/patches/images/SA-MAG_X10k_JEM-1400 Flash_22440_x448_y0.png,SA-MAG_X10k_JEM-1400 Flash_22440,ricostruito_da_npy
4.0,4,0.0,True,/content/drive/MyDrive/progetto_immunogold/patches/images/SA-MAG_X10k_JEM-1400 Flash_22440_x448_y1120.png,SA-MAG_X10k_JEM-1400 Flash_22440,ricostruito_da_npy
2.70600962638855,3,0.09799679120381673,False,/content/drive/MyDrive/progetto_immunogold/patches/images/SA-MAG_X10k_JEM-1400 Flash_22440_x448_y1344.png,SA-MAG_X10k_JEM-1400 Flash_22440,ricostruito_da_npy
1.9999998807907104,2,5.960464477539063e-08,True,/content/drive/MyDrive/progetto_immunogold/patches/images/SA-MAG_X10k_JEM-1400 Flash_22440_x448_y1568.png,SA-MAG_X10k_JEM-1400 Flash_22440,ricostruito_da_npy
5.0,5,0.0,True,/content/drive/MyDrive/progetto_immunogold/patches/images/SA-MAG_X10k_JEM-1400 Flash_22440_x448_y1792.png,SA-MAG_X10k_JEM-1400 Flash_22440,ricostruito_da_npy
5.934931755065918,6,0.010844707489013672,True,/content/drive/MyDrive/progetto_immunogold/patches/images/SA-MAG_X10k_JEM-1400 Flash_22440_x448_y224.png,SA-MAG_X10k_JEM-1400 Flash_22440,ricostruito_da_npy
4.0,5,0.2,False,/content/drive/MyDrive/progetto_immunogold/patches/images/SA-MAG_X10k_JEM-1400 Flash_22440_x448_y448.png,SA-MAG_X10k_JEM-1400 Flash_22440,ricostruito_da_npy
6.603781700134277,7,0.056602614266531806,False,/content/drive/MyDrive/progetto_immunogold/patches/images/SA-MAG_X10k_JEM-1400 Flash_22440_x448_y672.png,SA-MAG_X10k_JEM-1400 Flash_22440,ricostruito_da_npy
4.997928619384766,5,0.000414276123046875,True,/content/drive/MyDrive/progetto_immunogold/patches/images/SA-MAG_X10k_JEM-1400 Flash_22440_x448_y896.png,SA-MAG_X10k_JEM-1400 Flash_22440,ricostruito_da_npy
13.404126167297363,14,0.04256241662161691,True,/content/drive/MyDrive/progetto_immunogold/patches/images/SA-MAG_X10k_JEM-1400 Flash_22440_x672_y0.png,SA-MAG_X10k_JEM-1400 Flash_22440,ricostruito_da_npy
3.8142788410186768,5,0.23714423179626465,False,/content/drive/MyDrive/progetto_immunogold/patches/images/SA-MAG_X10k_JEM-1400 Flash_22440_x672_y1120.png,SA-MAG_X10k_JEM-1400 Flash_22440,ricostruito_da_npy
9.693604469299316,10,0.03063955307006836,True,/content/drive/MyDrive/progetto_immunogold/patches/images/SA-MAG_X10k_JEM-1400 Flash_22440_x672_y1344.png,SA-MAG_X10k_JEM-1400 Flash_22440,ricostruito_da_npy
3.983675718307495,4,0.004081070423126221,True,/content/drive/MyDrive/progetto_immunogold/patches/images/SA-MAG_X10k_JEM-1400 Flash_22440_x672_y1568.png,SA-MAG_X10k_JEM-1400 Flash_22440,ricostruito_da_npy
3.595540761947632,4,0.10111480951309204,False,/content/drive/MyDrive/progetto_immunogold/patches/images/SA-MAG_X10k_JEM-1400 Flash_22440_x672_y1792.png,SA-MAG_X10k_JEM-1400 Flash_22440,ricostruito_da_npy
3.8138368129730225,4,0.046540796756744385,True,/content/drive/MyDrive/progetto_immunogold/patches/images/SA-MAG_X10k_JEM-1400 Flash_22440_x672_y224.png,SA-MAG_X10k_JEM-1400 Flash_22440,ricostruito_da_npy
4.0,4,0.0,True,/content/drive/MyDrive/progetto_immunogold/patches/images/SA-MAG_X10k_JEM-1400 Flash_22440_x672_y448.png,SA-MAG_X10k_JEM-1400 Flash_22440,ricostruito_da_npy
5.814279079437256,6,0.030953486760457356,True,/content/drive/MyDrive/progetto_immunogold/patches/images/SA-MAG_X10k_JEM-1400 Flash_22440_x672_y672.png,SA-MAG_X10k_JEM-1400 Flash_22440,ricostruito_da_npy
7.9858880043029785,8,0.0017639994621276855,True,/content/drive/MyDrive/progetto_immunogold/patches/images/SA-MAG_X10k_JEM-1400 Flash_22440_x672_y896.png,SA-MAG_X10k_JEM-1400 Flash_22440,ricostruito_da_npy
0.0,0,0.0,True,/content/drive/MyDrive/progetto_immunogold/patches/images/SA-MAG_X10k_JEM-1400 Flash_22440_x896_y0.png,SA-MAG_X10k_JEM-1400 Flash_22440,ricostruito_da_npy
12.955565452575684,13,0.0034180421095628003,True,/content/drive/MyDrive/progetto_immunogold/patches/images/SA-MAG_X10k_JEM-1400 Flash_22440_x896_y1120.png,SA-MAG_X10k_JEM-1400 Flash_22440,ricostruito_da_npy
6.61309289932251,8,0.17336338758468628,False,/content/drive/MyDrive/progetto_immunogold/patches/images/SA-MAG_X10k_JEM-1400 Flash_22440_x896_y1344.png,SA-MAG_X10k_JEM-1400 Flash_22440,ricostruito_da_npy
14.66688346862793,16,0.0833197832107544,False,/content/drive/MyDrive/progetto_immunogold/patches/images/SA-MAG_X10k_JEM-1400 Flash_22440_x896_y1568.png,SA-MAG_X10k_JEM-1400 Flash_22440,ricostruito_da_npy
17.79380226135254,19,0.0634840915077611,False,/content/drive/MyDrive/progetto_immunogold/patches/images/SA-MAG_X10k_JEM-1400 Flash_22440_x896_y1792.png,SA-MAG_X10k_JEM-1400 Flash_22440,ricostruito_da_npy
13.999251365661621,14,5.3473881312779016e-05,True,/content/drive/MyDrive/progetto_immunogold/patches/images/SA-MAG_X10k_JEM-1400 Flash_22440_x896_y224.png,SA-MAG_X10k_JEM-1400 Flash_22440,ricostruito_da_npy
16.957799911499023,17,0.0024823581471162684,True,/content/drive/MyDrive/progetto_immunogold/patches/images/SA-MAG_X10k_JEM-1400 Flash_22440_x896_y448.png,SA-MAG_X10k_JEM-1400 Flash_22440,ricostruito_da_npy
17.822778701782227,18,0.00984562767876519,True,/content/drive/MyDrive/progetto_immunogold/patches/images/SA-MAG_X10k_JEM-1400 Flash_22440_x896_y672.png,SA-MAG_X10k_JEM-1400 Flash_22440,ricostruito_da_npy
14.48431396484375,15,0.034379069010416666,True,/content/drive/MyDrive/progetto_immunogold/patches/images/SA-MAG_X10k_JEM-1400 Flash_22440_x896_y896.png,SA-MAG_X10k_JEM-1400 Flash_22440,ricostruito_da_npy
0.0,0,0.0,True,/content/drive/MyDrive/progetto_immunogold/patches/images/SA-MAG_X10k_JEM-1400 Flash_22480_x0_y0.png,SA-MAG_X10k_JEM-1400 Flash_22480,ricostruito_da_npy
2.0,2,0.0,True,/content/drive/MyDrive/progetto_immunogold/patches/images/SA-MAG_X10k_JEM-1400 Flash_22480_x0_y1120.png,SA-MAG_X10k_JEM-1400 Flash_22480,ricostruito_da_npy
0.0,0,0.0,True,/content/drive/MyDrive/progetto_immunogold/patches/images/SA-MAG_X10k_JEM-1400 Flash_22480_x0_y1344.png,SA-MAG_X10k_JEM-1400 Flash_22480,ricostruito_da_npy
3.000000238418579,3,7.947285970052083e-08,True,/content/drive/MyDrive/progetto_immunogold/patches/images/SA-MAG_X10k_JEM-1400 Flash_22480_x0_y1568.png,SA-MAG_X10k_JEM-1400 Flash_22480,ricostruito_da_npy
0.9999999403953552,1,5.960464477539063e-08,True,/content/drive/MyDrive/progetto_immunogold/patches/images/SA-MAG_X10k_JEM-1400 Flash_22480_x0_y1792.png,SA-MAG_X10k_JEM-1400 Flash_22480,ricostruito_da_npy
1.0,1,0.0,True,/content/drive/MyDrive/progetto_immunogold/patches/images/SA-MAG_X10k_JEM-1400 Flash_22480_x0_y224.png,SA-MAG_X10k_JEM-1400 Flash_22480,ricostruito_da_npy
0.0,0,0.0,True,/content/drive/MyDrive/progetto_immunogold/patches/images/SA-MAG_X10k_JEM-1400 Flash_22480_x0_y448.png,SA-MAG_X10k_JEM-1400 Flash_22480,ricostruito_da_npy
6.996348857879639,7,0.0005215917314801897,True,/content/drive/MyDrive/progetto_immunogold/patches/images/SA-MAG_X10k_JEM-1400 Flash_22480_x0_y672.png,SA-MAG_X10k_JEM-1400 Flash_22480,ricostruito_da_npy
9.760514259338379,10,0.02394857406616211,True,/content/drive/MyDrive/progetto_immunogold/patches/images/SA-MAG_X10k_JEM-1400 Flash_22480_x0_y896.png,SA-MAG_X10k_JEM-1400 Flash_22480,ricostruito_da_npy
0.0,0,0.0,True,/content/drive/MyDrive/progetto_immunogold/patches/images/SA-MAG_X10k_JEM-1400 Flash_22480_x1120_y0.png,SA-MAG_X10k_JEM-1400 Flash_22480,ricostruito_da_npy
2.9788999557495117,3,0.007033348083496094,True,/content/drive/MyDrive/progetto_immunogold/patches/images/SA-MAG_X10k_JEM-1400 Flash_22480_x1120_y1120.png,SA-MAG_X10k_JEM-1400 Flash_22480,ricostruito_da_npy
3.000000238418579,3,7.947285970052083e-08,True,/content/drive/MyDrive/progetto_immunogold/patches/images/SA-MAG_X10k_JEM-1400 Flash_22480_x1120_y1344.png,SA-MAG_X10k_JEM-1400 Flash_22480,ricostruito_da_npy
2.5353846549987793,3,0.15487178166707358,False,/content/drive/MyDrive/progetto_immunogold/patches/images/SA-MAG_X10k_JEM-1400 Flash_22480_x1120_y1568.png,SA-MAG_X10k_JEM-1400 Flash_22480,ricostruito_da_npy
10.99412727355957,11,0.0005338842218572444,True,/content/drive/MyDrive/progetto_immunogold/patches/images/SA-MAG_X10k_JEM-1400 Flash_22480_x1120_y1792.png,SA-MAG_X10k_JEM-1400 Flash_22480,ricostruito_da_npy
0.0,0,0.0,True,/content/drive/MyDrive/progetto_immunogold/patches/images/SA-MAG_X10k_JEM-1400 Flash_22480_x1120_y224.png,SA-MAG_X10k_JEM-1400 Flash_22480,ricostruito_da_npy
0.990785539150238,1,0.009214460849761963,True,/content/drive/MyDrive/progetto_immunogold/patches/images/SA-MAG_X10k_JEM-1400 Flash_22480_x1120_y448.png,SA-MAG_X10k_JEM-1400 Flash_22480,ricostruito_da_npy
4.9954633712768555,5,0.0009073257446289062,True,/content/drive/MyDrive/progetto_immunogold/patches/images/SA-MAG_X10k_JEM-1400 Flash_22480_x1120_y672.png,SA-MAG_X10k_JEM-1400 Flash_22480,ricostruito_da_npy
6.9696855545043945,7,0.004330635070800781,True,/content/drive/MyDrive/progetto_immunogold/patches/images/SA-MAG_X10k_JEM-1400 Flash_22480_x1120_y896.png,SA-MAG_X10k_JEM-1400 Flash_22480,ricostruito_da_npy
0.0,0,0.0,True,/content/drive/MyDrive/progetto_immunogold/patches/images/SA-MAG_X10k_JEM-1400 Flash_22480_x1344_y0.png,SA-MAG_X10k_JEM-1400 Flash_22480,ricostruito_da_npy
2.9992516040802,3,0.0002494653065999349,True,/content/drive/MyDrive/progetto_immunogold/patches/images/SA-MAG_X10k_JEM-1400 Flash_22480_x1344_y1120.png,SA-MAG_X10k_JEM-1400 Flash_22480,ricostruito_da_npy
0.0,0,0.0,True,/content/drive/MyDrive/progetto_immunogold/patches/images/SA-MAG_X10k_JEM-1400 Flash_22480_x1344_y1344.png,SA-MAG_X10k_JEM-1400 Flash_22480,ricostruito_da_npy
0.0,0,0.0,True,/content/drive/MyDrive/progetto_immunogold/patches/images/SA-MAG_X10k_JEM-1400 Flash_22480_x1344_y1568.png,SA-MAG_X10k_JEM-1400 Flash_22480,ricostruito_da_npy
0.9963491559028625,1,0.003650844097137451,True,/content/drive/MyDrive/progetto_immunogold/patches/images/SA-MAG_X10k_JEM-1400 Flash_22480_x1344_y1792.png,SA-MAG_X10k_JEM-1400 Flash_22480,ricostruito_da_npy
0.0,0,0.0,True,/content/drive/MyDrive/progetto_immunogold/patches/images/SA-MAG_X10k_JEM-1400 Flash_22480_x1344_y224.png,SA-MAG_X10k_JEM-1400 Flash_22480,ricostruito_da_npy
0.0,0,0.0,True,/content/drive/MyDrive/progetto_immunogold/patches/images/SA-MAG_X10k_JEM-1400 Flash_22480_x1344_y448.png,SA-MAG_X10k_JEM-1400 Flash_22480,ricostruito_da_npy
0.0,0,0.0,True,/content/drive/MyDrive/progetto_immunogold/patches/images/SA-MAG_X10k_JEM-1400 Flash_22480_x1344_y672.png,SA-MAG_X10k_JEM-1400 Flash_22480,ricostruito_da_npy
0.9992514848709106,1,0.0007485151290893555,True,/content/drive/MyDrive/progetto_immunogold/patches/images/SA-MAG_X10k_JEM-1400 Flash_22480_x1344_y896.png,SA-MAG_X10k_JEM-1400 Flash_22480,ricostruito_da_npy
0.0,0,0.0,True,/content/drive/MyDrive/progetto_immunogold/patches/images/SA-MAG_X10k_JEM-1400 Flash_22480_x1568_y0.png,SA-MAG_X10k_JEM-1400 Flash_22480,ricostruito_da_npy
2.0,2,0.0,True,/content/drive/MyDrive/progetto_immunogold/patches/images/SA-MAG_X10k_JEM-1400 Flash_22480_x1568_y1120.png,SA-MAG_X10k_JEM-1400 Flash_22480,ricostruito_da_npy
1.0,1,0.0,True,/content/drive/MyDrive/progetto_immunogold/patches/images/SA-MAG_X10k_JEM-1400 Flash_22480_x1568_y1344.png,SA-MAG_X10k_JEM-1400 Flash_22480,ricostruito_da_npy
1.8001676797866821,2,0.09991616010665894,False,/content/drive/MyDrive/progetto_immunogold/patches/images/SA-MAG_X10k_JEM-1400 Flash_22480_x1568_y1568.png,SA-MAG_X10k_JEM-1400 Flash_22480,ricostruito_da_npy
2.9986941814422607,3,0.0004352728525797526,True,/content/drive/MyDrive/progetto_immunogold/patches/images/SA-MAG_X10k_JEM-1400 Flash_22480_x1568_y1792.png,SA-MAG_X10k_JEM-1400 Flash_22480,ricostruito_da_npy
0.0,0,0.0,True,/content/drive/MyDrive/progetto_immunogold/patches/images/SA-MAG_X10k_JEM-1400 Flash_22480_x1568_y224.png,SA-MAG_X10k_JEM-1400 Flash_22480,ricostruito_da_npy
0.0,0,0.0,True,/content/drive/MyDrive/progetto_immunogold/patches/images/SA-MAG_X10k_JEM-1400 Flash_22480_x1568_y448.png,SA-MAG_X10k_JEM-1400 Flash_22480,ricostruito_da_npy
0.0,0,0.0,True,/content/drive/MyDrive/progetto_immunogold/patches/images/SA-MAG_X10k_JEM-1400 Flash_22480_x1568_y672.png,SA-MAG_X10k_JEM-1400 Flash_22480,ricostruito_da_npy
0.0,0,0.0,True,/content/drive/MyDrive/progetto_immunogold/patches/images/SA-MAG_X10k_JEM-1400 Flash_22480_x1568_y896.png,SA-MAG_X10k_JEM-1400 Flash_22480,ricostruito_da_npy
0.0,0,0.0,True,/content/drive/MyDrive/progetto_immunogold/patches/images/SA-MAG_X10k_JEM-1400 Flash_22480_x1792_y0.png,SA-MAG_X10k_JEM-1400 Flash_22480,ricostruito_da_npy
0.0,0,0.0,True,/content/drive/MyDrive/progetto_immunogold/patches/images/SA-MAG_X10k_JEM-1400 Flash_22480_x1792_y1120.png,SA-MAG_X10k_JEM-1400 Flash_22480,ricostruito_da_npy
1.0,1,0.0,True,/content/drive/MyDrive/progetto_immunogold/patches/images/SA-MAG_X10k_JEM-1400 Flash_22480_x1792_y1344.png,SA-MAG_X10k_JEM-1400 Flash_22480,ricostruito_da_npy
1.999251365661621,2,0.0003743171691894531,True,/content/drive/MyDrive/progetto_immunogold/patches/images/SA-MAG_X10k_JEM-1400 Flash_22480_x1792_y1568.png,SA-MAG_X10k_JEM-1400 Flash_22480,ricostruito_da_npy
1.9788998365402222,2,0.010550081729888916,True,/content/drive/MyDrive/progetto_immunogold/patches/images/SA-MAG_X10k_JEM-1400 Flash_22480_x1792_y1792.png,SA-MAG_X10k_JEM-1400 Flash_22480,ricostruito_da_npy
0.0,0,0.0,True,/content/drive/MyDrive/progetto_immunogold/patches/images/SA-MAG_X10k_JEM-1400 Flash_22480_x1792_y224.png,SA-MAG_X10k_JEM-1400 Flash_22480,ricostruito_da_npy
0.0,0,0.0,True,/content/drive/MyDrive/progetto_immunogold/patches/images/SA-MAG_X10k_JEM-1400 Flash_22480_x1792_y448.png,SA-MAG_X10k_JEM-1400 Flash_22480,ricostruito_da_npy
0.9999999403953552,1,5.960464477539063e-08,True,/content/drive/MyDrive/progetto_immunogold/patches/images/SA-MAG_X10k_JEM-1400 Flash_22480_x1792_y672.png,SA-MAG_X10k_JEM-1400 Flash_22480,ricostruito_da_npy
0.0,0,0.0,True,/content/drive/MyDrive/progetto_immunogold/patches/images/SA-MAG_X10k_JEM-1400 Flash_22480_x1792_y896.png,SA-MAG_X10k_JEM-1400 Flash_22480,ricostruito_da_npy
0.0,0,0.0,True,/content/drive/MyDrive/progetto_immunogold/patches/images/SA-MAG_X10k_JEM-1400 Flash_22480_x224_y0.png,SA-MAG_X10k_JEM-1400 Flash_22480,ricostruito_da_npy
2.0,2,0.0,True,/content/drive/MyDrive/progetto_immunogold/patches/images/SA-MAG_X10k_JEM-1400 Flash_22480_x224_y1120.png,SA-MAG_X10k_JEM-1400 Flash_22480,ricostruito_da_npy
4.997038841247559,5,0.0005922317504882812,True,/content/drive/MyDrive/progetto_immunogold/patches/images/SA-MAG_X10k_JEM-1400 Flash_22480_x224_y1344.png,SA-MAG_X10k_JEM-1400 Flash_22480,ricostruito_da_npy
8.328893661499023,9,0.07456737094455296,False,/content/drive/MyDrive/progetto_immunogold/patches/images/SA-MAG_X10k_JEM-1400 Flash_22480_x224_y1568.png,SA-MAG_X10k_JEM-1400 Flash_22480,ricostruito_da_npy
10.839327812194824,11,0.014606562527743254,True,/content/drive/MyDrive/progetto_immunogold/patches/images/SA-MAG_X10k_JEM-1400 Flash_22480_x224_y1792.png,SA-MAG_X10k_JEM-1400 Flash_22480,ricostruito_da_npy
0.0,0,0.0,True,/content/drive/MyDrive/progetto_immunogold/patches/images/SA-MAG_X10k_JEM-1400 Flash_22480_x224_y224.png,SA-MAG_X10k_JEM-1400 Flash_22480,ricostruito_da_npy
2.0,2,0.0,True,/content/drive/MyDrive/progetto_immunogold/patches/images/SA-MAG_X10k_JEM-1400 Flash_22480_x224_y448.png,SA-MAG_X10k_JEM-1400 Flash_22480,ricostruito_da_npy
0.0,0,0.0,True,/content/drive/MyDrive/progetto_immunogold/patches/images/SA-MAG_X10k_JEM-1400 Flash_22480_x224_y672.png,SA-MAG_X10k_JEM-1400 Flash_22480,ricostruito_da_npy
5.854531288146973,6,0.02424478530883789,True,/content/drive/MyDrive/progetto_immunogold/patches/images/SA-MAG_X10k_JEM-1400 Flash_22480_x224_y896.png,SA-MAG_X10k_JEM-1400 Flash_22480,ricostruito_da_npy
0.0,0,0.0,True,/content/drive/MyDrive/progetto_immunogold/patches/images/SA-MAG_X10k_JEM-1400 Flash_22480_x448_y0.png,SA-MAG_X10k_JEM-1400 Flash_22480,ricostruito_da_npy
1.999584674835205,2,0.00020766258239746094,True,/content/drive/MyDrive/progetto_immunogold/patches/images/SA-MAG_X10k_JEM-1400 Flash_22480_x448_y1120.png,SA-MAG_X10k_JEM-1400 Flash_22480,ricostruito_da_npy
1.9941275119781494,2,0.002936244010925293,True,/content/drive/MyDrive/progetto_immunogold/patches/images/SA-MAG_X10k_JEM-1400 Flash_22480_x448_y1344.png,SA-MAG_X10k_JEM-1400 Flash_22480,ricostruito_da_npy
5.994094371795654,6,0.0009842713673909504,True,/content/drive/MyDrive/progetto_immunogold/patches/images/SA-MAG_X10k_JEM-1400 Flash_22480_x448_y1568.png,SA-MAG_X10k_JEM-1400 Flash_22480,ricostruito_da_npy
13.254802703857422,14,0.05322837829589844,False,/content/drive/MyDrive/progetto_immunogold/patches/images/SA-MAG_X10k_JEM-1400 Flash_22480_x448_y1792.png,SA-MAG_X10k_JEM-1400 Flash_22480,ricostruito_da_npy
2.9998719692230225,3,4.267692565917969e-05,True,/content/drive/MyDrive/progetto_immunogold/patches/images/SA-MAG_X10k_JEM-1400 Flash_22480_x448_y224.png,SA-MAG_X10k_JEM-1400 Flash_22480,ricostruito_da_npy
2.827227830886841,3,0.05759072303771973,False,/content/drive/MyDrive/progetto_immunogold/patches/images/SA-MAG_X10k_JEM-1400 Flash_22480_x448_y448.png,SA-MAG_X10k_JEM-1400 Flash_22480,ricostruito_da_npy
2.0,2,0.0,True,/content/drive/MyDrive/progetto_immunogold/patches/images/SA-MAG_X10k_JEM-1400 Flash_22480_x448_y672.png,SA-MAG_X10k_JEM-1400 Flash_22480,ricostruito_da_npy
5.885594367980957,6,0.01906760533650716,True,/content/drive/MyDrive/progetto_immunogold/patches/images/SA-MAG_X10k_JEM-1400 Flash_22480_x448_y896.png,SA-MAG_X10k_JEM-1400 Flash_22480,ricostruito_da_npy
4.0,4,0.0,True,/content/drive/MyDrive/progetto_immunogold/patches/images/SA-MAG_X10k_JEM-1400 Flash_22480_x672_y0.png,SA-MAG_X10k_JEM-1400 Flash_22480,ricostruito_da_npy
2.814279079437256,3,0.06190697352091471,False,/content/drive/MyDrive/progetto_immunogold/patches/images/SA-MAG_X10k_JEM-1400 Flash_22480_x672_y1120.png,SA-MAG_X10k_JEM-1400 Flash_22480,ricostruito_da_npy
8.652656555175781,9,0.03859371609157986,True,/content/drive/MyDrive/progetto_immunogold/patches/images/SA-MAG_X10k_JEM-1400 Flash_22480_x672_y1344.png,SA-MAG_X10k_JEM-1400 Flash_22480,ricostruito_da_npy
8.779157638549805,9,0.024538040161132812,True,/content/drive/MyDrive/progetto_immunogold/patches/images/SA-MAG_X10k_JEM-1400 Flash_22480_x672_y1568.png,SA-MAG_X10k_JEM-1400 Flash_22480,ricostruito_da_npy
8.916298866271973,9,0.009300125969780816,True,/content/drive/MyDrive/progetto_immunogold/patches/images/SA-MAG_X10k_JEM-1400 Flash_22480_x672_y1792.png,SA-MAG_X10k_JEM-1400 Flash_22480,ricostruito_da_npy
1.7152413129806519,2,0.14237934350967407,False,/content/drive/MyDrive/progetto_immunogold/patches/images/SA-MAG_X10k_JEM-1400 Flash_22480_x672_y224.png,SA-MAG_X10k_JEM-1400 Flash_22480,ricostruito_da_npy
0.0,0,0.0,True,/content/drive/MyDrive/progetto_immunogold/patches/images/SA-MAG_X10k_JEM-1400 Flash_22480_x672_y448.png,SA-MAG_X10k_JEM-1400 Flash_22480,ricostruito_da_npy
2.950417995452881,3,0.016527334849039715,True,/content/drive/MyDrive/progetto_immunogold/patches/images/SA-MAG_X10k_JEM-1400 Flash_22480_x672_y672.png,SA-MAG_X10k_JEM-1400 Flash_22480,ricostruito_da_npy
2.4354755878448486,3,0.18817480405171713,False,/content/drive/MyDrive/progetto_immunogold/patches/images/SA-MAG_X10k_JEM-1400 Flash_22480_x672_y896.png,SA-MAG_X10k_JEM-1400 Flash_22480,ricostruito_da_npy
0.0,0,0.0,True,/content/drive/MyDrive/progetto_immunogold/patches/images/SA-MAG_X10k_JEM-1400 Flash_22480_x896_y0.png,SA-MAG_X10k_JEM-1400 Flash_22480,ricostruito_da_npy
0.0,0,0.0,True,/content/drive/MyDrive/progetto_immunogold/patches/images/SA-MAG_X10k_JEM-1400 Flash_22480_x896_y1120.png,SA-MAG_X10k_JEM-1400 Flash_22480,ricostruito_da_npy
4.0,4,0.0,True,/content/drive/MyDrive/progetto_immunogold/patches/images/SA-MAG_X10k_JEM-1400 Flash_22480_x896_y1344.png,SA-MAG_X10k_JEM-1400 Flash_22480,ricostruito_da_npy
6.976365089416504,7,0.0033764157976422992,True,/content/drive/MyDrive/progetto_immunogold/patches/images/SA-MAG_X10k_JEM-1400 Flash_22480_x896_y1568.png,SA-MAG_X10k_JEM-1400 Flash_22480,ricostruito_da_npy
5.243184566497803,6,0.12613590558369955,False,/content/drive/MyDrive/progetto_immunogold/patches/images/SA-MAG_X10k_JEM-1400 Flash_22480_x896_y1792.png,SA-MAG_X10k_JEM-1400 Flash_22480,ricostruito_da_npy
0.0,0,0.0,True,/content/drive/MyDrive/progetto_immunogold/patches/images/SA-MAG_X10k_JEM-1400 Flash_22480_x896_y224.png,SA-MAG_X10k_JEM-1400 Flash_22480,ricostruito_da_npy
0.5323790311813354,1,0.46762096881866455,False,/content/drive/MyDrive/progetto_immunogold/patches/images/SA-MAG_X10k_JEM-1400 Flash_22480_x896_y448.png,SA-MAG_X10k_JEM-1400 Flash_22480,ricostruito_da_npy
3.9325954914093018,4,0.01685112714767456,True,/content/drive/MyDrive/progetto_immunogold/patches/images/SA-MAG_X10k_JEM-1400 Flash_22480_x896_y672.png,SA-MAG_X10k_JEM-1400 Flash_22480,ricostruito_da_npy
1.996128797531128,2,0.0019356012344360352,True,/content/drive/MyDrive/progetto_immunogold/patches/images/SA-MAG_X10k_JEM-1400 Flash_22480_x896_y896.png,SA-MAG_X10k_JEM-1400 Flash_22480,ricostruito_da_npy
3.688400983810425,4,0.0778997540473938,False,/content/drive/MyDrive/progetto_immunogold/patches/images/SA-MAG_X12k_JEM-1400 Flash_22429_x0_y0.png,SA-MAG_X12k_JEM-1400 Flash_22429,ricostruito_da_npy
6.84352970123291,7,0.022352899823869978,True,/content/drive/MyDrive/progetto_immunogold/patches/images/SA-MAG_X12k_JEM-1400 Flash_22429_x0_y1120.png,SA-MAG_X12k_JEM-1400 Flash_22429,ricostruito_da_npy
7.646927833557129,8,0.04413402080535889,True,/content/drive/MyDrive/progetto_immunogold/patches/images/SA-MAG_X12k_JEM-1400 Flash_22429_x0_y1344.png,SA-MAG_X12k_JEM-1400 Flash_22429,ricostruito_da_npy
10.89287281036377,12,0.09226059913635254,False,/content/drive/MyDrive/progetto_immunogold/patches/images/SA-MAG_X12k_JEM-1400 Flash_22429_x0_y1568.png,SA-MAG_X12k_JEM-1400 Flash_22429,ricostruito_da_npy
6.484935760498047,7,0.07358060564313616,False,/content/drive/MyDrive/progetto_immunogold/patches/images/SA-MAG_X12k_JEM-1400 Flash_22429_x0_y1792.png,SA-MAG_X12k_JEM-1400 Flash_22429,ricostruito_da_npy
4.906510829925537,5,0.018697834014892577,True,/content/drive/MyDrive/progetto_immunogold/patches/images/SA-MAG_X12k_JEM-1400 Flash_22429_x0_y224.png,SA-MAG_X12k_JEM-1400 Flash_22429,ricostruito_da_npy
11.096487998962402,12,0.07529266675313313,False,/content/drive/MyDrive/progetto_immunogold/patches/images/SA-MAG_X12k_JEM-1400 Flash_22429_x0_y448.png,SA-MAG_X12k_JEM-1400 Flash_22429,ricostruito_da_npy
10.991957664489746,11,0.0007311214100230824,True,/content/drive/MyDrive/progetto_immunogold/patches/images/SA-MAG_X12k_JEM-1400 Flash_22429_x0_y672.png,SA-MAG_X12k_JEM-1400 Flash_22429,ricostruito_da_npy
5.99957799911499,6,7.033348083496094e-05,True,/content/drive/MyDrive/progetto_immunogold/patches/images/SA-MAG_X12k_JEM-1400 Flash_22429_x0_y896.png,SA-MAG_X12k_JEM-1400 Flash_22429,ricostruito_da_npy
11.929853439331055,12,0.005845546722412109,True,/content/drive/MyDrive/progetto_immunogold/patches/images/SA-MAG_X12k_JEM-1400 Flash_22429_x1120_y0.png,SA-MAG_X12k_JEM-1400 Flash_22429,ricostruito_da_npy
9.871129035949707,10,0.012887096405029297,True,/content/drive/MyDrive/progetto_immunogold/patches/images/SA-MAG_X12k_JEM-1400 Flash_22429_x1120_y1120.png,SA-MAG_X12k_JEM-1400 Flash_22429,ricostruito_da_npy
6.523310661315918,7,0.06809847695486886,False,/content/drive/MyDrive/progetto_immunogold/patches/images/SA-MAG_X12k_JEM-1400 Flash_22429_x1120_y1344.png,SA-MAG_X12k_JEM-1400 Flash_22429,ricostruito_da_npy
6.46759557723999,7,0.0760577746800014,False,/content/drive/MyDrive/progetto_immunogold/patches/images/SA-MAG_X12k_JEM-1400 Flash_22429_x1120_y1568.png,SA-MAG_X12k_JEM-1400 Flash_22429,ricostruito_da_npy
6.928564548492432,8,0.13392943143844604,False,/content/drive/MyDrive/progetto_immunogold/patches/images/SA-MAG_X12k_JEM-1400 Flash_22429_x1120_y1792.png,SA-MAG_X12k_JEM-1400 Flash_22429,ricostruito_da_npy
7.757359504699707,8,0.03033006191253662,True,/content/drive/MyDrive/progetto_immunogold/patches/images/SA-MAG_X12k_JEM-1400 Flash_22429_x1120_y224.png,SA-MAG_X12k_JEM-1400 Flash_22429,ricostruito_da_npy
11.249347686767578,12,0.06255435943603516,False,/content/drive/MyDrive/progetto_immunogold/patches/images/SA-MAG_X12k_JEM-1400 Flash_22429_x1120_y448.png,SA-MAG_X12k_JEM-1400 Flash_22429,ricostruito_da_npy
12.85668659210205,13,0.011024108299842248,True,/content/drive/MyDrive/progetto_immunogold/patches/images/SA-MAG_X12k_JEM-1400 Flash_22429_x1120_y672.png,SA-MAG_X12k_JEM-1400 Flash_22429,ricostruito_da_npy
5.5697455406188965,6,0.07170907656351726,False,/content/drive/MyDrive/progetto_immunogold/patches/images/SA-MAG_X12k_JEM-1400 Flash_22429_x1120_y896.png,SA-MAG_X12k_JEM-1400 Flash_22429,ricostruito_da_npy
9.309768676757812,10,0.06902313232421875,False,/content/drive/MyDrive/progetto_immunogold/patches/images/SA-MAG_X12k_JEM-1400 Flash_22429_x1344_y0.png,SA-MAG_X12k_JEM-1400 Flash_22429,ricostruito_da_npy
11.975147247314453,13,0.07883482712965745,False,/content/drive/MyDrive/progetto_immunogold/patches/images/SA-MAG_X12k_JEM-1400 Flash_22429_x1344_y1120.png,SA-MAG_X12k_JEM-1400 Flash_22429,ricostruito_da_npy
12.438785552978516,13,0.04317034207857572,True,/content/drive/MyDrive/progetto_immunogold/patches/images/SA-MAG_X12k_JEM-1400 Flash_22429_x1344_y1344.png,SA-MAG_X12k_JEM-1400 Flash_22429,ricostruito_da_npy
14.341352462768555,15,0.04390983581542969,True,/content/drive/MyDrive/progetto_immunogold/patches/images/SA-MAG_X12k_JEM-1400 Flash_22429_x1344_y1568.png,SA-MAG_X12k_JEM-1400 Flash_22429,ricostruito_da_npy
18.69116973876953,20,0.06544151306152343,False,/content/drive/MyDrive/progetto_immunogold/patches/images/SA-MAG_X12k_JEM-1400 Flash_22429_x1344_y1792.png,SA-MAG_X12k_JEM-1400 Flash_22429,ricostruito_da_npy
11.50112533569336,12,0.041572888692220054,True,/content/drive/MyDrive/progetto_immunogold/patches/images/SA-MAG_X12k_JEM-1400 Flash_22429_x1344_y224.png,SA-MAG_X12k_JEM-1400 Flash_22429,ricostruito_da_npy
14.77981185913086,15,0.014679209391276041,True,/content/drive/MyDrive/progetto_immunogold/patches/images/SA-MAG_X12k_JEM-1400 Flash_22429_x1344_y448.png,SA-MAG_X12k_JEM-1400 Flash_22429,ricostruito_da_npy
2.6510283946990967,3,0.11632386843363444,False,/content/drive/MyDrive/progetto_immunogold/patches/images/SA-MAG_X12k_JEM-1400 Flash_22429_x1344_y672.png,SA-MAG_X12k_JEM-1400 Flash_22429,ricostruito_da_npy
9.999981880187988,10,1.811981201171875e-06,True,/content/drive/MyDrive/progetto_immunogold/patches/images/SA-MAG_X12k_JEM-1400 Flash_22429_x1344_y896.png,SA-MAG_X12k_JEM-1400 Flash_22429,ricostruito_da_npy
5.962278842926025,6,0.0062868595123291016,True,/content/drive/MyDrive/progetto_immunogold/patches/images/SA-MAG_X12k_JEM-1400 Flash_22429_x1568_y0.png,SA-MAG_X12k_JEM-1400 Flash_22429,ricostruito_da_npy
16.72166633605957,19,0.11991229810212788,False,/content/drive/MyDrive/progetto_immunogold/patches/images/SA-MAG_X12k_JEM-1400 Flash_22429_x1568_y1120.png,SA-MAG_X12k_JEM-1400 Flash_22429,ricostruito_da_npy
25.307167053222656,26,0.026647421029897835,True,/content/drive/MyDrive/progetto_immunogold/patches/images/SA-MAG_X12k_JEM-1400 Flash_22429_x1568_y1344.png,SA-MAG_X12k_JEM-1400 Flash_22429,ricostruito_da_npy
28.34523582458496,30,0.055158805847167966,False,/content/drive/MyDrive/progetto_immunogold/patches/images/SA-MAG_X12k_JEM-1400 Flash_22429_x1568_y1568.png,SA-MAG_X12k_JEM-1400 Flash_22429,ricostruito_da_npy
17.48855972290039,18,0.028413348727756076,True,/content/drive/MyDrive/progetto_immunogold/patches/images/SA-MAG_X12k_JEM-1400 Flash_22429_x1568_y1792.png,SA-MAG_X12k_JEM-1400 Flash_22429,ricostruito_da_npy
10.0,10,0.0,True,/content/drive/MyDrive/progetto_immunogold/patches/images/SA-MAG_X12k_JEM-1400 Flash_22429_x1568_y224.png,SA-MAG_X12k_JEM-1400 Flash_22429,ricostruito_da_npy
6.703160285949707,7,0.04240567343575614,True,/content/drive/MyDrive/progetto_immunogold/patches/images/SA-MAG_X12k_JEM-1400 Flash_22429_x1568_y448.png,SA-MAG_X12k_JEM-1400 Flash_22429,ricostruito_da_npy
9.861318588256836,10,0.013868141174316406,True,/content/drive/MyDrive/progetto_immunogold/patches/images/SA-MAG_X12k_JEM-1400 Flash_22429_x1568_y672.png,SA-MAG_X12k_JEM-1400 Flash_22429,ricostruito_da_npy
27.284366607666016,30,0.09052111307779948,False,/content/drive/MyDrive/progetto_immunogold/patches/images/SA-MAG_X12k_JEM-1400 Flash_22429_x1568_y896.png,SA-MAG_X12k_JEM-1400 Flash_22429,ricostruito_da_npy
4.948461055755615,5,0.010307788848876953,True,/content/drive/MyDrive/progetto_immunogold/patches/images/SA-MAG_X12k_JEM-1400 Flash_22429_x1792_y0.png,SA-MAG_X12k_JEM-1400 Flash_22429,ricostruito_da_npy
25.892852783203125,26,0.004121046799879808,True,/content/drive/MyDrive/progetto_immunogold/patches/images/SA-MAG_X12k_JEM-1400 Flash_22429_x1792_y1120.png,SA-MAG_X12k_JEM-1400 Flash_22429,ricostruito_da_npy
60.04975509643555,61,0.015577785304335297,True,/content/drive/MyDrive/progetto_immunogold/patches/images/SA-MAG_X12k_JEM-1400 Flash_22429_x1792_y1344.png,SA-MAG_X12k_JEM-1400 Flash_22429,ricostruito_da_npy
33.32033920288086,34,0.019990023444680607,True,/content/drive/MyDrive/progetto_immunogold/patches/images/SA-MAG_X12k_JEM-1400 Flash_22429_x1792_y1568.png,SA-MAG_X12k_JEM-1400 Flash_22429,ricostruito_da_npy
18.188220977783203,19,0.042725211695620886,True,/content/drive/MyDrive/progetto_immunogold/patches/images/SA-MAG_X12k_JEM-1400 Flash_22429_x1792_y1792.png,SA-MAG_X12k_JEM-1400 Flash_22429,ricostruito_da_npy
4.0,4,0.0,True,/content/drive/MyDrive/progetto_immunogold/patches/images/SA-MAG_X12k_JEM-1400 Flash_22429_x1792_y224.png,SA-MAG_X12k_JEM-1400 Flash_22429,ricostruito_da_npy
14.962903022766113,15,0.002473131815592448,True,/content/drive/MyDrive/progetto_immunogold/patches/images/SA-MAG_X12k_JEM-1400 Flash_22429_x1792_y448.png,SA-MAG_X12k_JEM-1400 Flash_22429,ricostruito_da_npy
14.665645599365234,15,0.02229029337565104,True,/content/drive/MyDrive/progetto_immunogold/patches/images/SA-MAG_X12k_JEM-1400 Flash_22429_x1792_y672.png,SA-MAG_X12k_JEM-1400 Flash_22429,ricostruito_da_npy
35.726619720458984,37,0.03441568323083826,True,/content/drive/MyDrive/progetto_immunogold/patches/images/SA-MAG_X12k_JEM-1400 Flash_22429_x1792_y896.png,SA-MAG_X12k_JEM-1400 Flash_22429,ricostruito_da_npy
13.498576164245605,14,0.03581598826817104,True,/content/drive/MyDrive/progetto_immunogold/patches/images/SA-MAG_X12k_JEM-1400 Flash_22429_x224_y0.png,SA-MAG_X12k_JEM-1400 Flash_22429,ricostruito_da_npy
3.997978687286377,4,0.0005053281784057617,True,/content/drive/MyDrive/progetto_immunogold/patches/images/SA-MAG_X12k_JEM-1400 Flash_22429_x224_y1120.png,SA-MAG_X12k_JEM-1400 Flash_22429,ricostruito_da_npy
7.504058837890625,8,0.061992645263671875,False,/content/drive/MyDrive/progetto_immunogold/patches/images/SA-MAG_X12k_JEM-1400 Flash_22429_x224_y1344.png,SA-MAG_X12k_JEM-1400 Flash_22429,ricostruito_da_npy
15.706298828125,16,0.0183563232421875,True,/content/drive/MyDrive/progetto_immunogold/patches/images/SA-MAG_X12k_JEM-1400 Flash_22429_x224_y1568.png,SA-MAG_X12k_JEM-1400 Flash_22429,ricostruito_da_npy
8.656320571899414,9,0.038186603122287326,True,/content/drive/MyDrive/progetto_immunogold/patches/images/SA-MAG_X12k_JEM-1400 Flash_22429_x224_y1792.png,SA-MAG_X12k_JEM-1400 Flash_22429,ricostruito_da_npy
9.0,9,0.0,True,/content/drive/MyDrive/progetto_immunogold/patches/images/SA-MAG_X12k_JEM-1400 Flash_22429_x224_y224.png,SA-MAG_X12k_JEM-1400 Flash_22429,ricostruito_da_npy
2.9858009815216064,3,0.0047330061594645185,True,/content/drive/MyDrive/progetto_immunogold/patches/images/SA-MAG_X12k_JEM-1400 Flash_22429_x224_y448.png,SA-MAG_X12k_JEM-1400 Flash_22429,ricostruito_da_npy
5.912499904632568,6,0.014583349227905273,True,/content/drive/MyDrive/progetto_immunogold/patches/images/SA-MAG_X12k_JEM-1400 Flash_22429_x224_y672.png,SA-MAG_X12k_JEM-1400 Flash_22429,ricostruito_da_npy
4.937139987945557,5,0.012572002410888673,True,/content/drive/MyDrive/progetto_immunogold/patches/images/SA-MAG_X12k_JEM-1400 Flash_22429_x224_y896.png,SA-MAG_X12k_JEM-1400 Flash_22429,ricostruito_da_npy
8.184128761291504,9,0.09065235985649957,False,/content/drive/MyDrive/progetto_immunogold/patches/images/SA-MAG_X12k_JEM-1400 Flash_22429_x448_y0.png,SA-MAG_X12k_JEM-1400 Flash_22429,ricostruito_da_npy
7.596914291381836,8,0.05038571357727051,False,/content/drive/MyDrive/progetto_immunogold/patches/images/SA-MAG_X12k_JEM-1400 Flash_22429_x448_y1120.png,SA-MAG_X12k_JEM-1400 Flash_22429,ricostruito_da_npy
1.843529462814331,2,0.07823526859283447,False,/content/drive/MyDrive/progetto_immunogold/patches/images/SA-MAG_X12k_JEM-1400 Flash_22429_x448_y1344.png,SA-MAG_X12k_JEM-1400 Flash_22429,ricostruito_da_npy
5.8726582527160645,6,0.02122362454732259,True,/content/drive/MyDrive/progetto_immunogold/patches/images/SA-MAG_X12k_JEM-1400 Flash_22429_x448_y1568.png,SA-MAG_X12k_JEM-1400 Flash_22429,ricostruito_da_npy
1.0,1,0.0,True,/content/drive/MyDrive/progetto_immunogold/patches/images/SA-MAG_X12k_JEM-1400 Flash_22429_x448_y1792.png,SA-MAG_X12k_JEM-1400 Flash_22429,ricostruito_da_npy
5.350427627563477,6,0.1082620620727539,False,/content/drive/MyDrive/progetto_immunogold/patches/images/SA-MAG_X12k_JEM-1400 Flash_22429_x448_y224.png,SA-MAG_X12k_JEM-1400 Flash_22429,ricostruito_da_npy
7.498575210571289,8,0.06267809867858887,False,/content/drive/MyDrive/progetto_immunogold/patches/images/SA-MAG_X12k_JEM-1400 Flash_22429_x448_y448.png,SA-MAG_X12k_JEM-1400 Flash_22429,ricostruito_da_npy
5.929652214050293,6,0.011724630991617838,True,/content/drive/MyDrive/progetto_immunogold/patches/images/SA-MAG_X12k_JEM-1400 Flash_22429_x448_y672.png,SA-MAG_X12k_JEM-1400 Flash_22429,ricostruito_da_npy
6.650808811187744,7,0.04988445554460798,True,/content/drive/MyDrive/progetto_immunogold/patches/images/SA-MAG_X12k_JEM-1400 Flash_22429_x448_y896.png,SA-MAG_X12k_JEM-1400 Flash_22429,ricostruito_da_npy
5.620794773101807,7,0.19702931812831334,False,/content/drive/MyDrive/progetto_immunogold/patches/images/SA-MAG_X12k_JEM-1400 Flash_22429_x672_y0.png,SA-MAG_X12k_JEM-1400 Flash_22429,ricostruito_da_npy
6.995957374572754,7,0.0005775179181780134,True,/content/drive/MyDrive/progetto_immunogold/patches/images/SA-MAG_X12k_JEM-1400 Flash_22429_x672_y1120.png,SA-MAG_X12k_JEM-1400 Flash_22429,ricostruito_da_npy
5.751859664916992,6,0.04135672251383463,True,/content/drive/MyDrive/progetto_immunogold/patches/images/SA-MAG_X12k_JEM-1400 Flash_22429_x672_y1344.png,SA-MAG_X12k_JEM-1400 Flash_22429,ricostruito_da_npy
9.634891510009766,10,0.03651084899902344,True,/content/drive/MyDrive/progetto_immunogold/patches/images/SA-MAG_X12k_JEM-1400 Flash_22429_x672_y1568.png,SA-MAG_X12k_JEM-1400 Flash_22429,ricostruito_da_npy
0.0,0,0.0,True,/content/drive/MyDrive/progetto_immunogold/patches/images/SA-MAG_X12k_JEM-1400 Flash_22429_x672_y1792.png,SA-MAG_X12k_JEM-1400 Flash_22429,ricostruito_da_npy
9.308601379394531,10,0.06913986206054687,False,/content/drive/MyDrive/progetto_immunogold/patches/images/SA-MAG_X12k_JEM-1400 Flash_22429_x672_y224.png,SA-MAG_X12k_JEM-1400 Flash_22429,ricostruito_da_npy
5.0,5,0.0,True,/content/drive/MyDrive/progetto_immunogold/patches/images/SA-MAG_X12k_JEM-1400 Flash_22429_x672_y448.png,SA-MAG_X12k_JEM-1400 Flash_22429,ricostruito_da_npy
4.704464435577393,5,0.05910711288452149,False,/content/drive/MyDrive/progetto_immunogold/patches/images/SA-MAG_X12k_JEM-1400 Flash_22429_x672_y672.png,SA-MAG_X12k_JEM-1400 Flash_22429,ricostruito_da_npy
5.7574262619018555,6,0.04042895634969076,True,/content/drive/MyDrive/progetto_immunogold/patches/images/SA-MAG_X12k_JEM-1400 Flash_22429_x672_y896.png,SA-MAG_X12k_JEM-1400 Flash_22429,ricostruito_da_npy
12.885137557983398,15,0.14099082946777344,False,/content/drive/MyDrive/progetto_immunogold/patches/images/SA-MAG_X12k_JEM-1400 Flash_22429_x896_y0.png,SA-MAG_X12k_JEM-1400 Flash_22429,ricostruito_da_npy
12.501359939575195,13,0.038356927724984974,True,/content/drive/MyDrive/progetto_immunogold/patches/images/SA-MAG_X12k_JEM-1400 Flash_22429_x896_y1120.png,SA-MAG_X12k_JEM-1400 Flash_22429,ricostruito_da_npy
6.835165023803711,7,0.02354785374232701,True,/content/drive/MyDrive/progetto_immunogold/patches/images/SA-MAG_X12k_JEM-1400 Flash_22429_x896_y1344.png,SA-MAG_X12k_JEM-1400 Flash_22429,ricostruito_da_npy
3.750157594680786,4,0.06246060132980347,False,/content/drive/MyDrive/progetto_immunogold/patches/images/SA-MAG_X12k_JEM-1400 Flash_22429_x896_y1568.png,SA-MAG_X12k_JEM-1400 Flash_22429,ricostruito_da_npy
10.819266319274902,11,0.016430334611372513,True,/content/drive/MyDrive/progetto_immunogold/patches/images/SA-MAG_X12k_JEM-1400 Flash_22429_x896_y1792.png,SA-MAG_X12k_JEM-1400 Flash_22429,ricostruito_da_npy
12.02751350402832,13,0.07480665353628305,False,/content/drive/MyDrive/progetto_immunogold/patches/images/SA-MAG_X12k_JEM-1400 Flash_22429_x896_y224.png,SA-MAG_X12k_JEM-1400 Flash_22429,ricostruito_da_npy
13.8943452835083,15,0.07371031443277995,False,/content/drive/MyDrive/progetto_immunogold/patches/images/SA-MAG_X12k_JEM-1400 Flash_22429_x896_y448.png,SA-MAG_X12k_JEM-1400 Flash_22429,ricostruito_da_npy
8.523902893066406,9,0.052899678548177086,False,/content/drive/MyDrive/progetto_immunogold/patches/images/SA-MAG_X12k_JEM-1400 Flash_22429_x896_y672.png,SA-MAG_X12k_JEM-1400 Flash_22429,ricostruito_da_npy
6.655012607574463,7,0.04928391320364816,True,/content/drive/MyDrive/progetto_immunogold/patches/images/SA-MAG_X12k_JEM-1400 Flash_22429_x896_y896.png,SA-MAG_X12k_JEM-1400 Flash_22429,ricostruito_da_npy
0.0,0,0.0,True,/content/drive/MyDrive/progetto_immunogold/patches/images/SA-MAG_X12k_JEM-1400 Flash_22484_x0_y0.png,SA-MAG_X12k_JEM-1400 Flash_22484,ricostruito_da_npy
0.0,0,0.0,True,/content/drive/MyDrive/progetto_immunogold/patches/images/SA-MAG_X12k_JEM-1400 Flash_22484_x0_y1120.png,SA-MAG_X12k_JEM-1400 Flash_22484,ricostruito_da_npy
1.0,1,0.0,True,/content/drive/MyDrive/progetto_immunogold/patches/images/SA-MAG_X12k_JEM-1400 Flash_22484_x0_y1344.png,SA-MAG_X12k_JEM-1400 Flash_22484,ricostruito_da_npy
0.0,0,0.0,True,/content/drive/MyDrive/progetto_immunogold/patches/images/SA-MAG_X12k_JEM-1400 Flash_22484_x0_y1568.png,SA-MAG_X12k_JEM-1400 Flash_22484,ricostruito_da_npy
1.0,1,0.0,True,/content/drive/MyDrive/progetto_immunogold/patches/images/SA-MAG_X12k_JEM-1400 Flash_22484_x0_y1792.png,SA-MAG_X12k_JEM-1400 Flash_22484,ricostruito_da_npy
0.0,0,0.0,True,/content/drive/MyDrive/progetto_immunogold/patches/images/SA-MAG_X12k_JEM-1400 Flash_22484_x0_y224.png,SA-MAG_X12k_JEM-1400 Flash_22484,ricostruito_da_npy
1.999887228012085,2,5.638599395751953e-05,True,/content/drive/MyDrive/progetto_immunogold/patches/images/SA-MAG_X12k_JEM-1400 Flash_22484_x0_y448.png,SA-MAG_X12k_JEM-1400 Flash_22484,ricostruito_da_npy
0.9065114855766296,1,0.09348851442337036,False,/content/drive/MyDrive/progetto_immunogold/patches/images/SA-MAG_X12k_JEM-1400 Flash_22484_x0_y672.png,SA-MAG_X12k_JEM-1400 Flash_22484,ricostruito_da_npy
1.0,1,0.0,True,/content/drive/MyDrive/progetto_immunogold/patches/images/SA-MAG_X12k_JEM-1400 Flash_22484_x0_y896.png,SA-MAG_X12k_JEM-1400 Flash_22484,ricostruito_da_npy
8.705336570739746,9,0.032740381028917104,True,/content/drive/MyDrive/progetto_immunogold/patches/images/SA-MAG_X12k_JEM-1400 Flash_22484_x1120_y0.png,SA-MAG_X12k_JEM-1400 Flash_22484,ricostruito_da_npy
6.650452613830566,7,0.049935340881347656,True,/content/drive/MyDrive/progetto_immunogold/patches/images/SA-MAG_X12k_JEM-1400 Flash_22484_x1120_y1120.png,SA-MAG_X12k_JEM-1400 Flash_22484,ricostruito_da_npy
0.0,0,0.0,True,/content/drive/MyDrive/progetto_immunogold/patches/images/SA-MAG_X12k_JEM-1400 Flash_22484_x1120_y1344.png,SA-MAG_X12k_JEM-1400 Flash_22484,ricostruito_da_npy
0.0,0,0.0,True,/content/drive/MyDrive/progetto_immunogold/patches/images/SA-MAG_X12k_JEM-1400 Flash_22484_x1120_y1568.png,SA-MAG_X12k_JEM-1400 Flash_22484,ricostruito_da_npy
0.0,0,0.0,True,/content/drive/MyDrive/progetto_immunogold/patches/images/SA-MAG_X12k_JEM-1400 Flash_22484_x1120_y1792.png,SA-MAG_X12k_JEM-1400 Flash_22484,ricostruito_da_npy
4.803398609161377,5,0.03932027816772461,True,/content/drive/MyDrive/progetto_immunogold/patches/images/SA-MAG_X12k_JEM-1400 Flash_22484_x1120_y224.png,SA-MAG_X12k_JEM-1400 Flash_22484,ricostruito_da_npy
2.592064380645752,3,0.13597853978474936,False,/content/drive/MyDrive/progetto_immunogold/patches/images/SA-MAG_X12k_JEM-1400 Flash_22484_x1120_y448.png,SA-MAG_X12k_JEM-1400 Flash_22484,ricostruito_da_npy
4.999780178070068,5,4.3964385986328126e-05,True,/content/drive/MyDrive/progetto_immunogold/patches/images/SA-MAG_X12k_JEM-1400 Flash_22484_x1120_y672.png,SA-MAG_X12k_JEM-1400 Flash_22484,ricostruito_da_npy
9.551553726196289,10,0.044844627380371094,True,/content/drive/MyDrive/progetto_immunogold/patches/images/SA-MAG_X12k_JEM-1400 Flash_22484_x1120_y896.png,SA-MAG_X12k_JEM-1400 Flash_22484,ricostruito_da_npy
7.0,7,0.0,True,/content/drive/MyDrive/progetto_immunogold/patches/images/SA-MAG_X12k_JEM-1400 Flash_22484_x1344_y0.png,SA-MAG_X12k_JEM-1400 Flash_22484,ricostruito_da_npy
3.638566732406616,4,0.09035831689834595,False,/content/drive/MyDrive/progetto_immunogold/patches/images/SA-MAG_X12k_JEM-1400 Flash_22484_x1344_y1120.png,SA-MAG_X12k_JEM-1400 Flash_22484,ricostruito_da_npy
0.0,0,0.0,True,/content/drive/MyDrive/progetto_immunogold/patches/images/SA-MAG_X12k_JEM-1400 Flash_22484_x1344_y1344.png,SA-MAG_X12k_JEM-1400 Flash_22484,ricostruito_da_npy
1.0,1,0.0,True,/content/drive/MyDrive/progetto_immunogold/patches/images/SA-MAG_X12k_JEM-1400 Flash_22484_x1344_y1568.png,SA-MAG_X12k_JEM-1400 Flash_22484,ricostruito_da_npy
1.5309345722198486,2,0.23453271389007568,False,/content/drive/MyDrive/progetto_immunogold/patches/images/SA-MAG_X12k_JEM-1400 Flash_22484_x1344_y1792.png,SA-MAG_X12k_JEM-1400 Flash_22484,ricostruito_da_npy
7.560878753662109,8,0.05489015579223633,False,/content/drive/MyDrive/progetto_immunogold/patches/images/SA-MAG_X12k_JEM-1400 Flash_22484_x1344_y224.png,SA-MAG_X12k_JEM-1400 Flash_22484,ricostruito_da_npy
8.430445671081543,10,0.15695543289184571,False,/content/drive/MyDrive/progetto_immunogold/patches/images/SA-MAG_X12k_JEM-1400 Flash_22484_x1344_y448.png,SA-MAG_X12k_JEM-1400 Flash_22484,ricostruito_da_npy
5.997960090637207,6,0.0003399848937988281,True,/content/drive/MyDrive/progetto_immunogold/patches/images/SA-MAG_X12k_JEM-1400 Flash_22484_x1344_y672.png,SA-MAG_X12k_JEM-1400 Flash_22484,ricostruito_da_npy
2.0,2,0.0,True,/content/drive/MyDrive/progetto_immunogold/patches/images/SA-MAG_X12k_JEM-1400 Flash_22484_x1344_y896.png,SA-MAG_X12k_JEM-1400 Flash_22484,ricostruito_da_npy
3.3724424839019775,4,0.15688937902450562,False,/content/drive/MyDrive/progetto_immunogold/patches/images/SA-MAG_X12k_JEM-1400 Flash_22484_x1568_y0.png,SA-MAG_X12k_JEM-1400 Flash_22484,ricostruito_da_npy
9.903505325317383,10,0.00964946746826172,True,/content/drive/MyDrive/progetto_immunogold/patches/images/SA-MAG_X12k_JEM-1400 Flash_22484_x1568_y1120.png,SA-MAG_X12k_JEM-1400 Flash_22484,ricostruito_da_npy
0.7044642567634583,1,0.29553574323654175,False,/content/drive/MyDrive/progetto_immunogold/patches/images/SA-MAG_X12k_JEM-1400 Flash_22484_x1568_y1344.png,SA-MAG_X12k_JEM-1400 Flash_22484,ricostruito_da_npy
3.9955055713653564,4,0.0011236071586608887,True,/content/drive/MyDrive/progetto_immunogold/patches/images/SA-MAG_X12k_JEM-1400 Flash_22484_x1568_y1568.png,SA-MAG_X12k_JEM-1400 Flash_22484,ricostruito_da_npy
3.973853588104248,4,0.006536602973937988,True,/content/drive/MyDrive/progetto_immunogold/patches/images/SA-MAG_X12k_JEM-1400 Flash_22484_x1568_y1792.png,SA-MAG_X12k_JEM-1400 Flash_22484,ricostruito_da_npy
9.392814636230469,10,0.060718536376953125,False,/content/drive/MyDrive/progetto_immunogold/patches/images/SA-MAG_X12k_JEM-1400 Flash_22484_x1568_y224.png,SA-MAG_X12k_JEM-1400 Flash_22484,ricostruito_da_npy
11.941295623779297,13,0.08143879817082332,False,/content/drive/MyDrive/progetto_immunogold/patches/images/SA-MAG_X12k_JEM-1400 Flash_22484_x1568_y448.png,SA-MAG_X12k_JEM-1400 Flash_22484,ricostruito_da_npy
12.008371353149414,13,0.0762791266808143,False,/content/drive/MyDrive/progetto_immunogold/patches/images/SA-MAG_X12k_JEM-1400 Flash_22484_x1568_y672.png,SA-MAG_X12k_JEM-1400 Flash_22484,ricostruito_da_npy
6.170170307159424,7,0.11854709897722517,False,/content/drive/MyDrive/progetto_immunogold/patches/images/SA-MAG_X12k_JEM-1400 Flash_22484_x1568_y896.png,SA-MAG_X12k_JEM-1400 Flash_22484,ricostruito_da_npy
3.962883472442627,4,0.009279131889343262,True,/content/drive/MyDrive/progetto_immunogold/patches/images/SA-MAG_X12k_JEM-1400 Flash_22484_x1792_y0.png,SA-MAG_X12k_JEM-1400 Flash_22484,ricostruito_da_npy
1.9997804164886475,2,0.00010979175567626953,True,/content/drive/MyDrive/progetto_immunogold/patches/images/SA-MAG_X12k_JEM-1400 Flash_22484_x1792_y1120.png,SA-MAG_X12k_JEM-1400 Flash_22484,ricostruito_da_npy
4.757426738739014,5,0.04851465225219727,True,/content/drive/MyDrive/progetto_immunogold/patches/images/SA-MAG_X12k_JEM-1400 Flash_22484_x1792_y1344.png,SA-MAG_X12k_JEM-1400 Flash_22484,ricostruito_da_npy
0.9878222346305847,1,0.012177765369415283,True,/content/drive/MyDrive/progetto_immunogold/patches/images/SA-MAG_X12k_JEM-1400 Flash_22484_x1792_y1568.png,SA-MAG_X12k_JEM-1400 Flash_22484,ricostruito_da_npy
4.877852916717529,5,0.02442941665649414,True,/content/drive/MyDrive/progetto_immunogold/patches/images/SA-MAG_X12k_JEM-1400 Flash_22484_x1792_y1792.png,SA-MAG_X12k_JEM-1400 Flash_22484,ricostruito_da_npy
8.840413093566895,9,0.017731878492567275,True,/content/drive/MyDrive/progetto_immunogold/patches/images/SA-MAG_X12k_JEM-1400 Flash_22484_x1792_y224.png,SA-MAG_X12k_JEM-1400 Flash_22484,ricostruito_da_npy
10.911728858947754,11,0.008024649186567827,True,/content/drive/MyDrive/progetto_immunogold/patches/images/SA-MAG_X12k_JEM-1400 Flash_22484_x1792_y448.png,SA-MAG_X12k_JEM-1400 Flash_22484,ricostruito_da_npy
6.997978687286377,7,0.0002887589590890067,True,/content/drive/MyDrive/progetto_immunogold/patches/images/SA-MAG_X12k_JEM-1400 Flash_22484_x1792_y672.png,SA-MAG_X12k_JEM-1400 Flash_22484,ricostruito_da_npy
3.9697835445404053,4,0.007554113864898682,True,/content/drive/MyDrive/progetto_immunogold/patches/images/SA-MAG_X12k_JEM-1400 Flash_22484_x1792_y896.png,SA-MAG_X12k_JEM-1400 Flash_22484,ricostruito_da_npy
0.0,0,0.0,True,/content/drive/MyDrive/progetto_immunogold/patches/images/SA-MAG_X12k_JEM-1400 Flash_22484_x224_y0.png,SA-MAG_X12k_JEM-1400 Flash_22484,ricostruito_da_npy
1.9999998807907104,2,5.960464477539063e-08,True,/content/drive/MyDrive/progetto_immunogold/patches/images/SA-MAG_X12k_JEM-1400 Flash_22484_x224_y1120.png,SA-MAG_X12k_JEM-1400 Flash_22484,ricostruito_da_npy
1.9629018306732178,2,0.018549084663391113,True,/content/drive/MyDrive/progetto_immunogold/patches/images/SA-MAG_X12k_JEM-1400 Flash_22484_x224_y1344.png,SA-MAG_X12k_JEM-1400 Flash_22484,ricostruito_da_npy
0.0,0,0.0,True,/content/drive/MyDrive/progetto_immunogold/patches/images/SA-MAG_X12k_JEM-1400 Flash_22484_x224_y1568.png,SA-MAG_X12k_JEM-1400 Flash_22484,ricostruito_da_npy
0.0,0,0.0,True,/content/drive/MyDrive/progetto_immunogold/patches/images/SA-MAG_X12k_JEM-1400 Flash_22484_x224_y1792.png,SA-MAG_X12k_JEM-1400 Flash_22484,ricostruito_da_npy
0.0,0,0.0,True,/content/drive/MyDrive/progetto_immunogold/patches/images/SA-MAG_X12k_JEM-1400 Flash_22484_x224_y224.png,SA-MAG_X12k_JEM-1400 Flash_22484,ricostruito_da_npy
0.0,0,0.0,True,/content/drive/MyDrive/progetto_immunogold/patches/images/SA-MAG_X12k_JEM-1400 Flash_22484_x224_y448.png,SA-MAG_X12k_JEM-1400 Flash_22484,ricostruito_da_npy
0.0,0,0.0,True,/content/drive/MyDrive/progetto_immunogold/patches/images/SA-MAG_X12k_JEM-1400 Flash_22484_x224_y672.png,SA-MAG_X12k_JEM-1400 Flash_22484,ricostruito_da_npy
0.9999999403953552,1,5.960464477539063e-08,True,/content/drive/MyDrive/progetto_immunogold/patches/images/SA-MAG_X12k_JEM-1400 Flash_22484_x224_y896.png,SA-MAG_X12k_JEM-1400 Flash_22484,ricostruito_da_npy
0.0,0,0.0,True,/content/drive/MyDrive/progetto_immunogold/patches/images/SA-MAG_X12k_JEM-1400 Flash_22484_x448_y0.png,SA-MAG_X12k_JEM-1400 Flash_22484,ricostruito_da_npy
1.0,1,0.0,True,/content/drive/MyDrive/progetto_immunogold/patches/images/SA-MAG_X12k_JEM-1400 Flash_22484_x448_y1120.png,SA-MAG_X12k_JEM-1400 Flash_22484,ricostruito_da_npy
2.9960100650787354,3,0.001329978307088216,True,/content/drive/MyDrive/progetto_immunogold/patches/images/SA-MAG_X12k_JEM-1400 Flash_22484_x448_y1344.png,SA-MAG_X12k_JEM-1400 Flash_22484,ricostruito_da_npy
0.0,0,0.0,True,/content/drive/MyDrive/progetto_immunogold/patches/images/SA-MAG_X12k_JEM-1400 Flash_22484_x448_y1568.png,SA-MAG_X12k_JEM-1400 Flash_22484,ricostruito_da_npy
0.0,0,0.0,True,/content/drive/MyDrive/progetto_immunogold/patches/images/SA-MAG_X12k_JEM-1400 Flash_22484_x448_y1792.png,SA-MAG_X12k_JEM-1400 Flash_22484,ricostruito_da_npy
0.0,0,0.0,True,/content/drive/MyDrive/progetto_immunogold/patches/images/SA-MAG_X12k_JEM-1400 Flash_22484_x448_y224.png,SA-MAG_X12k_JEM-1400 Flash_22484,ricostruito_da_npy
1.0,1,0.0,True,/content/drive/MyDrive/progetto_immunogold/patches/images/SA-MAG_X12k_JEM-1400 Flash_22484_x448_y448.png,SA-MAG_X12k_JEM-1400 Flash_22484,ricostruito_da_npy
0.0,0,0.0,True,/content/drive/MyDrive/progetto_immunogold/patches/images/SA-MAG_X12k_JEM-1400 Flash_22484_x448_y672.png,SA-MAG_X12k_JEM-1400 Flash_22484,ricostruito_da_npy
0.0,0,0.0,True,/content/drive/MyDrive/progetto_immunogold/patches/images/SA-MAG_X12k_JEM-1400 Flash_22484_x448_y896.png,SA-MAG_X12k_JEM-1400 Flash_22484,ricostruito_da_npy
1.0,1,0.0,True,/content/drive/MyDrive/progetto_immunogold/patches/images/SA-MAG_X12k_JEM-1400 Flash_22484_x672_y0.png,SA-MAG_X12k_JEM-1400 Flash_22484,ricostruito_da_npy
0.0,0,0.0,True,/content/drive/MyDrive/progetto_immunogold/patches/images/SA-MAG_X12k_JEM-1400 Flash_22484_x672_y1120.png,SA-MAG_X12k_JEM-1400 Flash_22484,ricostruito_da_npy
1.9878222942352295,2,0.006088852882385254,True,/content/drive/MyDrive/progetto_immunogold/patches/images/SA-MAG_X12k_JEM-1400 Flash_22484_x672_y1344.png,SA-MAG_X12k_JEM-1400 Flash_22484,ricostruito_da_npy
0.0,0,0.0,True,/content/drive/MyDrive/progetto_immunogold/patches/images/SA-MAG_X12k_JEM-1400 Flash_22484_x672_y1568.png,SA-MAG_X12k_JEM-1400 Flash_22484,ricostruito_da_npy
0.0,0,0.0,True,/content/drive/MyDrive/progetto_immunogold/patches/images/SA-MAG_X12k_JEM-1400 Flash_22484_x672_y1792.png,SA-MAG_X12k_JEM-1400 Flash_22484,ricostruito_da_npy
1.0,1,0.0,True,/content/drive/MyDrive/progetto_immunogold/patches/images/SA-MAG_X12k_JEM-1400 Flash_22484_x672_y224.png,SA-MAG_X12k_JEM-1400 Flash_22484,ricostruito_da_npy
1.999887228012085,2,5.638599395751953e-05,True,/content/drive/MyDrive/progetto_immunogold/patches/images/SA-MAG_X12k_JEM-1400 Flash_22484_x672_y448.png,SA-MAG_X12k_JEM-1400 Flash_22484,ricostruito_da_npy
2.999999761581421,3,7.947285970052083e-08,True,/content/drive/MyDrive/progetto_immunogold/patches/images/SA-MAG_X12k_JEM-1400 Flash_22484_x672_y672.png,SA-MAG_X12k_JEM-1400 Flash_22484,ricostruito_da_npy
0.998784601688385,1,0.0012153983116149902,True,/content/drive/MyDrive/progetto_immunogold/patches/images/SA-MAG_X12k_JEM-1400 Flash_22484_x672_y896.png,SA-MAG_X12k_JEM-1400 Flash_22484,ricostruito_da_npy
11.098730087280273,12,0.07510582605997722,False,/content/drive/MyDrive/progetto_immunogold/patches/images/SA-MAG_X12k_JEM-1400 Flash_22484_x896_y0.png,SA-MAG_X12k_JEM-1400 Flash_22484,ricostruito_da_npy
0.99928879737854,1,0.0007112026214599609,True,/content/drive/MyDrive/progetto_immunogold/patches/images/SA-MAG_X12k_JEM-1400 Flash_22484_x896_y1120.png,SA-MAG_X12k_JEM-1400 Flash_22484,ricostruito_da_npy
0.0,0,0.0,True,/content/drive/MyDrive/progetto_immunogold/patches/images/SA-MAG_X12k_JEM-1400 Flash_22484_x896_y1344.png,SA-MAG_X12k_JEM-1400 Flash_22484,ricostruito_da_npy
0.0,0,0.0,True,/content/drive/MyDrive/progetto_immunogold/patches/images/SA-MAG_X12k_JEM-1400 Flash_22484_x896_y1568.png,SA-MAG_X12k_JEM-1400 Flash_22484,ricostruito_da_npy
1.0,1,0.0,True,/content/drive/MyDrive/progetto_immunogold/patches/images/SA-MAG_X12k_JEM-1400 Flash_22484_x896_y1792.png,SA-MAG_X12k_JEM-1400 Flash_22484,ricostruito_da_npy
3.8941211700439453,5,0.22117576599121094,False,/content/drive/MyDrive/progetto_immunogold/patches/images/SA-MAG_X12k_JEM-1400 Flash_22484_x896_y224.png,SA-MAG_X12k_JEM-1400 Flash_22484,ricostruito_da_npy
5.664104461669922,6,0.05598258972167969,False,/content/drive/MyDrive/progetto_immunogold/patches/images/SA-MAG_X12k_JEM-1400 Flash_22484_x896_y448.png,SA-MAG_X12k_JEM-1400 Flash_22484,ricostruito_da_npy
7.0,7,0.0,True,/content/drive/MyDrive/progetto_immunogold/patches/images/SA-MAG_X12k_JEM-1400 Flash_22484_x896_y672.png,SA-MAG_X12k_JEM-1400 Flash_22484,ricostruito_da_npy
4.928712844848633,5,0.014257431030273438,True,/content/drive/MyDrive/progetto_immunogold/patches/images/SA-MAG_X12k_JEM-1400 Flash_22484_x896_y896.png,SA-MAG_X12k_JEM-1400 Flash_22484,ricostruito_da_npy
3.359801769256592,4,0.16004955768585205,False,/content/drive/MyDrive/progetto_immunogold/patches/images/SA-MAG_X15k_JEM-1400 Flash_22427_x0_y0.png,SA-MAG_X15k_JEM-1400 Flash_22427,ricostruito_da_npy
15.410778999328613,16,0.03682631254196167,True,/content/drive/MyDrive/progetto_immunogold/patches/images/SA-MAG_X15k_JEM-1400 Flash_22427_x0_y1120.png,SA-MAG_X15k_JEM-1400 Flash_22427,ricostruito_da_npy
3.8767123222351074,4,0.030821919441223145,True,/content/drive/MyDrive/progetto_immunogold/patches/images/SA-MAG_X15k_JEM-1400 Flash_22427_x0_y1344.png,SA-MAG_X15k_JEM-1400 Flash_22427,ricostruito_da_npy
5.0,5,0.0,True,/content/drive/MyDrive/progetto_immunogold/patches/images/SA-MAG_X15k_JEM-1400 Flash_22427_x0_y1568.png,SA-MAG_X15k_JEM-1400 Flash_22427,ricostruito_da_npy
12.932905197143555,14,0.07622105734688896,False,/content/drive/MyDrive/progetto_immunogold/patches/images/SA-MAG_X15k_JEM-1400 Flash_22427_x0_y224.png,SA-MAG_X15k_JEM-1400 Flash_22427,ricostruito_da_npy
20.564382553100586,22,0.06525533849542792,False,/content/drive/MyDrive/progetto_immunogold/patches/images/SA-MAG_X15k_JEM-1400 Flash_22427_x0_y448.png,SA-MAG_X15k_JEM-1400 Flash_22427,ricostruito_da_npy
6.69205904006958,7,0.0439915657043457,True,/content/drive/MyDrive/progetto_immunogold/patches/images/SA-MAG_X15k_JEM-1400 Flash_22427_x0_y672.png,SA-MAG_X15k_JEM-1400 Flash_22427,ricostruito_da_npy
13.82938003540039,14,0.012187140328543527,True,/content/drive/MyDrive/progetto_immunogold/patches/images/SA-MAG_X15k_JEM-1400 Flash_22427_x0_y896.png,SA-MAG_X15k_JEM-1400 Flash_22427,ricostruito_da_npy
14.393074989318848,15,0.04046166737874349,True,/content/drive/MyDrive/progetto_immunogold/patches/images/SA-MAG_X15k_JEM-1400 Flash_22427_x1120_y0.png,SA-MAG_X15k_JEM-1400 Flash_22427,ricostruito_da_npy
15.838586807250977,16,0.010088324546813965,True,/content/drive/MyDrive/progetto_immunogold/patches/images/SA-MAG_X15k_JEM-1400 Flash_22427_x1120_y1120.png,SA-MAG_X15k_JEM-1400 Flash_22427,ricostruito_da_npy
0.0,0,0.0,True,/content/drive/MyDrive/progetto_immunogold/patches/images/SA-MAG_X15k_JEM-1400 Flash_22427_x1120_y1344.png,SA-MAG_X15k_JEM-1400 Flash_22427,ricostruito_da_npy
3.9830195903778076,4,0.004245102405548096,True,/content/drive/MyDrive/progetto_immunogold/patches/images/SA-MAG_X15k_JEM-1400 Flash_22427_x1120_y1568.png,SA-MAG_X15k_JEM-1400 Flash_22427,ricostruito_da_npy
2.0,2,0.0,True,/content/drive/MyDrive/progetto_immunogold/patches/images/SA-MAG_X15k_JEM-1400 Flash_22427_x1120_y224.png,SA-MAG_X15k_JEM-1400 Flash_22427,ricostruito_da_npy
0.5725810527801514,2,0.7137094736099243,False,/content/drive/MyDrive/progetto_immunogold/patches/images/SA-MAG_X15k_JEM-1400 Flash_22427_x1120_y448.png,SA-MAG_X15k_JEM-1400 Flash_22427,ricostruito_da_npy
5.986884117126465,6,0.002185980478922526,True,/content/drive/MyDrive/progetto_immunogold/patches/images/SA-MAG_X15k_JEM-1400 Flash_22427_x1120_y672.png,SA-MAG_X15k_JEM-1400 Flash_22427,ricostruito_da_npy
9.585158348083496,10,0.04148416519165039,True,/content/drive/MyDrive/progetto_immunogold/patches/images/SA-MAG_X15k_JEM-1400 Flash_22427_x1120_y896.png,SA-MAG_X15k_JEM-1400 Flash_22427,ricostruito_da_npy
12.59043025970459,13,0.03150536463810848,True,/content/drive/MyDrive/progetto_immunogold/patches/images/SA-MAG_X15k_JEM-1400 Flash_22427_x1344_y0.png,SA-MAG_X15k_JEM-1400 Flash_22427,ricostruito_da_npy
12.939482688903809,14,0.07575123650687081,False,/content/drive/MyDrive/progetto_immunogold/patches/images/SA-MAG_X15k_JEM-1400 Flash_22427_x1344_y1120.png,SA-MAG_X15k_JEM-1400 Flash_22427,ricostruito_da_npy
8.617566108703613,9,0.042492654588487416,True,/content/drive/MyDrive/progetto_immunogold/patches/images/SA-MAG_X15k_JEM-1400 Flash_22427_x1344_y1344.png,SA-MAG_X15k_JEM-1400 Flash_22427,ricostruito_da_npy
2.960143804550171,3,0.013285398483276367,True,/content/drive/MyDrive/progetto_immunogold/patches/images/SA-MAG_X15k_JEM-1400 Flash_22427_x1344_y1568.png,SA-MAG_X15k_JEM-1400 Flash_22427,ricostruito_da_npy
13.096957206726074,14,0.06450305666242327,False,/content/drive/MyDrive/progetto_immunogold/patches/images/SA-MAG_X15k_JEM-1400 Flash_22427_x1344_y224.png,SA-MAG_X15k_JEM-1400 Flash_22427,ricostruito_da_npy
13.732683181762695,15,0.08448778788248698,False,/content/drive/MyDrive/progetto_immunogold/patches/images/SA-MAG_X15k_JEM-1400 Flash_22427_x1344_y448.png,SA-MAG_X15k_JEM-1400 Flash_22427,ricostruito_da_npy
9.580648422241211,10,0.041935157775878903,True,/content/drive/MyDrive/progetto_immunogold/patches/images/SA-MAG_X15k_JEM-1400 Flash_22427_x1344_y672.png,SA-MAG_X15k_JEM-1400 Flash_22427,ricostruito_da_npy
14.853119850158691,15,0.009792009989420572,True,/content/drive/MyDrive/progetto_immunogold/patches/images/SA-MAG_X15k_JEM-1400 Flash_22427_x1344_y896.png,SA-MAG_X15k_JEM-1400 Flash_22427,ricostruito_da_npy
2.4772746562957764,3,0.1742417812347412,False,/content/drive/MyDrive/progetto_immunogold/patches/images/SA-MAG_X15k_JEM-1400 Flash_22427_x1568_y0.png,SA-MAG_X15k_JEM-1400 Flash_22427,ricostruito_da_npy
6.999407768249512,7,8.460453578404017e-05,True,/content/drive/MyDrive/progetto_immunogold/patches/images/SA-MAG_X15k_JEM-1400 Flash_22427_x1568_y1120.png,SA-MAG_X15k_JEM-1400 Flash_22427,ricostruito_da_npy
4.859992027282715,5,0.02800159454345703,True,/content/drive/MyDrive/progetto_immunogold/patches/images/SA-MAG_X15k_JEM-1400 Flash_22427_x1568_y1344.png,SA-MAG_X15k_JEM-1400 Flash_22427,ricostruito_da_npy
6.064747333526611,7,0.13360752378191268,False,/content/drive/MyDrive/progetto_immunogold/patches/images/SA-MAG_X15k_JEM-1400 Flash_22427_x1568_y1568.png,SA-MAG_X15k_JEM-1400 Flash_22427,ricostruito_da_npy
18.593412399291992,19,0.02139934740568462,True,/content/drive/MyDrive/progetto_immunogold/patches/images/SA-MAG_X15k_JEM-1400 Flash_22427_x1568_y224.png,SA-MAG_X15k_JEM-1400 Flash_22427,ricostruito_da_npy
13.984272956848145,15,0.06771513621012369,False,/content/drive/MyDrive/progetto_immunogold/patches/images/SA-MAG_X15k_JEM-1400 Flash_22427_x1568_y448.png,SA-MAG_X15k_JEM-1400 Flash_22427,ricostruito_da_npy
4.929535865783691,5,0.014092826843261718,True,/content/drive/MyDrive/progetto_immunogold/patches/images/SA-MAG_X15k_JEM-1400 Flash_22427_x1568_y672.png,SA-MAG_X15k_JEM-1400 Flash_22427,ricostruito_da_npy
14.313823699951172,16,0.10538601875305176,False,/content/drive/MyDrive/progetto_immunogold/patches/images/SA-MAG_X15k_JEM-1400 Flash_22427_x1568_y896.png,SA-MAG_X15k_JEM-1400 Flash_22427,ricostruito_da_npy
3.875981330871582,4,0.031004667282104492,True,/content/drive/MyDrive/progetto_immunogold/patches/images/SA-MAG_X15k_JEM-1400 Flash_22427_x1792_y0.png,SA-MAG_X15k_JEM-1400 Flash_22427,ricostruito_da_npy
13.692851066589355,15,0.0871432622273763,False,/content/drive/MyDrive/progetto_immunogold/patches/images/SA-MAG_X15k_JEM-1400 Flash_22427_x1792_y1120.png,SA-MAG_X15k_JEM-1400 Flash_22427,ricostruito_da_npy
8.522933006286621,9,0.05300744374593099,False,/content/drive/MyDrive/progetto_immunogold/patches/images/SA-MAG_X15k_JEM-1400 Flash_22427_x1792_y1344.png,SA-MAG_X15k_JEM-1400 Flash_22427,ricostruito_da_npy
9.99667739868164,10,0.0003322601318359375,True,/content/drive/MyDrive/progetto_immunogold/patches/images/SA-MAG_X15k_JEM-1400 Flash_22427_x1792_y1568.png,SA-MAG_X15k_JEM-1400 Flash_22427,ricostruito_da_npy
17.17181396484375,18,0.046010335286458336,True,/content/drive/MyDrive/progetto_immunogold/patches/images/SA-MAG_X15k_JEM-1400 Flash_22427_x1792_y224.png,SA-MAG_X15k_JEM-1400 Flash_22427,ricostruito_da_npy
5.5608110427856445,6,0.0731981595357259,False,/content/drive/MyDrive/progetto_immunogold/patches/images/SA-MAG_X15k_JEM-1400 Flash_22427_x1792_y448.png,SA-MAG_X15k_JEM-1400 Flash_22427,ricostruito_da_npy
8.740358352661133,9,0.0288490719265408,True,/content/drive/MyDrive/progetto_immunogold/patches/images/SA-MAG_X15k_JEM-1400 Flash_22427_x1792_y672.png,SA-MAG_X15k_JEM-1400 Flash_22427,ricostruito_da_npy
19.088951110839844,20,0.04555244445800781,True,/content/drive/MyDrive/progetto_immunogold/patches/images/SA-MAG_X15k_JEM-1400 Flash_22427_x1792_y896.png,SA-MAG_X15k_JEM-1400 Flash_22427,ricostruito_da_npy
10.417428970336914,11,0.05296100269664417,False,/content/drive/MyDrive/progetto_immunogold/patches/images/SA-MAG_X15k_JEM-1400 Flash_22427_x224_y0.png,SA-MAG_X15k_JEM-1400 Flash_22427,ricostruito_da_npy
22.216716766357422,23,0.03405579276706861,True,/content/drive/MyDrive/progetto_immunogold/patches/images/SA-MAG_X15k_JEM-1400 Flash_22427_x224_y1120.png,SA-MAG_X15k_JEM-1400 Flash_22427,ricostruito_da_npy
10.996989250183105,11,0.00027370452880859375,True,/content/drive/MyDrive/progetto_immunogold/patches/images/SA-MAG_X15k_JEM-1400 Flash_22427_x224_y1344.png,SA-MAG_X15k_JEM-1400 Flash_22427,ricostruito_da_npy
4.0,4,0.0,True,/content/drive/MyDrive/progetto_immunogold/patches/images/SA-MAG_X15k_JEM-1400 Flash_22427_x224_y1568.png,SA-MAG_X15k_JEM-1400 Flash_22427,ricostruito_da_npy
7.6020379066467285,9,0.15532912148369682,False,/content/drive/MyDrive/progetto_immunogold/patches/images/SA-MAG_X15k_JEM-1400 Flash_22427_x224_y224.png,SA-MAG_X15k_JEM-1400 Flash_22427,ricostruito_da_npy
21.223770141601562,22,0.03528317538174716,True,/content/drive/MyDrive/progetto_immunogold/patches/images/SA-MAG_X15k_JEM-1400 Flash_22427_x224_y448.png,SA-MAG_X15k_JEM-1400 Flash_22427,ricostruito_da_npy
8.0,8,0.0,True,/content/drive/MyDrive/progetto_immunogold/patches/images/SA-MAG_X15k_JEM-1400 Flash_22427_x224_y672.png,SA-MAG_X15k_JEM-1400 Flash_22427,ricostruito_da_npy
0.0,0,0.0,True,/content/drive/MyDrive/progetto_immunogold/patches/images/SA-MAG_X15k_JEM-1400 Flash_22427_x224_y896.png,SA-MAG_X15k_JEM-1400 Flash_22427,ricostruito_da_npy
7.767655849456787,9,0.13692712783813477,False,/content/drive/MyDrive/progetto_immunogold/patches/images/SA-MAG_X15k_JEM-1400 Flash_22427_x448_y0.png,SA-MAG_X15k_JEM-1400 Flash_22427,ricostruito_da_npy
7.3871049880981445,8,0.07661187648773193,False,/content/drive/MyDrive/progetto_immunogold/patches/images/SA-MAG_X15k_JEM-1400 Flash_22427_x448_y1120.png,SA-MAG_X15k_JEM-1400 Flash_22427,ricostruito_da_npy
13.927651405334473,14,0.005167756761823382,True,/content/drive/MyDrive/progetto_immunogold/patches/images/SA-MAG_X15k_JEM-1400 Flash_22427_x448_y1344.png,SA-MAG_X15k_JEM-1400 Flash_22427,ricostruito_da_npy
10.93536376953125,11,0.005876020951704545,True,/content/drive/MyDrive/progetto_immunogold/patches/images/SA-MAG_X15k_JEM-1400 Flash_22427_x448_y1568.png,SA-MAG_X15k_JEM-1400 Flash_22427,ricostruito_da_npy
14.382406234741211,15,0.04117291768391927,True,/content/drive/MyDrive/progetto_immunogold/patches/images/SA-MAG_X15k_JEM-1400 Flash_22427_x448_y224.png,SA-MAG_X15k_JEM-1400 Flash_22427,ricostruito_da_npy
19.52955436706543,20,0.023522281646728517,True,/content/drive/MyDrive/progetto_immunogold/patches/images/SA-MAG_X15k_JEM-1400 Flash_22427_x448_y448.png,SA-MAG_X15k_JEM-1400 Flash_22427,ricostruito_da_npy
2.7084457874298096,3,0.0971847375233968,False,/content/drive/MyDrive/progetto_immunogold/patches/images/SA-MAG_X15k_JEM-1400 Flash_22427_x448_y672.png,SA-MAG_X15k_JEM-1400 Flash_22427,ricostruito_da_npy
0.0,0,0.0,True,/content/drive/MyDrive/progetto_immunogold/patches/images/SA-MAG_X15k_JEM-1400 Flash_22427_x448_y896.png,SA-MAG_X15k_JEM-1400 Flash_22427,ricostruito_da_npy
9.343938827514648,10,0.06560611724853516,False,/content/drive/MyDrive/progetto_immunogold/patches/images/SA-MAG_X15k_JEM-1400 Flash_22427_x672_y0.png,SA-MAG_X15k_JEM-1400 Flash_22427,ricostruito_da_npy
22.65277862548828,23,0.01509658150050951,True,/content/drive/MyDrive/progetto_immunogold/patches/images/SA-MAG_X15k_JEM-1400 Flash_22427_x672_y1120.png,SA-MAG_X15k_JEM-1400 Flash_22427,ricostruito_da_npy
20.61151123046875,21,0.018499465215773808,True,/content/drive/MyDrive/progetto_immunogold/patches/images/SA-MAG_X15k_JEM-1400 Flash_22427_x672_y1344.png,SA-MAG_X15k_JEM-1400 Flash_22427,ricostruito_da_npy
7.701629638671875,8,0.037296295166015625,True,/content/drive/MyDrive/progetto_immunogold/patches/images/SA-MAG_X15k_JEM-1400 Flash_22427_x672_y1568.png,SA-MAG_X15k_JEM-1400 Flash_22427,ricostruito_da_npy
4.977560997009277,5,0.004487800598144531,True,/content/drive/MyDrive/progetto_immunogold/patches/images/SA-MAG_X15k_JEM-1400 Flash_22427_x672_y224.png,SA-MAG_X15k_JEM-1400 Flash_22427,ricostruito_da_npy
17.993690490722656,19,0.05296365838301809,False,/content/drive/MyDrive/progetto_immunogold/patches/images/SA-MAG_X15k_JEM-1400 Flash_22427_x672_y448.png,SA-MAG_X15k_JEM-1400 Flash_22427,ricostruito_da_npy
6.215653896331787,7,0.11204944338117327,False,/content/drive/MyDrive/progetto_immunogold/patches/images/SA-MAG_X15k_JEM-1400 Flash_22427_x672_y672.png,SA-MAG_X15k_JEM-1400 Flash_22427,ricostruito_da_npy
1.7863612174987793,2,0.10681939125061035,False,/content/drive/MyDrive/progetto_immunogold/patches/images/SA-MAG_X15k_JEM-1400 Flash_22427_x672_y896.png,SA-MAG_X15k_JEM-1400 Flash_22427,ricostruito_da_npy
17.181076049804688,18,0.0454957750108507,True,/content/drive/MyDrive/progetto_immunogold/patches/images/SA-MAG_X15k_JEM-1400 Flash_22427_x896_y0.png,SA-MAG_X15k_JEM-1400 Flash_22427,ricostruito_da_npy
14.70584774017334,16,0.08088451623916626,False,/content/drive/MyDrive/progetto_immunogold/patches/images/SA-MAG_X15k_JEM-1400 Flash_22427_x896_y1120.png,SA-MAG_X15k_JEM-1400 Flash_22427,ricostruito_da_npy
11.382607460021973,12,0.05144937833150228,False,/content/drive/MyDrive/progetto_immunogold/patches/images/SA-MAG_X15k_JEM-1400 Flash_22427_x896_y1344.png,SA-MAG_X15k_JEM-1400 Flash_22427,ricostruito_da_npy
5.928204536437988,6,0.01196591059366862,True,/content/drive/MyDrive/progetto_immunogold/patches/images/SA-MAG_X15k_JEM-1400 Flash_22427_x896_y1568.png,SA-MAG_X15k_JEM-1400 Flash_22427,ricostruito_da_npy
13.593799591064453,14,0.029014314923967634,True,/content/drive/MyDrive/progetto_immunogold/patches/images/SA-MAG_X15k_JEM-1400 Flash_22427_x896_y224.png,SA-MAG_X15k_JEM-1400 Flash_22427,ricostruito_da_npy
9.536744117736816,10,0.04632558822631836,True,/content/drive/MyDrive/progetto_immunogold/patches/images/SA-MAG_X15k_JEM-1400 Flash_22427_x896_y448.png,SA-MAG_X15k_JEM-1400 Flash_22427,ricostruito_da_npy
8.519262313842773,9,0.05341529846191406,False,/content/drive/MyDrive/progetto_immunogold/patches/images/SA-MAG_X15k_JEM-1400 Flash_22427_x896_y672.png,SA-MAG_X15k_JEM-1400 Flash_22427,ricostruito_da_npy
11.956584930419922,13,0.08026269766000602,False,/content/drive/MyDrive/progetto_immunogold/patches/images/SA-MAG_X15k_JEM-1400 Flash_22427_x896_y896.png,SA-MAG_X15k_JEM-1400 Flash_22427,ricostruito_da_npy
0.0,0,0.0,True,/content/drive/MyDrive/progetto_immunogold/patches/images/SA-MAG_X15k_JEM-1400 Flash_22478_x0_y0.png,SA-MAG_X15k_JEM-1400 Flash_22478,ricostruito_da_npy
0.0,0,0.0,True,/content/drive/MyDrive/progetto_immunogold/patches/images/SA-MAG_X15k_JEM-1400 Flash_22478_x0_y1120.png,SA-MAG_X15k_JEM-1400 Flash_22478,ricostruito_da_npy
0.9999999403953552,1,5.960464477539063e-08,True,/content/drive/MyDrive/progetto_immunogold/patches/images/SA-MAG_X15k_JEM-1400 Flash_22478_x0_y1344.png,SA-MAG_X15k_JEM-1400 Flash_22478,ricostruito_da_npy
0.0,0,0.0,True,/content/drive/MyDrive/progetto_immunogold/patches/images/SA-MAG_X15k_JEM-1400 Flash_22478_x0_y1568.png,SA-MAG_X15k_JEM-1400 Flash_22478,ricostruito_da_npy
0.0,0,0.0,True,/content/drive/MyDrive/progetto_immunogold/patches/images/SA-MAG_X15k_JEM-1400 Flash_22478_x0_y1792.png,SA-MAG_X15k_JEM-1400 Flash_22478,ricostruito_da_npy
0.9998615384101868,1,0.00013846158981323242,True,/content/drive/MyDrive/progetto_immunogold/patches/images/SA-MAG_X15k_JEM-1400 Flash_22478_x0_y224.png,SA-MAG_X15k_JEM-1400 Flash_22478,ricostruito_da_npy
0.6197847723960876,1,0.38021522760391235,False,/content/drive/MyDrive/progetto_immunogold/patches/images/SA-MAG_X15k_JEM-1400 Flash_22478_x0_y448.png,SA-MAG_X15k_JEM-1400 Flash_22478,ricostruito_da_npy
0.0,0,0.0,True,/content/drive/MyDrive/progetto_immunogold/patches/images/SA-MAG_X15k_JEM-1400 Flash_22478_x0_y672.png,SA-MAG_X15k_JEM-1400 Flash_22478,ricostruito_da_npy
0.0,0,0.0,True,/content/drive/MyDrive/progetto_immunogold/patches/images/SA-MAG_X15k_JEM-1400 Flash_22478_x0_y896.png,SA-MAG_X15k_JEM-1400 Flash_22478,ricostruito_da_npy
4.999727725982666,5,5.4454803466796876e-05,True,/content/drive/MyDrive/progetto_immunogold/patches/images/SA-MAG_X15k_JEM-1400 Flash_22478_x1120_y0.png,SA-MAG_X15k_JEM-1400 Flash_22478,ricostruito_da_npy
0.9999999403953552,1,5.960464477539063e-08,True,/content/drive/MyDrive/progetto_immunogold/patches/images/SA-MAG_X15k_JEM-1400 Flash_22478_x1120_y1120.png,SA-MAG_X15k_JEM-1400 Flash_22478,ricostruito_da_npy
1.6652674674987793,2,0.16736626625061035,False,/content/drive/MyDrive/progetto_immunogold/patches/images/SA-MAG_X15k_JEM-1400 Flash_22478_x1120_y1344.png,SA-MAG_X15k_JEM-1400 Flash_22478,ricostruito_da_npy
1.5419797897338867,3,0.4860067367553711,False,/content/drive/MyDrive/progetto_immunogold/patches/images/SA-MAG_X15k_JEM-1400 Flash_22478_x1120_y1568.png,SA-MAG_X15k_JEM-1400 Flash_22478,ricostruito_da_npy
1.9997673034667969,2,0.0001163482666015625,True,/content/drive/MyDrive/progetto_immunogold/patches/images/SA-MAG_X15k_JEM-1400 Flash_22478_x1120_y1792.png,SA-MAG_X15k_JEM-1400 Flash_22478,ricostruito_da_npy
0.7488318681716919,1,0.2511681318283081,False,/content/drive/MyDrive/progetto_immunogold/patches/images/SA-MAG_X15k_JEM-1400 Flash_22478_x1120_y224.png,SA-MAG_X15k_JEM-1400 Flash_22478,ricostruito_da_npy
1.9956530332565308,2,0.002173483371734619,True,/content/drive/MyDrive/progetto_immunogold/patches/images/SA-MAG_X15k_JEM-1400 Flash_22478_x1120_y448.png,SA-MAG_X15k_JEM-1400 Flash_22478,ricostruito_da_npy
0.0,0,0.0,True,/content/drive/MyDrive/progetto_immunogold/patches/images/SA-MAG_X15k_JEM-1400 Flash_22478_x1120_y672.png,SA-MAG_X15k_JEM-1400 Flash_22478,ricostruito_da_npy
0.0,0,0.0,True,/content/drive/MyDrive/progetto_immunogold/patches/images/SA-MAG_X15k_JEM-1400 Flash_22478_x1120_y896.png,SA-MAG_X15k_JEM-1400 Flash_22478,ricostruito_da_npy
4.834382057189941,5,0.03312358856201172,True,/content/drive/MyDrive/progetto_immunogold/patches/images/SA-MAG_X15k_JEM-1400 Flash_22478_x1344_y0.png,SA-MAG_X15k_JEM-1400 Flash_22478,ricostruito_da_npy
5.748831748962402,6,0.041861375172932945,True,/content/drive/MyDrive/progetto_immunogold/patches/images/SA-MAG_X15k_JEM-1400 Flash_22478_x1344_y1120.png,SA-MAG_X15k_JEM-1400 Flash_22478,ricostruito_da_npy
1.999767541885376,2,0.00011622905731201172,True,/content/drive/MyDrive/progetto_immunogold/patches/images/SA-MAG_X15k_JEM-1400 Flash_22478_x1344_y1344.png,SA-MAG_X15k_JEM-1400 Flash_22478,ricostruito_da_npy
10.665077209472656,11,0.030447526411576706,True,/content/drive/MyDrive/progetto_immunogold/patches/images/SA-MAG_X15k_JEM-1400 Flash_22478_x1344_y1568.png,SA-MAG_X15k_JEM-1400 Flash_22478,ricostruito_da_npy
3.9986178874969482,4,0.00034552812576293945,True,/content/drive/MyDrive/progetto_immunogold/patches/images/SA-MAG_X15k_JEM-1400 Flash_22478_x1344_y1792.png,SA-MAG_X15k_JEM-1400 Flash_22478,ricostruito_da_npy
3.7749826908111572,4,0.05625432729721069,False,/content/drive/MyDrive/progetto_immunogold/patches/images/SA-MAG_X15k_JEM-1400 Flash_22478_x1344_y224.png,SA-MAG_X15k_JEM-1400 Flash_22478,ricostruito_da_npy
0.8998483419418335,1,0.1001516580581665,False,/content/drive/MyDrive/progetto_immunogold/patches/images/SA-MAG_X15k_JEM-1400 Flash_22478_x1344_y448.png,SA-MAG_X15k_JEM-1400 Flash_22478,ricostruito_da_npy
1.9836126565933228,2,0.008193671703338623,True,/content/drive/MyDrive/progetto_immunogold/patches/images/SA-MAG_X15k_JEM-1400 Flash_22478_x1344_y672.png,SA-MAG_X15k_JEM-1400 Flash_22478,ricostruito_da_npy
0.0,0,0.0,True,/content/drive/MyDrive/progetto_immunogold/patches/images/SA-MAG_X15k_JEM-1400 Flash_22478_x1344_y896.png,SA-MAG_X15k_JEM-1400 Flash_22478,ricostruito_da_npy
2.962440013885498,3,0.01251999537150065,True,/content/drive/MyDrive/progetto_immunogold/patches/images/SA-MAG_X15k_JEM-1400 Flash_22478_x1568_y0.png,SA-MAG_X15k_JEM-1400 Flash_22478,ricostruito_da_npy
3.9994072914123535,4,0.0001481771469116211,True,/content/drive/MyDrive/progetto_immunogold/patches/images/SA-MAG_X15k_JEM-1400 Flash_22478_x1568_y1120.png,SA-MAG_X15k_JEM-1400 Flash_22478,ricostruito_da_npy
1.0,1,0.0,True,/content/drive/MyDrive/progetto_immunogold/patches/images/SA-MAG_X15k_JEM-1400 Flash_22478_x1568_y1344.png,SA-MAG_X15k_JEM-1400 Flash_22478,ricostruito_da_npy
14.366229057312012,15,0.04225139617919922,True,/content/drive/MyDrive/progetto_immunogold/patches/images/SA-MAG_X15k_JEM-1400 Flash_22478_x1568_y1568.png,SA-MAG_X15k_JEM-1400 Flash_22478,ricostruito_da_npy
1.99698805809021,2,0.0015059709548950195,True,/content/drive/MyDrive/progetto_immunogold/patches/images/SA-MAG_X15k_JEM-1400 Flash_22478_x1568_y1792.png,SA-MAG_X15k_JEM-1400 Flash_22478,ricostruito_da_npy
2.822741746902466,3,0.05908608436584473,False,/content/drive/MyDrive/progetto_immunogold/patches/images/SA-MAG_X15k_JEM-1400 Flash_22478_x1568_y224.png,SA-MAG_X15k_JEM-1400 Flash_22478,ricostruito_da_npy
3.0,3,0.0,True,/content/drive/MyDrive/progetto_immunogold/patches/images/SA-MAG_X15k_JEM-1400 Flash_22478_x1568_y448.png,SA-MAG_X15k_JEM-1400 Flash_22478,ricostruito_da_npy
0.9615257978439331,1,0.038474202156066895,True,/content/drive/MyDrive/progetto_immunogold/patches/images/SA-MAG_X15k_JEM-1400 Flash_22478_x1568_y672.png,SA-MAG_X15k_JEM-1400 Flash_22478,ricostruito_da_npy
1.748831868171692,2,0.12558406591415405,False,/content/drive/MyDrive/progetto_immunogold/patches/images/SA-MAG_X15k_JEM-1400 Flash_22478_x1568_y896.png,SA-MAG_X15k_JEM-1400 Flash_22478,ricostruito_da_npy
0.0,0,0.0,True,/content/drive/MyDrive/progetto_immunogold/patches/images/SA-MAG_X15k_JEM-1400 Flash_22478_x1792_y0.png,SA-MAG_X15k_JEM-1400 Flash_22478,ricostruito_da_npy
1.9999998807907104,2,5.960464477539063e-08,True,/content/drive/MyDrive/progetto_immunogold/patches/images/SA-MAG_X15k_JEM-1400 Flash_22478_x1792_y1120.png,SA-MAG_X15k_JEM-1400 Flash_22478,ricostruito_da_npy
4.7536396980285645,5,0.04927206039428711,True,/content/drive/MyDrive/progetto_immunogold/patches/images/SA-MAG_X15k_JEM-1400 Flash_22478_x1792_y1344.png,SA-MAG_X15k_JEM-1400 Flash_22478,ricostruito_da_npy
0.993815541267395,1,0.0061844587326049805,True,/content/drive/MyDrive/progetto_immunogold/patches/images/SA-MAG_X15k_JEM-1400 Flash_22478_x1792_y1568.png,SA-MAG_X15k_JEM-1400 Flash_22478,ricostruito_da_npy
0.0,0,0.0,True,/content/drive/MyDrive/progetto_immunogold/patches/images/SA-MAG_X15k_JEM-1400 Flash_22478_x1792_y1792.png,SA-MAG_X15k_JEM-1400 Flash_22478,ricostruito_da_npy
0.0,0,0.0,True,/content/drive/MyDrive/progetto_immunogold/patches/images/SA-MAG_X15k_JEM-1400 Flash_22478_x1792_y224.png,SA-MAG_X15k_JEM-1400 Flash_22478,ricostruito_da_npy
1.0,1,0.0,True,/content/drive/MyDrive/progetto_immunogold/patches/images/SA-MAG_X15k_JEM-1400 Flash_22478_x1792_y448.png,SA-MAG_X15k_JEM-1400 Flash_22478,ricostruito_da_npy
2.0,2,0.0,True,/content/drive/MyDrive/progetto_immunogold/patches/images/SA-MAG_X15k_JEM-1400 Flash_22478_x1792_y672.png,SA-MAG_X15k_JEM-1400 Flash_22478,ricostruito_da_npy
0.9994072318077087,1,0.0005927681922912598,True,/content/drive/MyDrive/progetto_immunogold/patches/images/SA-MAG_X15k_JEM-1400 Flash_22478_x1792_y896.png,SA-MAG_X15k_JEM-1400 Flash_22478,ricostruito_da_npy
0.0,0,0.0,True,/content/drive/MyDrive/progetto_immunogold/patches/images/SA-MAG_X15k_JEM-1400 Flash_22478_x224_y0.png,SA-MAG_X15k_JEM-1400 Flash_22478,ricostruito_da_npy
0.0,0,0.0,True,/content/drive/MyDrive/progetto_immunogold/patches/images/SA-MAG_X15k_JEM-1400 Flash_22478_x224_y1120.png,SA-MAG_X15k_JEM-1400 Flash_22478,ricostruito_da_npy
0.991323709487915,2,0.5043381452560425,False,/content/drive/MyDrive/progetto_immunogold/patches/images/SA-MAG_X15k_JEM-1400 Flash_22478_x224_y1344.png,SA-MAG_X15k_JEM-1400 Flash_22478,ricostruito_da_npy
3.9276371002197266,4,0.01809072494506836,True,/content/drive/MyDrive/progetto_immunogold/patches/images/SA-MAG_X15k_JEM-1400 Flash_22478_x224_y1568.png,SA-MAG_X15k_JEM-1400 Flash_22478,ricostruito_da_npy
2.936328411102295,3,0.02122386296590169,True,/content/drive/MyDrive/progetto_immunogold/patches/images/SA-MAG_X15k_JEM-1400 Flash_22478_x224_y1792.png,SA-MAG_X15k_JEM-1400 Flash_22478,ricostruito_da_npy
0.0,0,0.0,True,/content/drive/MyDrive/progetto_immunogold/patches/images/SA-MAG_X15k_JEM-1400 Flash_22478_x224_y224.png,SA-MAG_X15k_JEM-1400 Flash_22478,ricostruito_da_npy
1.0000001192092896,1,1.1920928955078125e-07,True,/content/drive/MyDrive/progetto_immunogold/patches/images/SA-MAG_X15k_JEM-1400 Flash_22478_x224_y448.png,SA-MAG_X15k_JEM-1400 Flash_22478,ricostruito_da_npy
1.0,1,0.0,True,/content/drive/MyDrive/progetto_immunogold/patches/images/SA-MAG_X15k_JEM-1400 Flash_22478_x224_y672.png,SA-MAG_X15k_JEM-1400 Flash_22478,ricostruito_da_npy
1.0,1,0.0,True,/content/drive/MyDrive/progetto_immunogold/patches/images/SA-MAG_X15k_JEM-1400 Flash_22478_x224_y896.png,SA-MAG_X15k_JEM-1400 Flash_22478,ricostruito_da_npy
0.0,0,0.0,True,/content/drive/MyDrive/progetto_immunogold/patches/images/SA-MAG_X15k_JEM-1400 Flash_22478_x448_y0.png,SA-MAG_X15k_JEM-1400 Flash_22478,ricostruito_da_npy
1.6965532302856445,2,0.15172338485717773,False,/content/drive/MyDrive/progetto_immunogold/patches/images/SA-MAG_X15k_JEM-1400 Flash_22478_x448_y1120.png,SA-MAG_X15k_JEM-1400 Flash_22478,ricostruito_da_npy
11.995161056518555,12,0.0004032452901204427,True,/content/drive/MyDrive/progetto_immunogold/patches/images/SA-MAG_X15k_JEM-1400 Flash_22478_x448_y1344.png,SA-MAG_X15k_JEM-1400 Flash_22478,ricostruito_da_npy
7.567227840423584,8,0.054096519947052,False,/content/drive/MyDrive/progetto_immunogold/patches/images/SA-MAG_X15k_JEM-1400 Flash_22478_x448_y1568.png,SA-MAG_X15k_JEM-1400 Flash_22478,ricostruito_da_npy
1.9999849796295166,2,7.510185241699219e-06,True,/content/drive/MyDrive/progetto_immunogold/patches/images/SA-MAG_X15k_JEM-1400 Flash_22478_x448_y1792.png,SA-MAG_X15k_JEM-1400 Flash_22478,ricostruito_da_npy
0.0,0,0.0,True,/content/drive/MyDrive/progetto_immunogold/patches/images/SA-MAG_X15k_JEM-1400 Flash_22478_x448_y224.png,SA-MAG_X15k_JEM-1400 Flash_22478,ricostruito_da_npy
0.0,0,0.0,True,/content/drive/MyDrive/progetto_immunogold/patches/images/SA-MAG_X15k_JEM-1400 Flash_22478_x448_y448.png,SA-MAG_X15k_JEM-1400 Flash_22478,ricostruito_da_npy
0.0,0,0.0,True,/content/drive/MyDrive/progetto_immunogold/patches/images/SA-MAG_X15k_JEM-1400 Flash_22478_x448_y672.png,SA-MAG_X15k_JEM-1400 Flash_22478,ricostruito_da_npy
0.0,0,0.0,True,/content/drive/MyDrive/progetto_immunogold/patches/images/SA-MAG_X15k_JEM-1400 Flash_22478_x448_y896.png,SA-MAG_X15k_JEM-1400 Flash_22478,ricostruito_da_npy
0.9501861333847046,1,0.04981386661529541,True,/content/drive/MyDrive/progetto_immunogold/patches/images/SA-MAG_X15k_JEM-1400 Flash_22478_x672_y0.png,SA-MAG_X15k_JEM-1400 Flash_22478,ricostruito_da_npy
1.9986181259155273,2,0.0006909370422363281,True,/content/drive/MyDrive/progetto_immunogold/patches/images/SA-MAG_X15k_JEM-1400 Flash_22478_x672_y1120.png,SA-MAG_X15k_JEM-1400 Flash_22478,ricostruito_da_npy
0.7860491871833801,1,0.21395081281661987,False,/content/drive/MyDrive/progetto_immunogold/patches/images/SA-MAG_X15k_JEM-1400 Flash_22478_x672_y1344.png,SA-MAG_X15k_JEM-1400 Flash_22478,ricostruito_da_npy
4.924437999725342,5,0.01511240005493164,True,/content/drive/MyDrive/progetto_immunogold/patches/images/SA-MAG_X15k_JEM-1400 Flash_22478_x672_y1568.png,SA-MAG_X15k_JEM-1400 Flash_22478,ricostruito_da_npy
2.0,2,0.0,True,/content/drive/MyDrive/progetto_immunogold/patches/images/SA-MAG_X15k_JEM-1400 Flash_22478_x672_y1792.png,SA-MAG_X15k_JEM-1400 Flash_22478,ricostruito_da_npy
0.9879946112632751,1,0.012005388736724854,True,/content/drive/MyDrive/progetto_immunogold/patches/images/SA-MAG_X15k_JEM-1400 Flash_22478_x672_y224.png,SA-MAG_X15k_JEM-1400 Flash_22478,ricostruito_da_npy
0.0,0,0.0,True,/content/drive/MyDrive/progetto_immunogold/patches/images/SA-MAG_X15k_JEM-1400 Flash_22478_x672_y448.png,SA-MAG_X15k_JEM-1400 Flash_22478,ricostruito_da_npy
0.0,0,0.0,True,/content/drive/MyDrive/progetto_immunogold/patches/images/SA-MAG_X15k_JEM-1400 Flash_22478_x672_y672.png,SA-MAG_X15k_JEM-1400 Flash_22478,ricostruito_da_npy
1.0,1,0.0,True,/content/drive/MyDrive/progetto_immunogold/patches/images/SA-MAG_X15k_JEM-1400 Flash_22478_x672_y896.png,SA-MAG_X15k_JEM-1400 Flash_22478,ricostruito_da_npy
0.0,0,0.0,True,/content/drive/MyDrive/progetto_immunogold/patches/images/SA-MAG_X15k_JEM-1400 Flash_22478_x896_y0.png,SA-MAG_X15k_JEM-1400 Flash_22478,ricostruito_da_npy
0.8500695824623108,1,0.1499304175376892,False,/content/drive/MyDrive/progetto_immunogold/patches/images/SA-MAG_X15k_JEM-1400 Flash_22478_x896_y1120.png,SA-MAG_X15k_JEM-1400 Flash_22478,ricostruito_da_npy
0.0,0,0.0,True,/content/drive/MyDrive/progetto_immunogold/patches/images/SA-MAG_X15k_JEM-1400 Flash_22478_x896_y1344.png,SA-MAG_X15k_JEM-1400 Flash_22478,ricostruito_da_npy
2.0,2,0.0,True,/content/drive/MyDrive/progetto_immunogold/patches/images/SA-MAG_X15k_JEM-1400 Flash_22478_x896_y1568.png,SA-MAG_X15k_JEM-1400 Flash_22478,ricostruito_da_npy
0.9998615384101868,1,0.00013846158981323242,True,/content/drive/MyDrive/progetto_immunogold/patches/images/SA-MAG_X15k_JEM-1400 Flash_22478_x896_y1792.png,SA-MAG_X15k_JEM-1400 Flash_22478,ricostruito_da_npy
1.0,1,0.0,True,/content/drive/MyDrive/progetto_immunogold/patches/images/SA-MAG_X15k_JEM-1400 Flash_22478_x896_y224.png,SA-MAG_X15k_JEM-1400 Flash_22478,ricostruito_da_npy
1.970667839050293,2,0.014666080474853516,True,/content/drive/MyDrive/progetto_immunogold/patches/images/SA-MAG_X15k_JEM-1400 Flash_22478_x896_y448.png,SA-MAG_X15k_JEM-1400 Flash_22478,ricostruito_da_npy
1.9779295921325684,2,0.01103520393371582,True,/content/drive/MyDrive/progetto_immunogold/patches/images/SA-MAG_X15k_JEM-1400 Flash_22478_x896_y672.png,SA-MAG_X15k_JEM-1400 Flash_22478,ricostruito_da_npy
2.997943878173828,3,0.0006853739420572916,True,/content/drive/MyDrive/progetto_immunogold/patches/images/SA-MAG_X15k_JEM-1400 Flash_22478_x896_y896.png,SA-MAG_X15k_JEM-1400 Flash_22478,ricostruito_da_npy
0.46411454677581787,1,0.5358854532241821,False,/content/drive/MyDrive/progetto_immunogold/patches/images/SA-MAG_X15k_JEM-1400 Flash_22598_x0_y0.png,SA-MAG_X15k_JEM-1400 Flash_22598,ricostruito_da_npy
3.517799139022827,4,0.12055021524429321,False,/content/drive/MyDrive/progetto_immunogold/patches/images/SA-MAG_X15k_JEM-1400 Flash_22598_x0_y1120.png,SA-MAG_X15k_JEM-1400 Flash_22598,ricostruito_da_npy
2.524118423461914,3,0.15862719217936197,False,/content/drive/MyDrive/progetto_immunogold/patches/images/SA-MAG_X15k_JEM-1400 Flash_22598_x0_y1344.png,SA-MAG_X15k_JEM-1400 Flash_22598,ricostruito_da_npy
4.6032609939575195,5,0.07934780120849609,False,/content/drive/MyDrive/progetto_immunogold/patches/images/SA-MAG_X15k_JEM-1400 Flash_22598_x0_y1568.png,SA-MAG_X15k_JEM-1400 Flash_22598,ricostruito_da_npy
3.5094761848449707,4,0.12263095378875732,False,/content/drive/MyDrive/progetto_immunogold/patches/images/SA-MAG_X15k_JEM-1400 Flash_22598_x0_y1792.png,SA-MAG_X15k_JEM-1400 Flash_22598,ricostruito_da_npy
2.7486891746520996,3,0.0837702751159668,False,/content/drive/MyDrive/progetto_immunogold/patches/images/SA-MAG_X15k_JEM-1400 Flash_22598_x0_y224.png,SA-MAG_X15k_JEM-1400 Flash_22598,ricostruito_da_npy
0.0,0,0.0,True,/content/drive/MyDrive/progetto_immunogold/patches/images/SA-MAG_X15k_JEM-1400 Flash_22598_x0_y448.png,SA-MAG_X15k_JEM-1400 Flash_22598,ricostruito_da_npy
0.0,0,0.0,True,/content/drive/MyDrive/progetto_immunogold/patches/images/SA-MAG_X15k_JEM-1400 Flash_22598_x0_y672.png,SA-MAG_X15k_JEM-1400 Flash_22598,ricostruito_da_npy
1.628088355064392,2,0.18595582246780396,False,/content/drive/MyDrive/progetto_immunogold/patches/images/SA-MAG_X15k_JEM-1400 Flash_22598_x0_y896.png,SA-MAG_X15k_JEM-1400 Flash_22598,ricostruito_da_npy
0.0,0,0.0,True,/content/drive/MyDrive/progetto_immunogold/patches/images/SA-MAG_X15k_JEM-1400 Flash_22598_x1120_y0.png,SA-MAG_X15k_JEM-1400 Flash_22598,ricostruito_da_npy
1.9836126565933228,2,0.008193671703338623,True,/content/drive/MyDrive/progetto_immunogold/patches/images/SA-MAG_X15k_JEM-1400 Flash_22598_x1120_y1120.png,SA-MAG_X15k_JEM-1400 Flash_22598,ricostruito_da_npy
5.0,5,0.0,True,/content/drive/MyDrive/progetto_immunogold/patches/images/SA-MAG_X15k_JEM-1400 Flash_22598_x1120_y1344.png,SA-MAG_X15k_JEM-1400 Flash_22598,ricostruito_da_npy
1.0,1,0.0,True,/content/drive/MyDrive/progetto_immunogold/patches/images/SA-MAG_X15k_JEM-1400 Flash_22598_x1120_y1568.png,SA-MAG_X15k_JEM-1400 Flash_22598,ricostruito_da_npy
1.899848222732544,2,0.05007588863372803,False,/content/drive/MyDrive/progetto_immunogold/patches/images/SA-MAG_X15k_JEM-1400 Flash_22598_x1120_y1792.png,SA-MAG_X15k_JEM-1400 Flash_22598,ricostruito_da_npy
0.0,0,0.0,True,/content/drive/MyDrive/progetto_immunogold/patches/images/SA-MAG_X15k_JEM-1400 Flash_22598_x1120_y224.png,SA-MAG_X15k_JEM-1400 Flash_22598,ricostruito_da_npy
0.0,0,0.0,True,/content/drive/MyDrive/progetto_immunogold/patches/images/SA-MAG_X15k_JEM-1400 Flash_22598_x1120_y448.png,SA-MAG_X15k_JEM-1400 Flash_22598,ricostruito_da_npy
2.991323709487915,3,0.002892096837361654,True,/content/drive/MyDrive/progetto_immunogold/patches/images/SA-MAG_X15k_JEM-1400 Flash_22598_x1120_y672.png,SA-MAG_X15k_JEM-1400 Flash_22598,ricostruito_da_npy
2.936328411102295,3,0.02122386296590169,True,/content/drive/MyDrive/progetto_immunogold/patches/images/SA-MAG_X15k_JEM-1400 Flash_22598_x1120_y896.png,SA-MAG_X15k_JEM-1400 Flash_22598,ricostruito_da_npy
0.0,0,0.0,True,/content/drive/MyDrive/progetto_immunogold/patches/images/SA-MAG_X15k_JEM-1400 Flash_22598_x1344_y0.png,SA-MAG_X15k_JEM-1400 Flash_22598,ricostruito_da_npy
3.9615256786346436,4,0.009618580341339111,True,/content/drive/MyDrive/progetto_immunogold/patches/images/SA-MAG_X15k_JEM-1400 Flash_22598_x1344_y1120.png,SA-MAG_X15k_JEM-1400 Flash_22598,ricostruito_da_npy
3.0,3,0.0,True,/content/drive/MyDrive/progetto_immunogold/patches/images/SA-MAG_X15k_JEM-1400 Flash_22598_x1344_y1344.png,SA-MAG_X15k_JEM-1400 Flash_22598,ricostruito_da_npy
1.819840908050537,2,0.09007954597473145,False,/content/drive/MyDrive/progetto_immunogold/patches/images/SA-MAG_X15k_JEM-1400 Flash_22598_x1344_y1568.png,SA-MAG_X15k_JEM-1400 Flash_22598,ricostruito_da_npy
0.0,0,0.0,True,/content/drive/MyDrive/progetto_immunogold/patches/images/SA-MAG_X15k_JEM-1400 Flash_22598_x1344_y1792.png,SA-MAG_X15k_JEM-1400 Flash_22598,ricostruito_da_npy
0.0,0,0.0,True,/content/drive/MyDrive/progetto_immunogold/patches/images/SA-MAG_X15k_JEM-1400 Flash_22598_x1344_y224.png,SA-MAG_X15k_JEM-1400 Flash_22598,ricostruito_da_npy
0.0,0,0.0,True,/content/drive/MyDrive/progetto_immunogold/patches/images/SA-MAG_X15k_JEM-1400 Flash_22598_x1344_y448.png,SA-MAG_X15k_JEM-1400 Flash_22598,ricostruito_da_npy
0.0,0,0.0,True,/content/drive/MyDrive/progetto_immunogold/patches/images/SA-MAG_X15k_JEM-1400 Flash_22598_x1344_y672.png,SA-MAG_X15k_JEM-1400 Flash_22598,ricostruito_da_npy
0.0,0,0.0,True,/content/drive/MyDrive/progetto_immunogold/patches/images/SA-MAG_X15k_JEM-1400 Flash_22598_x1344_y896.png,SA-MAG_X15k_JEM-1400 Flash_22598,ricostruito_da_npy
0.0,0,0.0,True,/content/drive/MyDrive/progetto_immunogold/patches/images/SA-MAG_X15k_JEM-1400 Flash_22598_x1568_y0.png,SA-MAG_X15k_JEM-1400 Flash_22598,ricostruito_da_npy
1.0,1,0.0,True,/content/drive/MyDrive/progetto_immunogold/patches/images/SA-MAG_X15k_JEM-1400 Flash_22598_x1568_y1120.png,SA-MAG_X15k_JEM-1400 Flash_22598,ricostruito_da_npy
2.9615259170532227,3,0.012824694315592447,True,/content/drive/MyDrive/progetto_immunogold/patches/images/SA-MAG_X15k_JEM-1400 Flash_22598_x1568_y1344.png,SA-MAG_X15k_JEM-1400 Flash_22598,ricostruito_da_npy
11.98219108581543,12,0.0014840761820475261,True,/content/drive/MyDrive/progetto_immunogold/patches/images/SA-MAG_X15k_JEM-1400 Flash_22598_x1568_y1568.png,SA-MAG_X15k_JEM-1400 Flash_22598,ricostruito_da_npy
1.0,1,0.0,True,/content/drive/MyDrive/progetto_immunogold/patches/images/SA-MAG_X15k_JEM-1400 Flash_22598_x1568_y1792.png,SA-MAG_X15k_JEM-1400 Flash_22598,ricostruito_da_npy
0.0,0,0.0,True,/content/drive/MyDrive/progetto_immunogold/patches/images/SA-MAG_X15k_JEM-1400 Flash_22598_x1568_y224.png,SA-MAG_X15k_JEM-1400 Flash_22598,ricostruito_da_npy
0.0,0,0.0,True,/content/drive/MyDrive/progetto_immunogold/patches/images/SA-MAG_X15k_JEM-1400 Flash_22598_x1568_y448.png,SA-MAG_X15k_JEM-1400 Flash_22598,ricostruito_da_npy
0.0,0,0.0,True,/content/drive/MyDrive/progetto_immunogold/patches/images/SA-MAG_X15k_JEM-1400 Flash_22598_x1568_y672.png,SA-MAG_X15k_JEM-1400 Flash_22598,ricostruito_da_npy
4.0,4,0.0,True,/content/drive/MyDrive/progetto_immunogold/patches/images/SA-MAG_X15k_JEM-1400 Flash_22598_x1568_y896.png,SA-MAG_X15k_JEM-1400 Flash_22598,ricostruito_da_npy
0.0,0,0.0,True,/content/drive/MyDrive/progetto_immunogold/patches/images/SA-MAG_X15k_JEM-1400 Flash_22598_x1792_y0.png,SA-MAG_X15k_JEM-1400 Flash_22598,ricostruito_da_npy
1.0,1,0.0,True,/content/drive/MyDrive/progetto_immunogold/patches/images/SA-MAG_X15k_JEM-1400 Flash_22598_x1792_y1120.png,SA-MAG_X15k_JEM-1400 Flash_22598,ricostruito_da_npy
6.983612060546875,7,0.0023411342075892855,True,/content/drive/MyDrive/progetto_immunogold/patches/images/SA-MAG_X15k_JEM-1400 Flash_22598_x1792_y1344.png,SA-MAG_X15k_JEM-1400 Flash_22598,ricostruito_da_npy
3.9571785926818848,4,0.010705351829528809,True,/content/drive/MyDrive/progetto_immunogold/patches/images/SA-MAG_X15k_JEM-1400 Flash_22598_x1792_y1568.png,SA-MAG_X15k_JEM-1400 Flash_22598,ricostruito_da_npy
0.899848222732544,1,0.10015177726745605,False,/content/drive/MyDrive/progetto_immunogold/patches/images/SA-MAG_X15k_JEM-1400 Flash_22598_x1792_y1792.png,SA-MAG_X15k_JEM-1400 Flash_22598,ricostruito_da_npy
0.0,0,0.0,True,/content/drive/MyDrive/progetto_immunogold/patches/images/SA-MAG_X15k_JEM-1400 Flash_22598_x1792_y224.png,SA-MAG_X15k_JEM-1400 Flash_22598,ricostruito_da_npy
0.0,0,0.0,True,/content/drive/MyDrive/progetto_immunogold/patches/images/SA-MAG_X15k_JEM-1400 Flash_22598_x1792_y448.png,SA-MAG_X15k_JEM-1400 Flash_22598,ricostruito_da_npy
0.0,0,0.0,True,/content/drive/MyDrive/progetto_immunogold/patches/images/SA-MAG_X15k_JEM-1400 Flash_22598_x1792_y672.png,SA-MAG_X15k_JEM-1400 Flash_22598,ricostruito_da_npy
2.0,2,0.0,True,/content/drive/MyDrive/progetto_immunogold/patches/images/SA-MAG_X15k_JEM-1400 Flash_22598_x1792_y896.png,SA-MAG_X15k_JEM-1400 Flash_22598,ricostruito_da_npy
0.0,0,0.0,True,/content/drive/MyDrive/progetto_immunogold/patches/images/SA-MAG_X15k_JEM-1400 Flash_22598_x224_y0.png,SA-MAG_X15k_JEM-1400 Flash_22598,ricostruito_da_npy
0.0,0,0.0,True,/content/drive/MyDrive/progetto_immunogold/patches/images/SA-MAG_X15k_JEM-1400 Flash_22598_x224_y1120.png,SA-MAG_X15k_JEM-1400 Flash_22598,ricostruito_da_npy
0.0,0,0.0,True,/content/drive/MyDrive/progetto_immunogold/patches/images/SA-MAG_X15k_JEM-1400 Flash_22598_x224_y1344.png,SA-MAG_X15k_JEM-1400 Flash_22598,ricostruito_da_npy
4.961392402648926,5,0.007721519470214844,True,/content/drive/MyDrive/progetto_immunogold/patches/images/SA-MAG_X15k_JEM-1400 Flash_22598_x224_y1568.png,SA-MAG_X15k_JEM-1400 Flash_22598,ricostruito_da_npy
3.5155816078186035,4,0.12110459804534912,False,/content/drive/MyDrive/progetto_immunogold/patches/images/SA-MAG_X15k_JEM-1400 Flash_22598_x224_y1792.png,SA-MAG_X15k_JEM-1400 Flash_22598,ricostruito_da_npy
3.9956531524658203,4,0.0010867118835449219,True,/content/drive/MyDrive/progetto_immunogold/patches/images/SA-MAG_X15k_JEM-1400 Flash_22598_x224_y224.png,SA-MAG_X15k_JEM-1400 Flash_22598,ricostruito_da_npy
0.899848222732544,1,0.10015177726745605,False,/content/drive/MyDrive/progetto_immunogold/patches/images/SA-MAG_X15k_JEM-1400 Flash_22598_x224_y448.png,SA-MAG_X15k_JEM-1400 Flash_22598,ricostruito_da_npy
1.0,1,0.0,True,/content/drive/MyDrive/progetto_immunogold/patches/images/SA-MAG_X15k_JEM-1400 Flash_22598_x224_y672.png,SA-MAG_X15k_JEM-1400 Flash_22598,ricostruito_da_npy
0.0,0,0.0,True,/content/drive/MyDrive/progetto_immunogold/patches/images/SA-MAG_X15k_JEM-1400 Flash_22598_x224_y896.png,SA-MAG_X15k_JEM-1400 Flash_22598,ricostruito_da_npy
0.0,0,0.0,True,/content/drive/MyDrive/progetto_immunogold/patches/images/SA-MAG_X15k_JEM-1400 Flash_22598_x448_y0.png,SA-MAG_X15k_JEM-1400 Flash_22598,ricostruito_da_npy
0.0,0,0.0,True,/content/drive/MyDrive/progetto_immunogold/patches/images/SA-MAG_X15k_JEM-1400 Flash_22598_x448_y1120.png,SA-MAG_X15k_JEM-1400 Flash_22598,ricostruito_da_npy
2.9663209915161133,3,0.011226336161295572,True,/content/drive/MyDrive/progetto_immunogold/patches/images/SA-MAG_X15k_JEM-1400 Flash_22598_x448_y1344.png,SA-MAG_X15k_JEM-1400 Flash_22598,ricostruito_da_npy
2.9779293537139893,3,0.007356882095336914,True,/content/drive/MyDrive/progetto_immunogold/patches/images/SA-MAG_X15k_JEM-1400 Flash_22598_x448_y1568.png,SA-MAG_X15k_JEM-1400 Flash_22598,ricostruito_da_npy
1.9979437589645386,2,0.0010281205177307129,True,/content/drive/MyDrive/progetto_immunogold/patches/images/SA-MAG_X15k_JEM-1400 Flash_22598_x448_y1792.png,SA-MAG_X15k_JEM-1400 Flash_22598,ricostruito_da_npy
0.0,0,0.0,True,/content/drive/MyDrive/progetto_immunogold/patches/images/SA-MAG_X15k_JEM-1400 Flash_22598_x448_y224.png,SA-MAG_X15k_JEM-1400 Flash_22598,ricostruito_da_npy
4.995652675628662,5,0.0008694648742675782,True,/content/drive/MyDrive/progetto_immunogold/patches/images/SA-MAG_X15k_JEM-1400 Flash_22598_x448_y448.png,SA-MAG_X15k_JEM-1400 Flash_22598,ricostruito_da_npy
0.0,0,0.0,True,/content/drive/MyDrive/progetto_immunogold/patches/images/SA-MAG_X15k_JEM-1400 Flash_22598_x448_y672.png,SA-MAG_X15k_JEM-1400 Flash_22598,ricostruito_da_npy
0.0,0,0.0,True,/content/drive/MyDrive/progetto_immunogold/patches/images/SA-MAG_X15k_JEM-1400 Flash_22598_x448_y896.png,SA-MAG_X15k_JEM-1400 Flash_22598,ricostruito_da_npy
0.0,0,0.0,True,/content/drive/MyDrive/progetto_immunogold/patches/images/SA-MAG_X15k_JEM-1400 Flash_22598_x672_y0.png,SA-MAG_X15k_JEM-1400 Flash_22598,ricostruito_da_npy
1.9956529140472412,2,0.0021735429763793945,True,/content/drive/MyDrive/progetto_immunogold/patches/images/SA-MAG_X15k_JEM-1400 Flash_22598_x672_y1120.png,SA-MAG_X15k_JEM-1400 Flash_22598,ricostruito_da_npy
4.797640800476074,5,0.04047183990478516,True,/content/drive/MyDrive/progetto_immunogold/patches/images/SA-MAG_X15k_JEM-1400 Flash_22598_x672_y1344.png,SA-MAG_X15k_JEM-1400 Flash_22598,ricostruito_da_npy
3.4602653980255127,4,0.13493365049362183,False,/content/drive/MyDrive/progetto_immunogold/patches/images/SA-MAG_X15k_JEM-1400 Flash_22598_x672_y1568.png,SA-MAG_X15k_JEM-1400 Flash_22598,ricostruito_da_npy
8.840838432312012,9,0.0176846186319987,True,/content/drive/MyDrive/progetto_immunogold/patches/images/SA-MAG_X15k_JEM-1400 Flash_22598_x672_y1792.png,SA-MAG_X15k_JEM-1400 Flash_22598,ricostruito_da_npy
0.0,0,0.0,True,/content/drive/MyDrive/progetto_immunogold/patches/images/SA-MAG_X15k_JEM-1400 Flash_22598_x672_y224.png,SA-MAG_X15k_JEM-1400 Flash_22598,ricostruito_da_npy
0.899848222732544,1,0.10015177726745605,False,/content/drive/MyDrive/progetto_immunogold/patches/images/SA-MAG_X15k_JEM-1400 Flash_22598_x672_y448.png,SA-MAG_X15k_JEM-1400 Flash_22598,ricostruito_da_npy
1.4492933750152588,2,0.2753533124923706,False,/content/drive/MyDrive/progetto_immunogold/patches/images/SA-MAG_X15k_JEM-1400 Flash_22598_x672_y672.png,SA-MAG_X15k_JEM-1400 Flash_22598,ricostruito_da_npy
0.9999222755432129,1,7.772445678710938e-05,True,/content/drive/MyDrive/progetto_immunogold/patches/images/SA-MAG_X15k_JEM-1400 Flash_22598_x672_y896.png,SA-MAG_X15k_JEM-1400 Flash_22598,ricostruito_da_npy
0.0,0,0.0,True,/content/drive/MyDrive/progetto_immunogold/patches/images/SA-MAG_X15k_JEM-1400 Flash_22598_x896_y0.png,SA-MAG_X15k_JEM-1400 Flash_22598,ricostruito_da_npy
1.0,1,0.0,True,/content/drive/MyDrive/progetto_immunogold/patches/images/SA-MAG_X15k_JEM-1400 Flash_22598_x896_y1120.png,SA-MAG_X15k_JEM-1400 Flash_22598,ricostruito_da_npy
1.850069522857666,2,0.07496523857116699,False,/content/drive/MyDrive/progetto_immunogold/patches/images/SA-MAG_X15k_JEM-1400 Flash_22598_x896_y1344.png,SA-MAG_X15k_JEM-1400 Flash_22598,ricostruito_da_npy
2.373713254928589,3,0.20876224835713705,False,/content/drive/MyDrive/progetto_immunogold/patches/images/SA-MAG_X15k_JEM-1400 Flash_22598_x896_y1568.png,SA-MAG_X15k_JEM-1400 Flash_22598,ricostruito_da_npy
6.995143413543701,7,0.0006937980651855469,True,/content/drive/MyDrive/progetto_immunogold/patches/images/SA-MAG_X15k_JEM-1400 Flash_22598_x896_y1792.png,SA-MAG_X15k_JEM-1400 Flash_22598,ricostruito_da_npy
0.0,0,0.0,True,/content/drive/MyDrive/progetto_immunogold/patches/images/SA-MAG_X15k_JEM-1400 Flash_22598_x896_y224.png,SA-MAG_X15k_JEM-1400 Flash_22598,ricostruito_da_npy
0.0,0,0.0,True,/content/drive/MyDrive/progetto_immunogold/patches/images/SA-MAG_X15k_JEM-1400 Flash_22598_x896_y448.png,SA-MAG_X15k_JEM-1400 Flash_22598,ricostruito_da_npy
2.996988296508789,3,0.0010039011637369792,True,/content/drive/MyDrive/progetto_immunogold/patches/images/SA-MAG_X15k_JEM-1400 Flash_22598_x896_y672.png,SA-MAG_X15k_JEM-1400 Flash_22598,ricostruito_da_npy
1.0,1,0.0,True,/content/drive/MyDrive/progetto_immunogold/patches/images/SA-MAG_X15k_JEM-1400 Flash_22598_x896_y896.png,SA-MAG_X15k_JEM-1400 Flash_22598,ricostruito_da_npy
0.0,0,0.0,True,/content/drive/MyDrive/progetto_immunogold/patches/images/SA-MAG_X20k_JEM-1400 Flash_22447_x0_y0.png,SA-MAG_X20k_JEM-1400 Flash_22447,ricostruito_da_npy
0.8480320572853088,1,0.15196794271469116,False,/content/drive/MyDrive/progetto_immunogold/patches/images/SA-MAG_X20k_JEM-1400 Flash_22447_x0_y1120.png,SA-MAG_X20k_JEM-1400 Flash_22447,ricostruito_da_npy
5.9996337890625,6,6.103515625e-05,True,/content/drive/MyDrive/progetto_immunogold/patches/images/SA-MAG_X20k_JEM-1400 Flash_22447_x0_y1344.png,SA-MAG_X20k_JEM-1400 Flash_22447,ricostruito_da_npy
9.699210166931152,10,0.030078983306884764,True,/content/drive/MyDrive/progetto_immunogold/patches/images/SA-MAG_X20k_JEM-1400 Flash_22447_x0_y1568.png,SA-MAG_X20k_JEM-1400 Flash_22447,ricostruito_da_npy
0.0,0,0.0,True,/content/drive/MyDrive/progetto_immunogold/patches/images/SA-MAG_X20k_JEM-1400 Flash_22447_x0_y224.png,SA-MAG_X20k_JEM-1400 Flash_22447,ricostruito_da_npy
0.0,0,0.0,True,/content/drive/MyDrive/progetto_immunogold/patches/images/SA-MAG_X20k_JEM-1400 Flash_22447_x0_y448.png,SA-MAG_X20k_JEM-1400 Flash_22447,ricostruito_da_npy
1.0,1,0.0,True,/content/drive/MyDrive/progetto_immunogold/patches/images/SA-MAG_X20k_JEM-1400 Flash_22447_x0_y672.png,SA-MAG_X20k_JEM-1400 Flash_22447,ricostruito_da_npy
0.0,0,0.0,True,/content/drive/MyDrive/progetto_immunogold/patches/images/SA-MAG_X20k_JEM-1400 Flash_22447_x0_y896.png,SA-MAG_X20k_JEM-1400 Flash_22447,ricostruito_da_npy
0.0,0,0.0,True,/content/drive/MyDrive/progetto_immunogold/patches/images/SA-MAG_X20k_JEM-1400 Flash_22447_x1120_y0.png,SA-MAG_X20k_JEM-1400 Flash_22447,ricostruito_da_npy
3.731318950653076,4,0.06717026233673096,False,/content/drive/MyDrive/progetto_immunogold/patches/images/SA-MAG_X20k_JEM-1400 Flash_22447_x1120_y1120.png,SA-MAG_X20k_JEM-1400 Flash_22447,ricostruito_da_npy
2.864865303039551,3,0.045044898986816406,True,/content/drive/MyDrive/progetto_immunogold/patches/images/SA-MAG_X20k_JEM-1400 Flash_22447_x1120_y1344.png,SA-MAG_X20k_JEM-1400 Flash_22447,ricostruito_da_npy
5.529602527618408,6,0.0783995787302653,False,/content/drive/MyDrive/progetto_immunogold/patches/images/SA-MAG_X20k_JEM-1400 Flash_22447_x1120_y1568.png,SA-MAG_X20k_JEM-1400 Flash_22447,ricostruito_da_npy
0.0,0,0.0,True,/content/drive/MyDrive/progetto_immunogold/patches/images/SA-MAG_X20k_JEM-1400 Flash_22447_x1120_y224.png,SA-MAG_X20k_JEM-1400 Flash_22447,ricostruito_da_npy
0.0,0,0.0,True,/content/drive/MyDrive/progetto_immunogold/patches/images/SA-MAG_X20k_JEM-1400 Flash_22447_x1120_y448.png,SA-MAG_X20k_JEM-1400 Flash_22447,ricostruito_da_npy
0.0,0,0.0,True,/content/drive/MyDrive/progetto_immunogold/patches/images/SA-MAG_X20k_JEM-1400 Flash_22447_x1120_y672.png,SA-MAG_X20k_JEM-1400 Flash_22447,ricostruito_da_npy
2.8110697269439697,3,0.06297675768534343,False,/content/drive/MyDrive/progetto_immunogold/patches/images/SA-MAG_X20k_JEM-1400 Flash_22447_x1120_y896.png,SA-MAG_X20k_JEM-1400 Flash_22447,ricostruito_da_npy
0.0,0,0.0,True,/content/drive/MyDrive/progetto_immunogold/patches/images/SA-MAG_X20k_JEM-1400 Flash_22447_x1344_y0.png,SA-MAG_X20k_JEM-1400 Flash_22447,ricostruito_da_npy
0.0,0,0.0,True,/content/drive/MyDrive/progetto_immunogold/patches/images/SA-MAG_X20k_JEM-1400 Flash_22447_x1344_y1120.png,SA-MAG_X20k_JEM-1400 Flash_22447,ricostruito_da_npy
0.0,0,0.0,True,/content/drive/MyDrive/progetto_immunogold/patches/images/SA-MAG_X20k_JEM-1400 Flash_22447_x1344_y1344.png,SA-MAG_X20k_JEM-1400 Flash_22447,ricostruito_da_npy
0.0,0,0.0,True,/content/drive/MyDrive/progetto_immunogold/patches/images/SA-MAG_X20k_JEM-1400 Flash_22447_x1344_y1568.png,SA-MAG_X20k_JEM-1400 Flash_22447,ricostruito_da_npy
0.0,0,0.0,True,/content/drive/MyDrive/progetto_immunogold/patches/images/SA-MAG_X20k_JEM-1400 Flash_22447_x1344_y224.png,SA-MAG_X20k_JEM-1400 Flash_22447,ricostruito_da_npy
0.0,0,0.0,True,/content/drive/MyDrive/progetto_immunogold/patches/images/SA-MAG_X20k_JEM-1400 Flash_22447_x1344_y448.png,SA-MAG_X20k_JEM-1400 Flash_22447,ricostruito_da_npy
0.0,0,0.0,True,/content/drive/MyDrive/progetto_immunogold/patches/images/SA-MAG_X20k_JEM-1400 Flash_22447_x1344_y672.png,SA-MAG_X20k_JEM-1400 Flash_22447,ricostruito_da_npy
0.0,0,0.0,True,/content/drive/MyDrive/progetto_immunogold/patches/images/SA-MAG_X20k_JEM-1400 Flash_22447_x1344_y896.png,SA-MAG_X20k_JEM-1400 Flash_22447,ricostruito_da_npy
0.0,0,0.0,True,/content/drive/MyDrive/progetto_immunogold/patches/images/SA-MAG_X20k_JEM-1400 Flash_22447_x1568_y0.png,SA-MAG_X20k_JEM-1400 Flash_22447,ricostruito_da_npy
0.0,0,0.0,True,/content/drive/MyDrive/progetto_immunogold/patches/images/SA-MAG_X20k_JEM-1400 Flash_22447_x1568_y1120.png,SA-MAG_X20k_JEM-1400 Flash_22447,ricostruito_da_npy
0.0,0,0.0,True,/content/drive/MyDrive/progetto_immunogold/patches/images/SA-MAG_X20k_JEM-1400 Flash_22447_x1568_y1344.png,SA-MAG_X20k_JEM-1400 Flash_22447,ricostruito_da_npy
0.0,0,0.0,True,/content/drive/MyDrive/progetto_immunogold/patches/images/SA-MAG_X20k_JEM-1400 Flash_22447_x1568_y1568.png,SA-MAG_X20k_JEM-1400 Flash_22447,ricostruito_da_npy
0.0,0,0.0,True,/content/drive/MyDrive/progetto_immunogold/patches/images/SA-MAG_X20k_JEM-1400 Flash_22447_x1568_y224.png,SA-MAG_X20k_JEM-1400 Flash_22447,ricostruito_da_npy
0.0,0,0.0,True,/content/drive/MyDrive/progetto_immunogold/patches/images/SA-MAG_X20k_JEM-1400 Flash_22447_x1568_y448.png,SA-MAG_X20k_JEM-1400 Flash_22447,ricostruito_da_npy
0.0,0,0.0,True,/content/drive/MyDrive/progetto_immunogold/patches/images/SA-MAG_X20k_JEM-1400 Flash_22447_x1568_y672.png,SA-MAG_X20k_JEM-1400 Flash_22447,ricostruito_da_npy
0.0,0,0.0,True,/content/drive/MyDrive/progetto_immunogold/patches/images/SA-MAG_X20k_JEM-1400 Flash_22447_x1568_y896.png,SA-MAG_X20k_JEM-1400 Flash_22447,ricostruito_da_npy
0.0,0,0.0,True,/content/drive/MyDrive/progetto_immunogold/patches/images/SA-MAG_X20k_JEM-1400 Flash_22447_x224_y0.png,SA-MAG_X20k_JEM-1400 Flash_22447,ricostruito_da_npy
1.8135228157043457,2,0.09323859214782715,False,/content/drive/MyDrive/progetto_immunogold/patches/images/SA-MAG_X20k_JEM-1400 Flash_22447_x224_y1120.png,SA-MAG_X20k_JEM-1400 Flash_22447,ricostruito_da_npy
5.99626350402832,6,0.0006227493286132812,True,/content/drive/MyDrive/progetto_immunogold/patches/images/SA-MAG_X20k_JEM-1400 Flash_22447_x224_y1344.png,SA-MAG_X20k_JEM-1400 Flash_22447,ricostruito_da_npy
13.44758415222168,14,0.039458274841308594,True,/content/drive/MyDrive/progetto_immunogold/patches/images/SA-MAG_X20k_JEM-1400 Flash_22447_x224_y1568.png,SA-MAG_X20k_JEM-1400 Flash_22447,ricostruito_da_npy
0.9996337890625,1,0.0003662109375,True,/content/drive/MyDrive/progetto_immunogold/patches/images/SA-MAG_X20k_JEM-1400 Flash_22447_x224_y224.png,SA-MAG_X20k_JEM-1400 Flash_22447,ricostruito_da_npy
0.0,0,0.0,True,/content/drive/MyDrive/progetto_immunogold/patches/images/SA-MAG_X20k_JEM-1400 Flash_22447_x224_y448.png,SA-MAG_X20k_JEM-1400 Flash_22447,ricostruito_da_npy
2.0,2,0.0,True,/content/drive/MyDrive/progetto_immunogold/patches/images/SA-MAG_X20k_JEM-1400 Flash_22447_x224_y672.png,SA-MAG_X20k_JEM-1400 Flash_22447,ricostruito_da_npy
4.581238269805908,5,0.08375234603881836,False,/content/drive/MyDrive/progetto_immunogold/patches/images/SA-MAG_X20k_JEM-1400 Flash_22447_x224_y896.png,SA-MAG_X20k_JEM-1400 Flash_22447,ricostruito_da_npy
0.9984208345413208,1,0.0015791654586791992,True,/content/drive/MyDrive/progetto_immunogold/patches/images/SA-MAG_X20k_JEM-1400 Flash_22447_x448_y0.png,SA-MAG_X20k_JEM-1400 Flash_22447,ricostruito_da_npy
5.666388511657715,6,0.055601914723714195,False,/content/drive/MyDrive/progetto_immunogold/patches/images/SA-MAG_X20k_JEM-1400 Flash_22447_x448_y1120.png,SA-MAG_X20k_JEM-1400 Flash_22447,ricostruito_da_npy
3.899097442626953,4,0.02522563934326172,True,/content/drive/MyDrive/progetto_immunogold/patches/images/SA-MAG_X20k_JEM-1400 Flash_22447_x448_y1344.png,SA-MAG_X20k_JEM-1400 Flash_22447,ricostruito_da_npy
2.000000238418579,2,1.1920928955078125e-07,True,/content/drive/MyDrive/progetto_immunogold/patches/images/SA-MAG_X20k_JEM-1400 Flash_22447_x448_y1568.png,SA-MAG_X20k_JEM-1400 Flash_22447,ricostruito_da_npy
0.8480319976806641,1,0.15196800231933594,False,/content/drive/MyDrive/progetto_immunogold/patches/images/SA-MAG_X20k_JEM-1400 Flash_22447_x448_y224.png,SA-MAG_X20k_JEM-1400 Flash_22447,ricostruito_da_npy
0.0,0,0.0,True,/content/drive/MyDrive/progetto_immunogold/patches/images/SA-MAG_X20k_JEM-1400 Flash_22447_x448_y448.png,SA-MAG_X20k_JEM-1400 Flash_22447,ricostruito_da_npy
1.7745389938354492,2,0.11273050308227539,False,/content/drive/MyDrive/progetto_immunogold/patches/images/SA-MAG_X20k_JEM-1400 Flash_22447_x448_y672.png,SA-MAG_X20k_JEM-1400 Flash_22447,ricostruito_da_npy
10.05447006225586,11,0.08595726706764915,False,/content/drive/MyDrive/progetto_immunogold/patches/images/SA-MAG_X20k_JEM-1400 Flash_22447_x448_y896.png,SA-MAG_X20k_JEM-1400 Flash_22447,ricostruito_da_npy
0.9249657988548279,1,0.07503420114517212,False,/content/drive/MyDrive/progetto_immunogold/patches/images/SA-MAG_X20k_JEM-1400 Flash_22447_x672_y0.png,SA-MAG_X20k_JEM-1400 Flash_22447,ricostruito_da_npy
9.533102035522461,10,0.04668979644775391,True,/content/drive/MyDrive/progetto_immunogold/patches/images/SA-MAG_X20k_JEM-1400 Flash_22447_x672_y1120.png,SA-MAG_X20k_JEM-1400 Flash_22447,ricostruito_da_npy
7.559972286224365,8,0.055003464221954346,False,/content/drive/MyDrive/progetto_immunogold/patches/images/SA-MAG_X20k_JEM-1400 Flash_22447_x672_y1344.png,SA-MAG_X20k_JEM-1400 Flash_22447,ricostruito_da_npy
4.447599411010742,5,0.11048011779785157,False,/content/drive/MyDrive/progetto_immunogold/patches/images/SA-MAG_X20k_JEM-1400 Flash_22447_x672_y1568.png,SA-MAG_X20k_JEM-1400 Flash_22447,ricostruito_da_npy
0.0,0,0.0,True,/content/drive/MyDrive/progetto_immunogold/patches/images/SA-MAG_X20k_JEM-1400 Flash_22447_x672_y224.png,SA-MAG_X20k_JEM-1400 Flash_22447,ricostruito_da_npy
10.000000953674316,10,9.5367431640625e-08,True,/content/drive/MyDrive/progetto_immunogold/patches/images/SA-MAG_X20k_JEM-1400 Flash_22447_x672_y448.png,SA-MAG_X20k_JEM-1400 Flash_22447,ricostruito_da_npy
3.9975473880767822,4,0.0006131529808044434,True,/content/drive/MyDrive/progetto_immunogold/patches/images/SA-MAG_X20k_JEM-1400 Flash_22447_x672_y672.png,SA-MAG_X20k_JEM-1400 Flash_22447,ricostruito_da_npy
3.9425323009490967,4,0.01436692476272583,True,/content/drive/MyDrive/progetto_immunogold/patches/images/SA-MAG_X20k_JEM-1400 Flash_22447_x672_y896.png,SA-MAG_X20k_JEM-1400 Flash_22447,ricostruito_da_npy
0.0,0,0.0,True,/content/drive/MyDrive/progetto_immunogold/patches/images/SA-MAG_X20k_JEM-1400 Flash_22447_x896_y0.png,SA-MAG_X20k_JEM-1400 Flash_22447,ricostruito_da_npy
5.5447869300842285,6,0.07586884498596191,False,/content/drive/MyDrive/progetto_immunogold/patches/images/SA-MAG_X20k_JEM-1400 Flash_22447_x896_y1120.png,SA-MAG_X20k_JEM-1400 Flash_22447,ricostruito_da_npy
1.9844250679016113,2,0.007787466049194336,True,/content/drive/MyDrive/progetto_immunogold/patches/images/SA-MAG_X20k_JEM-1400 Flash_22447_x896_y1344.png,SA-MAG_X20k_JEM-1400 Flash_22447,ricostruito_da_npy
6.982945442199707,7,0.0024363654000418527,True,/content/drive/MyDrive/progetto_immunogold/patches/images/SA-MAG_X20k_JEM-1400 Flash_22447_x896_y1568.png,SA-MAG_X20k_JEM-1400 Flash_22447,ricostruito_da_npy
0.0,0,0.0,True,/content/drive/MyDrive/progetto_immunogold/patches/images/SA-MAG_X20k_JEM-1400 Flash_22447_x896_y224.png,SA-MAG_X20k_JEM-1400 Flash_22447,ricostruito_da_npy
2.0,2,0.0,True,/content/drive/MyDrive/progetto_immunogold/patches/images/SA-MAG_X20k_JEM-1400 Flash_22447_x896_y448.png,SA-MAG_X20k_JEM-1400 Flash_22447,ricostruito_da_npy
3.0,3,0.0,True,/content/drive/MyDrive/progetto_immunogold/patches/images/SA-MAG_X20k_JEM-1400 Flash_22447_x896_y672.png,SA-MAG_X20k_JEM-1400 Flash_22447,ricostruito_da_npy
4.94226598739624,5,0.011546802520751954,True,/content/drive/MyDrive/progetto_immunogold/patches/images/SA-MAG_X20k_JEM-1400 Flash_22447_x896_y896.png,SA-MAG_X20k_JEM-1400 Flash_22447,ricostruito_da_npy
0.0,0,0.0,True,/content/drive/MyDrive/progetto_immunogold/patches/images/SA-MAG_X25k_JEM-1400 Flash_22433_x0_y0.png,SA-MAG_X25k_JEM-1400 Flash_22433,ricostruito_da_npy
0.0,0,0.0,True,/content/drive/MyDrive/progetto_immunogold/patches/images/SA-MAG_X25k_JEM-1400 Flash_22433_x0_y1120.png,SA-MAG_X25k_JEM-1400 Flash_22433,ricostruito_da_npy
0.0,0,0.0,True,/content/drive/MyDrive/progetto_immunogold/patches/images/SA-MAG_X25k_JEM-1400 Flash_22433_x0_y1344.png,SA-MAG_X25k_JEM-1400 Flash_22433,ricostruito_da_npy
0.0,0,0.0,True,/content/drive/MyDrive/progetto_immunogold/patches/images/SA-MAG_X25k_JEM-1400 Flash_22433_x0_y1568.png,SA-MAG_X25k_JEM-1400 Flash_22433,ricostruito_da_npy
0.0,0,0.0,True,/content/drive/MyDrive/progetto_immunogold/patches/images/SA-MAG_X25k_JEM-1400 Flash_22433_x0_y1792.png,SA-MAG_X25k_JEM-1400 Flash_22433,ricostruito_da_npy
0.0,0,0.0,True,/content/drive/MyDrive/progetto_immunogold/patches/images/SA-MAG_X25k_JEM-1400 Flash_22433_x0_y224.png,SA-MAG_X25k_JEM-1400 Flash_22433,ricostruito_da_npy
0.0,0,0.0,True,/content/drive/MyDrive/progetto_immunogold/patches/images/SA-MAG_X25k_JEM-1400 Flash_22433_x0_y448.png,SA-MAG_X25k_JEM-1400 Flash_22433,ricostruito_da_npy
0.0,0,0.0,True,/content/drive/MyDrive/progetto_immunogold/patches/images/SA-MAG_X25k_JEM-1400 Flash_22433_x0_y672.png,SA-MAG_X25k_JEM-1400 Flash_22433,ricostruito_da_npy
0.0,0,0.0,True,/content/drive/MyDrive/progetto_immunogold/patches/images/SA-MAG_X25k_JEM-1400 Flash_22433_x0_y896.png,SA-MAG_X25k_JEM-1400 Flash_22433,ricostruito_da_npy
2.7083628177642822,3,0.09721239407857259,False,/content/drive/MyDrive/progetto_immunogold/patches/images/SA-MAG_X25k_JEM-1400 Flash_22433_x1120_y0.png,SA-MAG_X25k_JEM-1400 Flash_22433,ricostruito_da_npy
0.7295525074005127,1,0.2704474925994873,False,/content/drive/MyDrive/progetto_immunogold/patches/images/SA-MAG_X25k_JEM-1400 Flash_22433_x1120_y1120.png,SA-MAG_X25k_JEM-1400 Flash_22433,ricostruito_da_npy
2.609468936920166,3,0.13017702102661133,False,/content/drive/MyDrive/progetto_immunogold/patches/images/SA-MAG_X25k_JEM-1400 Flash_22433_x1120_y1344.png,SA-MAG_X25k_JEM-1400 Flash_22433,ricostruito_da_npy
0.0,0,0.0,True,/content/drive/MyDrive/progetto_immunogold/patches/images/SA-MAG_X25k_JEM-1400 Flash_22433_x1120_y1568.png,SA-MAG_X25k_JEM-1400 Flash_22433,ricostruito_da_npy
1.9849363565444946,2,0.0075318217277526855,True,/content/drive/MyDrive/progetto_immunogold/patches/images/SA-MAG_X25k_JEM-1400 Flash_22433_x1120_y1792.png,SA-MAG_X25k_JEM-1400 Flash_22433,ricostruito_da_npy
23.762704849243164,24,0.009887297948201498,True,/content/drive/MyDrive/progetto_immunogold/patches/images/SA-MAG_X25k_JEM-1400 Flash_22433_x1120_y224.png,SA-MAG_X25k_JEM-1400 Flash_22433,ricostruito_da_npy
13.200092315673828,14,0.05713626316615513,False,/content/drive/MyDrive/progetto_immunogold/patches/images/SA-MAG_X25k_JEM-1400 Flash_22433_x1120_y448.png,SA-MAG_X25k_JEM-1400 Flash_22433,ricostruito_da_npy
2.0,2,0.0,True,/content/drive/MyDrive/progetto_immunogold/patches/images/SA-MAG_X25k_JEM-1400 Flash_22433_x1120_y672.png,SA-MAG_X25k_JEM-1400 Flash_22433,ricostruito_da_npy
4.998414993286133,5,0.0003170013427734375,True,/content/drive/MyDrive/progetto_immunogold/patches/images/SA-MAG_X25k_JEM-1400 Flash_22433_x1120_y896.png,SA-MAG_X25k_JEM-1400 Flash_22433,ricostruito_da_npy
0.6408881545066833,1,0.35911184549331665,False,/content/drive/MyDrive/progetto_immunogold/patches/images/SA-MAG_X25k_JEM-1400 Flash_22433_x1344_y0.png,SA-MAG_X25k_JEM-1400 Flash_22433,ricostruito_da_npy
5.376225471496582,6,0.10396242141723633,False,/content/drive/MyDrive/progetto_immunogold/patches/images/SA-MAG_X25k_JEM-1400 Flash_22433_x1344_y1120.png,SA-MAG_X25k_JEM-1400 Flash_22433,ricostruito_da_npy
10.178800582885742,11,0.07465449246493253,False,/content/drive/MyDrive/progetto_immunogold/patches/images/SA-MAG_X25k_JEM-1400 Flash_22433_x1344_y1344.png,SA-MAG_X25k_JEM-1400 Flash_22433,ricostruito_da_npy
0.9987013339996338,1,0.001298666000366211,True,/content/drive/MyDrive/progetto_immunogold/patches/images/SA-MAG_X25k_JEM-1400 Flash_22433_x1344_y1568.png,SA-MAG_X25k_JEM-1400 Flash_22433,ricostruito_da_npy
1.9176961183547974,2,0.04115194082260132,True,/content/drive/MyDrive/progetto_immunogold/patches/images/SA-MAG_X25k_JEM-1400 Flash_22433_x1344_y1792.png,SA-MAG_X25k_JEM-1400 Flash_22433,ricostruito_da_npy
5.6892194747924805,6,0.05179675420125326,False,/content/drive/MyDrive/progetto_immunogold/patches/images/SA-MAG_X25k_JEM-1400 Flash_22433_x1344_y224.png,SA-MAG_X25k_JEM-1400 Flash_22433,ricostruito_da_npy
8.960554122924805,9,0.0043828752305772566,True,/content/drive/MyDrive/progetto_immunogold/patches/images/SA-MAG_X25k_JEM-1400 Flash_22433_x1344_y448.png,SA-MAG_X25k_JEM-1400 Flash_22433,ricostruito_da_npy
3.0,3,0.0,True,/content/drive/MyDrive/progetto_immunogold/patches/images/SA-MAG_X25k_JEM-1400 Flash_22433_x1344_y672.png,SA-MAG_X25k_JEM-1400 Flash_22433,ricostruito_da_npy
2.0,2,0.0,True,/content/drive/MyDrive/progetto_immunogold/patches/images/SA-MAG_X25k_JEM-1400 Flash_22433_x1344_y896.png,SA-MAG_X25k_JEM-1400 Flash_22433,ricostruito_da_npy
3.0,3,0.0,True,/content/drive/MyDrive/progetto_immunogold/patches/images/SA-MAG_X25k_JEM-1400 Flash_22433_x1568_y0.png,SA-MAG_X25k_JEM-1400 Flash_22433,ricostruito_da_npy
1.0,1,0.0,True,/content/drive/MyDrive/progetto_immunogold/patches/images/SA-MAG_X25k_JEM-1400 Flash_22433_x1568_y1120.png,SA-MAG_X25k_JEM-1400 Flash_22433,ricostruito_da_npy
8.240877151489258,9,0.08434698316786024,False,/content/drive/MyDrive/progetto_immunogold/patches/images/SA-MAG_X25k_JEM-1400 Flash_22433_x1568_y1344.png,SA-MAG_X25k_JEM-1400 Flash_22433,ricostruito_da_npy
2.5215938091278076,3,0.1594687302907308,False,/content/drive/MyDrive/progetto_immunogold/patches/images/SA-MAG_X25k_JEM-1400 Flash_22433_x1568_y1568.png,SA-MAG_X25k_JEM-1400 Flash_22433,ricostruito_da_npy
4.620627403259277,5,0.07587451934814453,False,/content/drive/MyDrive/progetto_immunogold/patches/images/SA-MAG_X25k_JEM-1400 Flash_22433_x1568_y1792.png,SA-MAG_X25k_JEM-1400 Flash_22433,ricostruito_da_npy
3.999999761581421,4,5.960464477539063e-08,True,/content/drive/MyDrive/progetto_immunogold/patches/images/SA-MAG_X25k_JEM-1400 Flash_22433_x1568_y224.png,SA-MAG_X25k_JEM-1400 Flash_22433,ricostruito_da_npy
0.9999999403953552,1,5.960464477539063e-08,True,/content/drive/MyDrive/progetto_immunogold/patches/images/SA-MAG_X25k_JEM-1400 Flash_22433_x1568_y448.png,SA-MAG_X25k_JEM-1400 Flash_22433,ricostruito_da_npy
5.899471759796143,6,0.016754706700642902,True,/content/drive/MyDrive/progetto_immunogold/patches/images/SA-MAG_X25k_JEM-1400 Flash_22433_x1568_y672.png,SA-MAG_X25k_JEM-1400 Flash_22433,ricostruito_da_npy
4.988688945770264,5,0.0022622108459472655,True,/content/drive/MyDrive/progetto_immunogold/patches/images/SA-MAG_X25k_JEM-1400 Flash_22433_x1568_y896.png,SA-MAG_X25k_JEM-1400 Flash_22433,ricostruito_da_npy
4.735203742980957,5,0.052959251403808597,False,/content/drive/MyDrive/progetto_immunogold/patches/images/SA-MAG_X25k_JEM-1400 Flash_22433_x1792_y0.png,SA-MAG_X25k_JEM-1400 Flash_22433,ricostruito_da_npy
0.0,0,0.0,True,/content/drive/MyDrive/progetto_immunogold/patches/images/SA-MAG_X25k_JEM-1400 Flash_22433_x1792_y1120.png,SA-MAG_X25k_JEM-1400 Flash_22433,ricostruito_da_npy
2.5979371070861816,3,0.1340209643046061,False,/content/drive/MyDrive/progetto_immunogold/patches/images/SA-MAG_X25k_JEM-1400 Flash_22433_x1792_y1344.png,SA-MAG_X25k_JEM-1400 Flash_22433,ricostruito_da_npy
0.0,0,0.0,True,/content/drive/MyDrive/progetto_immunogold/patches/images/SA-MAG_X25k_JEM-1400 Flash_22433_x1792_y1568.png,SA-MAG_X25k_JEM-1400 Flash_22433,ricostruito_da_npy
0.9999999403953552,1,5.960464477539063e-08,True,/content/drive/MyDrive/progetto_immunogold/patches/images/SA-MAG_X25k_JEM-1400 Flash_22433_x1792_y1792.png,SA-MAG_X25k_JEM-1400 Flash_22433,ricostruito_da_npy
3.9549105167388916,4,0.0112723708152771,True,/content/drive/MyDrive/progetto_immunogold/patches/images/SA-MAG_X25k_JEM-1400 Flash_22433_x1792_y224.png,SA-MAG_X25k_JEM-1400 Flash_22433,ricostruito_da_npy
0.9989073276519775,1,0.001092672348022461,True,/content/drive/MyDrive/progetto_immunogold/patches/images/SA-MAG_X25k_JEM-1400 Flash_22433_x1792_y448.png,SA-MAG_X25k_JEM-1400 Flash_22433,ricostruito_da_npy
2.456611156463623,3,0.18112961451212564,False,/content/drive/MyDrive/progetto_immunogold/patches/images/SA-MAG_X25k_JEM-1400 Flash_22433_x1792_y672.png,SA-MAG_X25k_JEM-1400 Flash_22433,ricostruito_da_npy
0.9977318644523621,1,0.0022681355476379395,True,/content/drive/MyDrive/progetto_immunogold/patches/images/SA-MAG_X25k_JEM-1400 Flash_22433_x1792_y896.png,SA-MAG_X25k_JEM-1400 Flash_22433,ricostruito_da_npy
0.0,0,0.0,True,/content/drive/MyDrive/progetto_immunogold/patches/images/SA-MAG_X25k_JEM-1400 Flash_22433_x224_y0.png,SA-MAG_X25k_JEM-1400 Flash_22433,ricostruito_da_npy
0.9976056218147278,1,0.002394378185272217,True,/content/drive/MyDrive/progetto_immunogold/patches/images/SA-MAG_X25k_JEM-1400 Flash_22433_x224_y1120.png,SA-MAG_X25k_JEM-1400 Flash_22433,ricostruito_da_npy
0.9999999403953552,1,5.960464477539063e-08,True,/content/drive/MyDrive/progetto_immunogold/patches/images/SA-MAG_X25k_JEM-1400 Flash_22433_x224_y1344.png,SA-MAG_X25k_JEM-1400 Flash_22433,ricostruito_da_npy
4.793251991271973,5,0.041349601745605466,True,/content/drive/MyDrive/progetto_immunogold/patches/images/SA-MAG_X25k_JEM-1400 Flash_22433_x224_y1568.png,SA-MAG_X25k_JEM-1400 Flash_22433,ricostruito_da_npy
3.6841678619384766,4,0.07895803451538086,False,/content/drive/MyDrive/progetto_immunogold/patches/images/SA-MAG_X25k_JEM-1400 Flash_22433_x224_y1792.png,SA-MAG_X25k_JEM-1400 Flash_22433,ricostruito_da_npy
0.0,0,0.0,True,/content/drive/MyDrive/progetto_immunogold/patches/images/SA-MAG_X25k_JEM-1400 Flash_22433_x224_y224.png,SA-MAG_X25k_JEM-1400 Flash_22433,ricostruito_da_npy
0.0,0,0.0,True,/content/drive/MyDrive/progetto_immunogold/patches/images/SA-MAG_X25k_JEM-1400 Flash_22433_x224_y448.png,SA-MAG_X25k_JEM-1400 Flash_22433,ricostruito_da_npy
0.9849363565444946,1,0.015063643455505371,True,/content/drive/MyDrive/progetto_immunogold/patches/images/SA-MAG_X25k_JEM-1400 Flash_22433_x224_y672.png,SA-MAG_X25k_JEM-1400 Flash_22433,ricostruito_da_npy
0.9937115907669067,1,0.006288409233093262,True,/content/drive/MyDrive/progetto_immunogold/patches/images/SA-MAG_X25k_JEM-1400 Flash_22433_x224_y896.png,SA-MAG_X25k_JEM-1400 Flash_22433,ricostruito_da_npy
0.0,0,0.0,True,/content/drive/MyDrive/progetto_immunogold/patches/images/SA-MAG_X25k_JEM-1400 Flash_22433_x448_y0.png,SA-MAG_X25k_JEM-1400 Flash_22433,ricostruito_da_npy
1.5627589225769043,2,0.21862053871154785,False,/content/drive/MyDrive/progetto_immunogold/patches/images/SA-MAG_X25k_JEM-1400 Flash_22433_x448_y1120.png,SA-MAG_X25k_JEM-1400 Flash_22433,ricostruito_da_npy
2.988399028778076,3,0.003866990407307943,True,/content/drive/MyDrive/progetto_immunogold/patches/images/SA-MAG_X25k_JEM-1400 Flash_22433_x448_y1344.png,SA-MAG_X25k_JEM-1400 Flash_22433,ricostruito_da_npy
7.957000255584717,8,0.0053749680519104,True,/content/drive/MyDrive/progetto_immunogold/patches/images/SA-MAG_X25k_JEM-1400 Flash_22433_x448_y1568.png,SA-MAG_X25k_JEM-1400 Flash_22433,ricostruito_da_npy
0.8994908928871155,1,0.10050910711288452,False,/content/drive/MyDrive/progetto_immunogold/patches/images/SA-MAG_X25k_JEM-1400 Flash_22433_x448_y1792.png,SA-MAG_X25k_JEM-1400 Flash_22433,ricostruito_da_npy
0.0,0,0.0,True,/content/drive/MyDrive/progetto_immunogold/patches/images/SA-MAG_X25k_JEM-1400 Flash_22433_x448_y224.png,SA-MAG_X25k_JEM-1400 Flash_22433,ricostruito_da_npy
0.9999999403953552,1,5.960464477539063e-08,True,/content/drive/MyDrive/progetto_immunogold/patches/images/SA-MAG_X25k_JEM-1400 Flash_22433_x448_y448.png,SA-MAG_X25k_JEM-1400 Flash_22433,ricostruito_da_npy
1.875284194946289,2,0.06235790252685547,False,/content/drive/MyDrive/progetto_immunogold/patches/images/SA-MAG_X25k_JEM-1400 Flash_22433_x448_y672.png,SA-MAG_X25k_JEM-1400 Flash_22433,ricostruito_da_npy
1.821164608001709,2,0.08941769599914551,False,/content/drive/MyDrive/progetto_immunogold/patches/images/SA-MAG_X25k_JEM-1400 Flash_22433_x448_y896.png,SA-MAG_X25k_JEM-1400 Flash_22433,ricostruito_da_npy
1.8326722383499146,2,0.08366388082504272,False,/content/drive/MyDrive/progetto_immunogold/patches/images/SA-MAG_X25k_JEM-1400 Flash_22433_x672_y0.png,SA-MAG_X25k_JEM-1400 Flash_22433,ricostruito_da_npy
6.917506694793701,7,0.011784757886614119,True,/content/drive/MyDrive/progetto_immunogold/patches/images/SA-MAG_X25k_JEM-1400 Flash_22433_x672_y1120.png,SA-MAG_X25k_JEM-1400 Flash_22433,ricostruito_da_npy
1.8784674406051636,2,0.06076627969741821,False,/content/drive/MyDrive/progetto_immunogold/patches/images/SA-MAG_X25k_JEM-1400 Flash_22433_x672_y1344.png,SA-MAG_X25k_JEM-1400 Flash_22433,ricostruito_da_npy
0.0,0,0.0,True,/content/drive/MyDrive/progetto_immunogold/patches/images/SA-MAG_X25k_JEM-1400 Flash_22433_x672_y1568.png,SA-MAG_X25k_JEM-1400 Flash_22433,ricostruito_da_npy
3.0,3,0.0,True,/content/drive/MyDrive/progetto_immunogold/patches/images/SA-MAG_X25k_JEM-1400 Flash_22433_x672_y1792.png,SA-MAG_X25k_JEM-1400 Flash_22433,ricostruito_da_npy
0.0,0,0.0,True,/content/drive/MyDrive/progetto_immunogold/patches/images/SA-MAG_X25k_JEM-1400 Flash_22433_x672_y224.png,SA-MAG_X25k_JEM-1400 Flash_22433,ricostruito_da_npy
2.854556083679199,3,0.04848130544026693,True,/content/drive/MyDrive/progetto_immunogold/patches/images/SA-MAG_X25k_JEM-1400 Flash_22433_x672_y448.png,SA-MAG_X25k_JEM-1400 Flash_22433,ricostruito_da_npy
0.9938373565673828,1,0.0061626434326171875,True,/content/drive/MyDrive/progetto_immunogold/patches/images/SA-MAG_X25k_JEM-1400 Flash_22433_x672_y672.png,SA-MAG_X25k_JEM-1400 Flash_22433,ricostruito_da_npy
3.9847331047058105,4,0.0038167238235473633,True,/content/drive/MyDrive/progetto_immunogold/patches/images/SA-MAG_X25k_JEM-1400 Flash_22433_x672_y896.png,SA-MAG_X25k_JEM-1400 Flash_22433,ricostruito_da_npy
0.9885640144348145,1,0.011435985565185547,True,/content/drive/MyDrive/progetto_immunogold/patches/images/SA-MAG_X25k_JEM-1400 Flash_22433_x896_y0.png,SA-MAG_X25k_JEM-1400 Flash_22433,ricostruito_da_npy
3.988193988800049,4,0.002951502799987793,True,/content/drive/MyDrive/progetto_immunogold/patches/images/SA-MAG_X25k_JEM-1400 Flash_22433_x896_y1120.png,SA-MAG_X25k_JEM-1400 Flash_22433,ricostruito_da_npy
3.5084452629089355,4,0.12288868427276611,False,/content/drive/MyDrive/progetto_immunogold/patches/images/SA-MAG_X25k_JEM-1400 Flash_22433_x896_y1344.png,SA-MAG_X25k_JEM-1400 Flash_22433,ricostruito_da_npy
0.0,0,0.0,True,/content/drive/MyDrive/progetto_immunogold/patches/images/SA-MAG_X25k_JEM-1400 Flash_22433_x896_y1568.png,SA-MAG_X25k_JEM-1400 Flash_22433,ricostruito_da_npy
1.0,1,0.0,True,/content/drive/MyDrive/progetto_immunogold/patches/images/SA-MAG_X25k_JEM-1400 Flash_22433_x896_y1792.png,SA-MAG_X25k_JEM-1400 Flash_22433,ricostruito_da_npy
4.7695417404174805,5,0.046091651916503905,True,/content/drive/MyDrive/progetto_immunogold/patches/images/SA-MAG_X25k_JEM-1400 Flash_22433_x896_y224.png,SA-MAG_X25k_JEM-1400 Flash_22433,ricostruito_da_npy
8.536943435668945,9,0.05145072937011719,False,/content/drive/MyDrive/progetto_immunogold/patches/images/SA-MAG_X25k_JEM-1400 Flash_22433_x896_y448.png,SA-MAG_X25k_JEM-1400 Flash_22433,ricostruito_da_npy
7.827330112457275,8,0.021583735942840576,True,/content/drive/MyDrive/progetto_immunogold/patches/images/SA-MAG_X25k_JEM-1400 Flash_22433_x896_y672.png,SA-MAG_X25k_JEM-1400 Flash_22433,ricostruito_da_npy
0.0,0,0.0,True,/content/drive/MyDrive/progetto_immunogold/patches/images/SA-MAG_X25k_JEM-1400 Flash_22433_x896_y896.png,SA-MAG_X25k_JEM-1400 Flash_22433,ricostruito_da_npy
1.999258041381836,2,0.00037097930908203125,True,/content/drive/MyDrive/progetto_immunogold/patches/images/SA-MAG_X25k_JEM-1400 Flash_22438_x0_y0.png,SA-MAG_X25k_JEM-1400 Flash_22438,ricostruito_da_npy
0.0,0,0.0,True,/content/drive/MyDrive/progetto_immunogold/patches/images/SA-MAG_X25k_JEM-1400 Flash_22438_x0_y1120.png,SA-MAG_X25k_JEM-1400 Flash_22438,ricostruito_da_npy
0.0,0,0.0,True,/content/drive/MyDrive/progetto_immunogold/patches/images/SA-MAG_X25k_JEM-1400 Flash_22438_x0_y1344.png,SA-MAG_X25k_JEM-1400 Flash_22438,ricostruito_da_npy
1.0,1,0.0,True,/content/drive/MyDrive/progetto_immunogold/patches/images/SA-MAG_X25k_JEM-1400 Flash_22438_x0_y1568.png,SA-MAG_X25k_JEM-1400 Flash_22438,ricostruito_da_npy
3.0,3,0.0,True,/content/drive/MyDrive/progetto_immunogold/patches/images/SA-MAG_X25k_JEM-1400 Flash_22438_x0_y1792.png,SA-MAG_X25k_JEM-1400 Flash_22438,ricostruito_da_npy
0.9998733997344971,1,0.0001266002655029297,True,/content/drive/MyDrive/progetto_immunogold/patches/images/SA-MAG_X25k_JEM-1400 Flash_22438_x0_y224.png,SA-MAG_X25k_JEM-1400 Flash_22438,ricostruito_da_npy
2.5221645832061768,3,0.15927847226460776,False,/content/drive/MyDrive/progetto_immunogold/patches/images/SA-MAG_X25k_JEM-1400 Flash_22438_x0_y448.png,SA-MAG_X25k_JEM-1400 Flash_22438,ricostruito_da_npy
0.0,0,0.0,True,/content/drive/MyDrive/progetto_immunogold/patches/images/SA-MAG_X25k_JEM-1400 Flash_22438_x0_y672.png,SA-MAG_X25k_JEM-1400 Flash_22438,ricostruito_da_npy
0.0,0,0.0,True,/content/drive/MyDrive/progetto_immunogold/patches/images/SA-MAG_X25k_JEM-1400 Flash_22438_x0_y896.png,SA-MAG_X25k_JEM-1400 Flash_22438,ricostruito_da_npy
0.0,0,0.0,True,/content/drive/MyDrive/progetto_immunogold/patches/images/SA-MAG_X25k_JEM-1400 Flash_22438_x1120_y0.png,SA-MAG_X25k_JEM-1400 Flash_22438,ricostruito_da_npy
1.873634696006775,2,0.06318265199661255,False,/content/drive/MyDrive/progetto_immunogold/patches/images/SA-MAG_X25k_JEM-1400 Flash_22438_x1120_y1120.png,SA-MAG_X25k_JEM-1400 Flash_22438,ricostruito_da_npy
0.0,0,0.0,True,/content/drive/MyDrive/progetto_immunogold/patches/images/SA-MAG_X25k_JEM-1400 Flash_22438_x1120_y1344.png,SA-MAG_X25k_JEM-1400 Flash_22438,ricostruito_da_npy
2.9568779468536377,3,0.014374017715454102,True,/content/drive/MyDrive/progetto_immunogold/patches/images/SA-MAG_X25k_JEM-1400 Flash_22438_x1120_y1568.png,SA-MAG_X25k_JEM-1400 Flash_22438,ricostruito_da_npy
1.7638068199157715,2,0.11809659004211426,False,/content/drive/MyDrive/progetto_immunogold/patches/images/SA-MAG_X25k_JEM-1400 Flash_22438_x1120_y1792.png,SA-MAG_X25k_JEM-1400 Flash_22438,ricostruito_da_npy
7.742426872253418,8,0.032196640968322754,True,/content/drive/MyDrive/progetto_immunogold/patches/images/SA-MAG_X25k_JEM-1400 Flash_22438_x1120_y224.png,SA-MAG_X25k_JEM-1400 Flash_22438,ricostruito_da_npy
0.8784675598144531,1,0.12153244018554688,False,/content/drive/MyDrive/progetto_immunogold/patches/images/SA-MAG_X25k_JEM-1400 Flash_22438_x1120_y448.png,SA-MAG_X25k_JEM-1400 Flash_22438,ricostruito_da_npy
0.0,0,0.0,True,/content/drive/MyDrive/progetto_immunogold/patches/images/SA-MAG_X25k_JEM-1400 Flash_22438_x1120_y672.png,SA-MAG_X25k_JEM-1400 Flash_22438,ricostruito_da_npy
0.0,0,0.0,True,/content/drive/MyDrive/progetto_immunogold/patches/images/SA-MAG_X25k_JEM-1400 Flash_22438_x1120_y896.png,SA-MAG_X25k_JEM-1400 Flash_22438,ricostruito_da_npy
0.0,0,0.0,True,/content/drive/MyDrive/progetto_immunogold/patches/images/SA-MAG_X25k_JEM-1400 Flash_22438_x1344_y0.png,SA-MAG_X25k_JEM-1400 Flash_22438,ricostruito_da_npy
2.9352238178253174,3,0.021592060724894207,True,/content/drive/MyDrive/progetto_immunogold/patches/images/SA-MAG_X25k_JEM-1400 Flash_22438_x1344_y1120.png,SA-MAG_X25k_JEM-1400 Flash_22438,ricostruito_da_npy
0.0,0,0.0,True,/content/drive/MyDrive/progetto_immunogold/patches/images/SA-MAG_X25k_JEM-1400 Flash_22438_x1344_y1344.png,SA-MAG_X25k_JEM-1400 Flash_22438,ricostruito_da_npy
2.729552745819092,3,0.0901490847269694,False,/content/drive/MyDrive/progetto_immunogold/patches/images/SA-MAG_X25k_JEM-1400 Flash_22438_x1344_y1568.png,SA-MAG_X25k_JEM-1400 Flash_22438,ricostruito_da_npy
1.9967960119247437,2,0.0016019940376281738,True,/content/drive/MyDrive/progetto_immunogold/patches/images/SA-MAG_X25k_JEM-1400 Flash_22438_x1344_y1792.png,SA-MAG_X25k_JEM-1400 Flash_22438,ricostruito_da_npy
2.9825265407562256,3,0.005824486414591472,True,/content/drive/MyDrive/progetto_immunogold/patches/images/SA-MAG_X25k_JEM-1400 Flash_22438_x1344_y224.png,SA-MAG_X25k_JEM-1400 Flash_22438,ricostruito_da_npy
0.0,0,0.0,True,/content/drive/MyDrive/progetto_immunogold/patches/images/SA-MAG_X25k_JEM-1400 Flash_22438_x1344_y448.png,SA-MAG_X25k_JEM-1400 Flash_22438,ricostruito_da_npy
0.0,0,0.0,True,/content/drive/MyDrive/progetto_immunogold/patches/images/SA-MAG_X25k_JEM-1400 Flash_22438_x1344_y672.png,SA-MAG_X25k_JEM-1400 Flash_22438,ricostruito_da_npy
0.0,0,0.0,True,/content/drive/MyDrive/progetto_immunogold/patches/images/SA-MAG_X25k_JEM-1400 Flash_22438_x1344_y896.png,SA-MAG_X25k_JEM-1400 Flash_22438,ricostruito_da_npy
0.0,0,0.0,True,/content/drive/MyDrive/progetto_immunogold/patches/images/SA-MAG_X25k_JEM-1400 Flash_22438_x1568_y0.png,SA-MAG_X25k_JEM-1400 Flash_22438,ricostruito_da_npy
0.0,0,0.0,True,/content/drive/MyDrive/progetto_immunogold/patches/images/SA-MAG_X25k_JEM-1400 Flash_22438_x1568_y1120.png,SA-MAG_X25k_JEM-1400 Flash_22438,ricostruito_da_npy
0.9999999403953552,1,5.960464477539063e-08,True,/content/drive/MyDrive/progetto_immunogold/patches/images/SA-MAG_X25k_JEM-1400 Flash_22438_x1568_y1344.png,SA-MAG_X25k_JEM-1400 Flash_22438,ricostruito_da_npy
0.9984148740768433,1,0.0015851259231567383,True,/content/drive/MyDrive/progetto_immunogold/patches/images/SA-MAG_X25k_JEM-1400 Flash_22438_x1568_y1568.png,SA-MAG_X25k_JEM-1400 Flash_22438,ricostruito_da_npy
0.0,0,0.0,True,/content/drive/MyDrive/progetto_immunogold/patches/images/SA-MAG_X25k_JEM-1400 Flash_22438_x1568_y1792.png,SA-MAG_X25k_JEM-1400 Flash_22438,ricostruito_da_npy
0.7978072762489319,1,0.20219272375106812,False,/content/drive/MyDrive/progetto_immunogold/patches/images/SA-MAG_X25k_JEM-1400 Flash_22438_x1568_y224.png,SA-MAG_X25k_JEM-1400 Flash_22438,ricostruito_da_npy
3.996795892715454,4,0.0008010268211364746,True,/content/drive/MyDrive/progetto_immunogold/patches/images/SA-MAG_X25k_JEM-1400 Flash_22438_x1568_y448.png,SA-MAG_X25k_JEM-1400 Flash_22438,ricostruito_da_npy
0.0,0,0.0,True,/content/drive/MyDrive/progetto_immunogold/patches/images/SA-MAG_X25k_JEM-1400 Flash_22438_x1568_y672.png,SA-MAG_X25k_JEM-1400 Flash_22438,ricostruito_da_npy
0.0,0,0.0,True,/content/drive/MyDrive/progetto_immunogold/patches/images/SA-MAG_X25k_JEM-1400 Flash_22438_x1568_y896.png,SA-MAG_X25k_JEM-1400 Flash_22438,ricostruito_da_npy
0.0,0,0.0,True,/content/drive/MyDrive/progetto_immunogold/patches/images/SA-MAG_X25k_JEM-1400 Flash_22438_x1792_y0.png,SA-MAG_X25k_JEM-1400 Flash_22438,ricostruito_da_npy
0.0,0,0.0,True,/content/drive/MyDrive/progetto_immunogold/patches/images/SA-MAG_X25k_JEM-1400 Flash_22438_x1792_y1120.png,SA-MAG_X25k_JEM-1400 Flash_22438,ricostruito_da_npy
2.0,2,0.0,True,/content/drive/MyDrive/progetto_immunogold/patches/images/SA-MAG_X25k_JEM-1400 Flash_22438_x1792_y1344.png,SA-MAG_X25k_JEM-1400 Flash_22438,ricostruito_da_npy
0.0,0,0.0,True,/content/drive/MyDrive/progetto_immunogold/patches/images/SA-MAG_X25k_JEM-1400 Flash_22438_x1792_y1568.png,SA-MAG_X25k_JEM-1400 Flash_22438,ricostruito_da_npy
0.9999999403953552,1,5.960464477539063e-08,True,/content/drive/MyDrive/progetto_immunogold/patches/images/SA-MAG_X25k_JEM-1400 Flash_22438_x1792_y1792.png,SA-MAG_X25k_JEM-1400 Flash_22438,ricostruito_da_npy
1.0,1,0.0,True,/content/drive/MyDrive/progetto_immunogold/patches/images/SA-MAG_X25k_JEM-1400 Flash_22438_x1792_y224.png,SA-MAG_X25k_JEM-1400 Flash_22438,ricostruito_da_npy
2.714488983154297,3,0.0951703389485677,False,/content/drive/MyDrive/progetto_immunogold/patches/images/SA-MAG_X25k_JEM-1400 Flash_22438_x1792_y448.png,SA-MAG_X25k_JEM-1400 Flash_22438,ricostruito_da_npy
0.0,0,0.0,True,/content/drive/MyDrive/progetto_immunogold/patches/images/SA-MAG_X25k_JEM-1400 Flash_22438_x1792_y672.png,SA-MAG_X25k_JEM-1400 Flash_22438,ricostruito_da_npy
0.0,0,0.0,True,/content/drive/MyDrive/progetto_immunogold/patches/images/SA-MAG_X25k_JEM-1400 Flash_22438_x1792_y896.png,SA-MAG_X25k_JEM-1400 Flash_22438,ricostruito_da_npy
0.0,0,0.0,True,/content/drive/MyDrive/progetto_immunogold/patches/images/SA-MAG_X25k_JEM-1400 Flash_22438_x224_y0.png,SA-MAG_X25k_JEM-1400 Flash_22438,ricostruito_da_npy
3.392876625061035,4,0.1517808437347412,False,/content/drive/MyDrive/progetto_immunogold/patches/images/SA-MAG_X25k_JEM-1400 Flash_22438_x224_y1120.png,SA-MAG_X25k_JEM-1400 Flash_22438,ricostruito_da_npy
4.877725601196289,5,0.024454879760742187,True,/content/drive/MyDrive/progetto_immunogold/patches/images/SA-MAG_X25k_JEM-1400 Flash_22438_x224_y1344.png,SA-MAG_X25k_JEM-1400 Flash_22438,ricostruito_da_npy
3.0,3,0.0,True,/content/drive/MyDrive/progetto_immunogold/patches/images/SA-MAG_X25k_JEM-1400 Flash_22438_x224_y1568.png,SA-MAG_X25k_JEM-1400 Flash_22438,ricostruito_da_npy
3.651402473449707,4,0.08714938163757324,False,/content/drive/MyDrive/progetto_immunogold/patches/images/SA-MAG_X25k_JEM-1400 Flash_22438_x224_y1792.png,SA-MAG_X25k_JEM-1400 Flash_22438,ricostruito_da_npy
0.0,0,0.0,True,/content/drive/MyDrive/progetto_immunogold/patches/images/SA-MAG_X25k_JEM-1400 Flash_22438_x224_y224.png,SA-MAG_X25k_JEM-1400 Flash_22438,ricostruito_da_npy
1.9999266862869263,2,3.6656856536865234e-05,True,/content/drive/MyDrive/progetto_immunogold/patches/images/SA-MAG_X25k_JEM-1400 Flash_22438_x224_y448.png,SA-MAG_X25k_JEM-1400 Flash_22438,ricostruito_da_npy
0.0,0,0.0,True,/content/drive/MyDrive/progetto_immunogold/patches/images/SA-MAG_X25k_JEM-1400 Flash_22438_x224_y672.png,SA-MAG_X25k_JEM-1400 Flash_22438,ricostruito_da_npy
2.9779391288757324,3,0.007353623708089192,True,/content/drive/MyDrive/progetto_immunogold/patches/images/SA-MAG_X25k_JEM-1400 Flash_22438_x224_y896.png,SA-MAG_X25k_JEM-1400 Flash_22438,ricostruito_da_npy
3.999638080596924,4,9.047985076904297e-05,True,/content/drive/MyDrive/progetto_immunogold/patches/images/SA-MAG_X25k_JEM-1400 Flash_22438_x448_y0.png,SA-MAG_X25k_JEM-1400 Flash_22438,ricostruito_da_npy
3.7140305042266846,4,0.07149237394332886,False,/content/drive/MyDrive/progetto_immunogold/patches/images/SA-MAG_X25k_JEM-1400 Flash_22438_x448_y1120.png,SA-MAG_X25k_JEM-1400 Flash_22438,ricostruito_da_npy
4.721044540405273,5,0.05579109191894531,False,/content/drive/MyDrive/progetto_immunogold/patches/images/SA-MAG_X25k_JEM-1400 Flash_22438_x448_y1344.png,SA-MAG_X25k_JEM-1400 Flash_22438,ricostruito_da_npy
0.8784675598144531,1,0.12153244018554688,False,/content/drive/MyDrive/progetto_immunogold/patches/images/SA-MAG_X25k_JEM-1400 Flash_22438_x448_y1568.png,SA-MAG_X25k_JEM-1400 Flash_22438,ricostruito_da_npy
6.998834609985352,8,0.12514567375183105,False,/content/drive/MyDrive/progetto_immunogold/patches/images/SA-MAG_X25k_JEM-1400 Flash_22438_x448_y1792.png,SA-MAG_X25k_JEM-1400 Flash_22438,ricostruito_da_npy
0.0,0,0.0,True,/content/drive/MyDrive/progetto_immunogold/patches/images/SA-MAG_X25k_JEM-1400 Flash_22438_x448_y224.png,SA-MAG_X25k_JEM-1400 Flash_22438,ricostruito_da_npy
0.0,0,0.0,True,/content/drive/MyDrive/progetto_immunogold/patches/images/SA-MAG_X25k_JEM-1400 Flash_22438_x448_y448.png,SA-MAG_X25k_JEM-1400 Flash_22438,ricostruito_da_npy
1.991602897644043,2,0.004198551177978516,True,/content/drive/MyDrive/progetto_immunogold/patches/images/SA-MAG_X25k_JEM-1400 Flash_22438_x448_y672.png,SA-MAG_X25k_JEM-1400 Flash_22438,ricostruito_da_npy
3.93119740486145,4,0.01720064878463745,True,/content/drive/MyDrive/progetto_immunogold/patches/images/SA-MAG_X25k_JEM-1400 Flash_22438_x448_y896.png,SA-MAG_X25k_JEM-1400 Flash_22438,ricostruito_da_npy
8.339723587036133,9,0.07336404588487414,False,/content/drive/MyDrive/progetto_immunogold/patches/images/SA-MAG_X25k_JEM-1400 Flash_22438_x672_y0.png,SA-MAG_X25k_JEM-1400 Flash_22438,ricostruito_da_npy
2.9944372177124023,3,0.001854260762532552,True,/content/drive/MyDrive/progetto_immunogold/patches/images/SA-MAG_X25k_JEM-1400 Flash_22438_x672_y1120.png,SA-MAG_X25k_JEM-1400 Flash_22438,ricostruito_da_npy
4.517646789550781,5,0.09647064208984375,False,/content/drive/MyDrive/progetto_immunogold/patches/images/SA-MAG_X25k_JEM-1400 Flash_22438_x672_y1344.png,SA-MAG_X25k_JEM-1400 Flash_22438,ricostruito_da_npy
0.0,0,0.0,True,/content/drive/MyDrive/progetto_immunogold/patches/images/SA-MAG_X25k_JEM-1400 Flash_22438_x672_y1568.png,SA-MAG_X25k_JEM-1400 Flash_22438,ricostruito_da_npy
3.999873161315918,4,3.170967102050781e-05,True,/content/drive/MyDrive/progetto_immunogold/patches/images/SA-MAG_X25k_JEM-1400 Flash_22438_x672_y1792.png,SA-MAG_X25k_JEM-1400 Flash_22438,ricostruito_da_npy
2.2188119888305664,3,0.26039600372314453,False,/content/drive/MyDrive/progetto_immunogold/patches/images/SA-MAG_X25k_JEM-1400 Flash_22438_x672_y224.png,SA-MAG_X25k_JEM-1400 Flash_22438,ricostruito_da_npy
5.621274948120117,6,0.06312084197998047,False,/content/drive/MyDrive/progetto_immunogold/patches/images/SA-MAG_X25k_JEM-1400 Flash_22438_x672_y448.png,SA-MAG_X25k_JEM-1400 Flash_22438,ricostruito_da_npy
6.795421600341797,8,0.1505722999572754,False,/content/drive/MyDrive/progetto_immunogold/patches/images/SA-MAG_X25k_JEM-1400 Flash_22438_x672_y672.png,SA-MAG_X25k_JEM-1400 Flash_22438,ricostruito_da_npy
1.0,1,0.0,True,/content/drive/MyDrive/progetto_immunogold/patches/images/SA-MAG_X25k_JEM-1400 Flash_22438_x672_y896.png,SA-MAG_X25k_JEM-1400 Flash_22438,ricostruito_da_npy
2.395540714263916,3,0.20148642857869467,False,/content/drive/MyDrive/progetto_immunogold/patches/images/SA-MAG_X25k_JEM-1400 Flash_22438_x896_y0.png,SA-MAG_X25k_JEM-1400 Flash_22438,ricostruito_da_npy
0.0,0,0.0,True,/content/drive/MyDrive/progetto_immunogold/patches/images/SA-MAG_X25k_JEM-1400 Flash_22438_x896_y1120.png,SA-MAG_X25k_JEM-1400 Flash_22438,ricostruito_da_npy
0.0,0,0.0,True,/content/drive/MyDrive/progetto_immunogold/patches/images/SA-MAG_X25k_JEM-1400 Flash_22438_x896_y1344.png,SA-MAG_X25k_JEM-1400 Flash_22438,ricostruito_da_npy
0.6237753033638,1,0.37622469663619995,False,/content/drive/MyDrive/progetto_immunogold/patches/images/SA-MAG_X25k_JEM-1400 Flash_22438_x896_y1568.png,SA-MAG_X25k_JEM-1400 Flash_22438,ricostruito_da_npy
0.6297215819358826,1,0.37027841806411743,False,/content/drive/MyDrive/progetto_immunogold/patches/images/SA-MAG_X25k_JEM-1400 Flash_22438_x896_y1792.png,SA-MAG_X25k_JEM-1400 Flash_22438,ricostruito_da_npy
6.104244709014893,7,0.12796504156930105,False,/content/drive/MyDrive/progetto_immunogold/patches/images/SA-MAG_X25k_JEM-1400 Flash_22438_x896_y224.png,SA-MAG_X25k_JEM-1400 Flash_22438,ricostruito_da_npy
1.9176961183547974,2,0.04115194082260132,True,/content/drive/MyDrive/progetto_immunogold/patches/images/SA-MAG_X25k_JEM-1400 Flash_22438_x896_y448.png,SA-MAG_X25k_JEM-1400 Flash_22438,ricostruito_da_npy
0.9998733997344971,1,0.0001266002655029297,True,/content/drive/MyDrive/progetto_immunogold/patches/images/SA-MAG_X25k_JEM-1400 Flash_22438_x896_y672.png,SA-MAG_X25k_JEM-1400 Flash_22438,ricostruito_da_npy
0.0,0,0.0,True,/content/drive/MyDrive/progetto_immunogold/patches/images/SA-MAG_X25k_JEM-1400 Flash_22438_x896_y896.png,SA-MAG_X25k_JEM-1400 Flash_22438,ricostruito_da_npy
0.0,0,0.0,True,/content/drive/MyDrive/progetto_immunogold/patches/images/SA-MAG_X3000_JEM-1400 Flash_22441_x0_y0.png,SA-MAG_X3000_JEM-1400 Flash_22441,ricostruito_da_npy
1.0,1,0.0,True,/content/drive/MyDrive/progetto_immunogold/patches/images/SA-MAG_X3000_JEM-1400 Flash_22441_x0_y1120.png,SA-MAG_X3000_JEM-1400 Flash_22441,ricostruito_da_npy
7.235482692718506,8,0.09556466341018677,False,/content/drive/MyDrive/progetto_immunogold/patches/images/SA-MAG_X3000_JEM-1400 Flash_22441_x0_y1344.png,SA-MAG_X3000_JEM-1400 Flash_22441,ricostruito_da_npy
5.813714981079102,6,0.031047503153483074,True,/content/drive/MyDrive/progetto_immunogold/patches/images/SA-MAG_X3000_JEM-1400 Flash_22441_x0_y1568.png,SA-MAG_X3000_JEM-1400 Flash_22441,ricostruito_da_npy
2.0,2,0.0,True,/content/drive/MyDrive/progetto_immunogold/patches/images/SA-MAG_X3000_JEM-1400 Flash_22441_x0_y1792.png,SA-MAG_X3000_JEM-1400 Flash_22441,ricostruito_da_npy
0.0,0,0.0,True,/content/drive/MyDrive/progetto_immunogold/patches/images/SA-MAG_X3000_JEM-1400 Flash_22441_x0_y224.png,SA-MAG_X3000_JEM-1400 Flash_22441,ricostruito_da_npy
0.0,0,0.0,True,/content/drive/MyDrive/progetto_immunogold/patches/images/SA-MAG_X3000_JEM-1400 Flash_22441_x0_y448.png,SA-MAG_X3000_JEM-1400 Flash_22441,ricostruito_da_npy
3.5378975868225098,4,0.11552560329437256,False,/content/drive/MyDrive/progetto_immunogold/patches/images/SA-MAG_X3000_JEM-1400 Flash_22441_x0_y672.png,SA-MAG_X3000_JEM-1400 Flash_22441,ricostruito_da_npy
3.617713212966919,4,0.09557169675827026,False,/content/drive/MyDrive/progetto_immunogold/patches/images/SA-MAG_X3000_JEM-1400 Flash_22441_x0_y896.png,SA-MAG_X3000_JEM-1400 Flash_22441,ricostruito_da_npy
5.999037742614746,6,0.00016037623087565103,True,/content/drive/MyDrive/progetto_immunogold/patches/images/SA-MAG_X3000_JEM-1400 Flash_22441_x1120_y0.png,SA-MAG_X3000_JEM-1400 Flash_22441,ricostruito_da_npy
11.615781784057617,12,0.032018184661865234,True,/content/drive/MyDrive/progetto_immunogold/patches/images/SA-MAG_X3000_JEM-1400 Flash_22441_x1120_y1120.png,SA-MAG_X3000_JEM-1400 Flash_22441,ricostruito_da_npy
4.000000476837158,4,1.1920928955078125e-07,True,/content/drive/MyDrive/progetto_immunogold/patches/images/SA-MAG_X3000_JEM-1400 Flash_22441_x1120_y1344.png,SA-MAG_X3000_JEM-1400 Flash_22441,ricostruito_da_npy
13.426851272583008,14,0.040939194815499444,True,/content/drive/MyDrive/progetto_immunogold/patches/images/SA-MAG_X3000_JEM-1400 Flash_22441_x1120_y1568.png,SA-MAG_X3000_JEM-1400 Flash_22441,ricostruito_da_npy
35.4688606262207,36,0.014753871493869357,True,/content/drive/MyDrive/progetto_immunogold/patches/images/SA-MAG_X3000_JEM-1400 Flash_22441_x1120_y1792.png,SA-MAG_X3000_JEM-1400 Flash_22441,ricostruito_da_npy
11.572478294372559,12,0.03562680880228678,True,/content/drive/MyDrive/progetto_immunogold/patches/images/SA-MAG_X3000_JEM-1400 Flash_22441_x1120_y224.png,SA-MAG_X3000_JEM-1400 Flash_22441,ricostruito_da_npy
6.98919677734375,7,0.0015433175223214285,True,/content/drive/MyDrive/progetto_immunogold/patches/images/SA-MAG_X3000_JEM-1400 Flash_22441_x1120_y448.png,SA-MAG_X3000_JEM-1400 Flash_22441,ricostruito_da_npy
5.999910831451416,6,1.4861424763997396e-05,True,/content/drive/MyDrive/progetto_immunogold/patches/images/SA-MAG_X3000_JEM-1400 Flash_22441_x1120_y672.png,SA-MAG_X3000_JEM-1400 Flash_22441,ricostruito_da_npy
17.79667854309082,18,0.011295636494954428,True,/content/drive/MyDrive/progetto_immunogold/patches/images/SA-MAG_X3000_JEM-1400 Flash_22441_x1120_y896.png,SA-MAG_X3000_JEM-1400 Flash_22441,ricostruito_da_npy
6.000000476837158,6,7.947285970052083e-08,True,/content/drive/MyDrive/progetto_immunogold/patches/images/SA-MAG_X3000_JEM-1400 Flash_22441_x1344_y0.png,SA-MAG_X3000_JEM-1400 Flash_22441,ricostruito_da_npy
0.9891963601112366,1,0.010803639888763428,True,/content/drive/MyDrive/progetto_immunogold/patches/images/SA-MAG_X3000_JEM-1400 Flash_22441_x1344_y1120.png,SA-MAG_X3000_JEM-1400 Flash_22441,ricostruito_da_npy
0.0,0,0.0,True,/content/drive/MyDrive/progetto_immunogold/patches/images/SA-MAG_X3000_JEM-1400 Flash_22441_x1344_y1344.png,SA-MAG_X3000_JEM-1400 Flash_22441,ricostruito_da_npy
0.0,0,0.0,True,/content/drive/MyDrive/progetto_immunogold/patches/images/SA-MAG_X3000_JEM-1400 Flash_22441_x1344_y1568.png,SA-MAG_X3000_JEM-1400 Flash_22441,ricostruito_da_npy
4.506787300109863,5,0.09864253997802734,False,/content/drive/MyDrive/progetto_immunogold/patches/images/SA-MAG_X3000_JEM-1400 Flash_22441_x1344_y1792.png,SA-MAG_X3000_JEM-1400 Flash_22441,ricostruito_da_npy
2.0,2,0.0,True,/content/drive/MyDrive/progetto_immunogold/patches/images/SA-MAG_X3000_JEM-1400 Flash_22441_x1344_y224.png,SA-MAG_X3000_JEM-1400 Flash_22441,ricostruito_da_npy
0.0,0,0.0,True,/content/drive/MyDrive/progetto_immunogold/patches/images/SA-MAG_X3000_JEM-1400 Flash_22441_x1344_y448.png,SA-MAG_X3000_JEM-1400 Flash_22441,ricostruito_da_npy
0.0,0,0.0,True,/content/drive/MyDrive/progetto_immunogold/patches/images/SA-MAG_X3000_JEM-1400 Flash_22441_x1344_y672.png,SA-MAG_X3000_JEM-1400 Flash_22441,ricostruito_da_npy
0.0,0,0.0,True,/content/drive/MyDrive/progetto_immunogold/patches/images/SA-MAG_X3000_JEM-1400 Flash_22441_x1344_y896.png,SA-MAG_X3000_JEM-1400 Flash_22441,ricostruito_da_npy
0.955208420753479,1,0.044791579246520996,True,/content/drive/MyDrive/progetto_immunogold/patches/images/SA-MAG_X3000_JEM-1400 Flash_22441_x1568_y0.png,SA-MAG_X3000_JEM-1400 Flash_22441,ricostruito_da_npy
0.0,0,0.0,True,/content/drive/MyDrive/progetto_immunogold/patches/images/SA-MAG_X3000_JEM-1400 Flash_22441_x1568_y1120.png,SA-MAG_X3000_JEM-1400 Flash_22441,ricostruito_da_npy
0.0,0,0.0,True,/content/drive/MyDrive/progetto_immunogold/patches/images/SA-MAG_X3000_JEM-1400 Flash_22441_x1568_y1344.png,SA-MAG_X3000_JEM-1400 Flash_22441,ricostruito_da_npy
0.0,0,0.0,True,/content/drive/MyDrive/progetto_immunogold/patches/images/SA-MAG_X3000_JEM-1400 Flash_22441_x1568_y1568.png,SA-MAG_X3000_JEM-1400 Flash_22441,ricostruito_da_npy
0.0,0,0.0,True,/content/drive/MyDrive/progetto_immunogold/patches/images/SA-MAG_X3000_JEM-1400 Flash_22441_x1568_y1792.png,SA-MAG_X3000_JEM-1400 Flash_22441,ricostruito_da_npy
0.0,0,0.0,True,/content/drive/MyDrive/progetto_immunogold/patches/images/SA-MAG_X3000_JEM-1400 Flash_22441_x1568_y224.png,SA-MAG_X3000_JEM-1400 Flash_22441,ricostruito_da_npy
0.0,0,0.0,True,/content/drive/MyDrive/progetto_immunogold/patches/images/SA-MAG_X3000_JEM-1400 Flash_22441_x1568_y448.png,SA-MAG_X3000_JEM-1400 Flash_22441,ricostruito_da_npy
0.0,0,0.0,True,/content/drive/MyDrive/progetto_immunogold/patches/images/SA-MAG_X3000_JEM-1400 Flash_22441_x1568_y672.png,SA-MAG_X3000_JEM-1400 Flash_22441,ricostruito_da_npy
0.0,0,0.0,True,/content/drive/MyDrive/progetto_immunogold/patches/images/SA-MAG_X3000_JEM-1400 Flash_22441_x1568_y896.png,SA-MAG_X3000_JEM-1400 Flash_22441,ricostruito_da_npy
0.0,0,0.0,True,/content/drive/MyDrive/progetto_immunogold/patches/images/SA-MAG_X3000_JEM-1400 Flash_22441_x1792_y0.png,SA-MAG_X3000_JEM-1400 Flash_22441,ricostruito_da_npy
0.0,0,0.0,True,/content/drive/MyDrive/progetto_immunogold/patches/images/SA-MAG_X3000_JEM-1400 Flash_22441_x1792_y1120.png,SA-MAG_X3000_JEM-1400 Flash_22441,ricostruito_da_npy
0.0,0,0.0,True,/content/drive/MyDrive/progetto_immunogold/patches/images/SA-MAG_X3000_JEM-1400 Flash_22441_x1792_y1344.png,SA-MAG_X3000_JEM-1400 Flash_22441,ricostruito_da_npy
0.0,0,0.0,True,/content/drive/MyDrive/progetto_immunogold/patches/images/SA-MAG_X3000_JEM-1400 Flash_22441_x1792_y1568.png,SA-MAG_X3000_JEM-1400 Flash_22441,ricostruito_da_npy
0.0,0,0.0,True,/content/drive/MyDrive/progetto_immunogold/patches/images/SA-MAG_X3000_JEM-1400 Flash_22441_x1792_y1792.png,SA-MAG_X3000_JEM-1400 Flash_22441,ricostruito_da_npy
0.0,0,0.0,True,/content/drive/MyDrive/progetto_immunogold/patches/images/SA-MAG_X3000_JEM-1400 Flash_22441_x1792_y224.png,SA-MAG_X3000_JEM-1400 Flash_22441,ricostruito_da_npy
0.0,0,0.0,True,/content/drive/MyDrive/progetto_immunogold/patches/images/SA-MAG_X3000_JEM-1400 Flash_22441_x1792_y448.png,SA-MAG_X3000_JEM-1400 Flash_22441,ricostruito_da_npy
0.0,0,0.0,True,/content/drive/MyDrive/progetto_immunogold/patches/images/SA-MAG_X3000_JEM-1400 Flash_22441_x1792_y672.png,SA-MAG_X3000_JEM-1400 Flash_22441,ricostruito_da_npy
0.0,0,0.0,True,/content/drive/MyDrive/progetto_immunogold/patches/images/SA-MAG_X3000_JEM-1400 Flash_22441_x1792_y896.png,SA-MAG_X3000_JEM-1400 Flash_22441,ricostruito_da_npy
0.0,0,0.0,True,/content/drive/MyDrive/progetto_immunogold/patches/images/SA-MAG_X3000_JEM-1400 Flash_22441_x224_y0.png,SA-MAG_X3000_JEM-1400 Flash_22441,ricostruito_da_npy
11.744759559631348,12,0.021270036697387695,True,/content/drive/MyDrive/progetto_immunogold/patches/images/SA-MAG_X3000_JEM-1400 Flash_22441_x224_y1120.png,SA-MAG_X3000_JEM-1400 Flash_22441,ricostruito_da_npy
5.765721321105957,6,0.03904644648234049,True,/content/drive/MyDrive/progetto_immunogold/patches/images/SA-MAG_X3000_JEM-1400 Flash_22441_x224_y1344.png,SA-MAG_X3000_JEM-1400 Flash_22441,ricostruito_da_npy
6.431456565856934,7,0.08122049059186663,False,/content/drive/MyDrive/progetto_immunogold/patches/images/SA-MAG_X3000_JEM-1400 Flash_22441_x224_y1568.png,SA-MAG_X3000_JEM-1400 Flash_22441,ricostruito_da_npy
4.999783992767334,5,4.320144653320312e-05,True,/content/drive/MyDrive/progetto_immunogold/patches/images/SA-MAG_X3000_JEM-1400 Flash_22441_x224_y1792.png,SA-MAG_X3000_JEM-1400 Flash_22441,ricostruito_da_npy
6.617170810699463,7,0.054689884185791016,False,/content/drive/MyDrive/progetto_immunogold/patches/images/SA-MAG_X3000_JEM-1400 Flash_22441_x224_y224.png,SA-MAG_X3000_JEM-1400 Flash_22441,ricostruito_da_npy
6.615869998931885,7,0.05487571443830218,False,/content/drive/MyDrive/progetto_immunogold/patches/images/SA-MAG_X3000_JEM-1400 Flash_22441_x224_y448.png,SA-MAG_X3000_JEM-1400 Flash_22441,ricostruito_da_npy
7.998128890991211,8,0.0002338886260986328,True,/content/drive/MyDrive/progetto_immunogold/patches/images/SA-MAG_X3000_JEM-1400 Flash_22441_x224_y672.png,SA-MAG_X3000_JEM-1400 Flash_22441,ricostruito_da_npy
6.601078510284424,7,0.05698878424508231,False,/content/drive/MyDrive/progetto_immunogold/patches/images/SA-MAG_X3000_JEM-1400 Flash_22441_x224_y896.png,SA-MAG_X3000_JEM-1400 Flash_22441,ricostruito_da_npy
0.9999999403953552,1,5.960464477539063e-08,True,/content/drive/MyDrive/progetto_immunogold/patches/images/SA-MAG_X3000_JEM-1400 Flash_22441_x448_y0.png,SA-MAG_X3000_JEM-1400 Flash_22441,ricostruito_da_npy
15.388871192932129,16,0.03819555044174194,True,/content/drive/MyDrive/progetto_immunogold/patches/images/SA-MAG_X3000_JEM-1400 Flash_22441_x448_y1120.png,SA-MAG_X3000_JEM-1400 Flash_22441,ricostruito_da_npy
10.793973922729492,12,0.10050217310587566,False,/content/drive/MyDrive/progetto_immunogold/patches/images/SA-MAG_X3000_JEM-1400 Flash_22441_x448_y1344.png,SA-MAG_X3000_JEM-1400 Flash_22441,ricostruito_da_npy
9.999784469604492,10,2.155303955078125e-05,True,/content/drive/MyDrive/progetto_immunogold/patches/images/SA-MAG_X3000_JEM-1400 Flash_22441_x448_y1568.png,SA-MAG_X3000_JEM-1400 Flash_22441,ricostruito_da_npy
6.999999523162842,7,6.811959402901785e-08,True,/content/drive/MyDrive/progetto_immunogold/patches/images/SA-MAG_X3000_JEM-1400 Flash_22441_x448_y1792.png,SA-MAG_X3000_JEM-1400 Flash_22441,ricostruito_da_npy
11.999009132385254,12,8.257230122884114e-05,True,/content/drive/MyDrive/progetto_immunogold/patches/images/SA-MAG_X3000_JEM-1400 Flash_22441_x448_y224.png,SA-MAG_X3000_JEM-1400 Flash_22441,ricostruito_da_npy
9.999971389770508,10,2.86102294921875e-06,True,/content/drive/MyDrive/progetto_immunogold/patches/images/SA-MAG_X3000_JEM-1400 Flash_22441_x448_y448.png,SA-MAG_X3000_JEM-1400 Flash_22441,ricostruito_da_npy
14.8028564453125,15,0.013142903645833334,True,/content/drive/MyDrive/progetto_immunogold/patches/images/SA-MAG_X3000_JEM-1400 Flash_22441_x448_y672.png,SA-MAG_X3000_JEM-1400 Flash_22441,ricostruito_da_npy
13.814615249633789,15,0.07902565002441406,False,/content/drive/MyDrive/progetto_immunogold/patches/images/SA-MAG_X3000_JEM-1400 Flash_22441_x448_y896.png,SA-MAG_X3000_JEM-1400 Flash_22441,ricostruito_da_npy
3.9965107440948486,4,0.0008723139762878418,True,/content/drive/MyDrive/progetto_immunogold/patches/images/SA-MAG_X3000_JEM-1400 Flash_22441_x672_y0.png,SA-MAG_X3000_JEM-1400 Flash_22441,ricostruito_da_npy
9.884764671325684,10,0.01152353286743164,True,/content/drive/MyDrive/progetto_immunogold/patches/images/SA-MAG_X3000_JEM-1400 Flash_22441_x672_y1120.png,SA-MAG_X3000_JEM-1400 Flash_22441,ricostruito_da_npy
14.999999046325684,15,6.357828776041667e-08,True,/content/drive/MyDrive/progetto_immunogold/patches/images/SA-MAG_X3000_JEM-1400 Flash_22441_x672_y1344.png,SA-MAG_X3000_JEM-1400 Flash_22441,ricostruito_da_npy
6.518850803375244,7,0.06873559951782227,False,/content/drive/MyDrive/progetto_immunogold/patches/images/SA-MAG_X3000_JEM-1400 Flash_22441_x672_y1568.png,SA-MAG_X3000_JEM-1400 Flash_22441,ricostruito_da_npy
3.971022605895996,4,0.0072443485260009766,True,/content/drive/MyDrive/progetto_immunogold/patches/images/SA-MAG_X3000_JEM-1400 Flash_22441_x672_y1792.png,SA-MAG_X3000_JEM-1400 Flash_22441,ricostruito_da_npy
6.989196300506592,7,0.0015433856419154576,True,/content/drive/MyDrive/progetto_immunogold/patches/images/SA-MAG_X3000_JEM-1400 Flash_22441_x672_y224.png,SA-MAG_X3000_JEM-1400 Flash_22441,ricostruito_da_npy
2.9820139408111572,3,0.005995353062947591,True,/content/drive/MyDrive/progetto_immunogold/patches/images/SA-MAG_X3000_JEM-1400 Flash_22441_x672_y448.png,SA-MAG_X3000_JEM-1400 Flash_22441,ricostruito_da_npy
4.558629989624023,5,0.08827400207519531,False,/content/drive/MyDrive/progetto_immunogold/patches/images/SA-MAG_X3000_JEM-1400 Flash_22441_x672_y672.png,SA-MAG_X3000_JEM-1400 Flash_22441,ricostruito_da_npy
9.896402359008789,10,0.010359764099121094,True,/content/drive/MyDrive/progetto_immunogold/patches/images/SA-MAG_X3000_JEM-1400 Flash_22441_x672_y896.png,SA-MAG_X3000_JEM-1400 Flash_22441,ricostruito_da_npy
5.999910831451416,6,1.4861424763997396e-05,True,/content/drive/MyDrive/progetto_immunogold/patches/images/SA-MAG_X3000_JEM-1400 Flash_22441_x896_y0.png,SA-MAG_X3000_JEM-1400 Flash_22441,ricostruito_da_npy
3.7934062480926514,4,0.05164843797683716,False,/content/drive/MyDrive/progetto_immunogold/patches/images/SA-MAG_X3000_JEM-1400 Flash_22441_x896_y1120.png,SA-MAG_X3000_JEM-1400 Flash_22441,ricostruito_da_npy
1.8639819622039795,2,0.06800901889801025,False,/content/drive/MyDrive/progetto_immunogold/patches/images/SA-MAG_X3000_JEM-1400 Flash_22441_x896_y1344.png,SA-MAG_X3000_JEM-1400 Flash_22441,ricostruito_da_npy
6.999972343444824,7,3.950936453683036e-06,True,/content/drive/MyDrive/progetto_immunogold/patches/images/SA-MAG_X3000_JEM-1400 Flash_22441_x896_y1568.png,SA-MAG_X3000_JEM-1400 Flash_22441,ricostruito_da_npy
17.249860763549805,18,0.041674402025010854,True,/content/drive/MyDrive/progetto_immunogold/patches/images/SA-MAG_X3000_JEM-1400 Flash_22441_x896_y1792.png,SA-MAG_X3000_JEM-1400 Flash_22441,ricostruito_da_npy
4.9028754234313965,5,0.019424915313720703,True,/content/drive/MyDrive/progetto_immunogold/patches/images/SA-MAG_X3000_JEM-1400 Flash_22441_x896_y224.png,SA-MAG_X3000_JEM-1400 Flash_22441,ricostruito_da_npy
10.96953010559082,12,0.08587249120076497,False,/content/drive/MyDrive/progetto_immunogold/patches/images/SA-MAG_X3000_JEM-1400 Flash_22441_x896_y448.png,SA-MAG_X3000_JEM-1400 Flash_22441,ricostruito_da_npy
7.736237525939941,8,0.032970309257507324,True,/content/drive/MyDrive/progetto_immunogold/patches/images/SA-MAG_X3000_JEM-1400 Flash_22441_x896_y672.png,SA-MAG_X3000_JEM-1400 Flash_22441,ricostruito_da_npy
3.4372811317443848,4,0.1406797170639038,False,/content/drive/MyDrive/progetto_immunogold/patches/images/SA-MAG_X3000_JEM-1400 Flash_22441_x896_y896.png,SA-MAG_X3000_JEM-1400 Flash_22441,ricostruito_da_npy
0.6962150931358337,1,0.30378490686416626,False,/content/drive/MyDrive/progetto_immunogold/patches/images/SA-MAG_X30k_JEM-1400 Flash_22426_x0_y0.png,SA-MAG_X30k_JEM-1400 Flash_22426,ricostruito_da_npy
0.0,0,0.0,True,/content/drive/MyDrive/progetto_immunogold/patches/images/SA-MAG_X30k_JEM-1400 Flash_22426_x0_y1120.png,SA-MAG_X30k_JEM-1400 Flash_22426,ricostruito_da_npy
2.7708933353424072,3,0.07636888821919759,False,/content/drive/MyDrive/progetto_immunogold/patches/images/SA-MAG_X30k_JEM-1400 Flash_22426_x0_y1344.png,SA-MAG_X30k_JEM-1400 Flash_22426,ricostruito_da_npy
0.0,0,0.0,True,/content/drive/MyDrive/progetto_immunogold/patches/images/SA-MAG_X30k_JEM-1400 Flash_22426_x0_y1568.png,SA-MAG_X30k_JEM-1400 Flash_22426,ricostruito_da_npy
7.557039737701416,8,0.055370032787323,False,/content/drive/MyDrive/progetto_immunogold/patches/images/SA-MAG_X30k_JEM-1400 Flash_22426_x0_y1792.png,SA-MAG_X30k_JEM-1400 Flash_22426,ricostruito_da_npy
1.0,1,0.0,True,/content/drive/MyDrive/progetto_immunogold/patches/images/SA-MAG_X30k_JEM-1400 Flash_22426_x0_y224.png,SA-MAG_X30k_JEM-1400 Flash_22426,ricostruito_da_npy
5.0,5,0.0,True,/content/drive/MyDrive/progetto_immunogold/patches/images/SA-MAG_X30k_JEM-1400 Flash_22426_x0_y448.png,SA-MAG_X30k_JEM-1400 Flash_22426,ricostruito_da_npy
1.0,1,0.0,True,/content/drive/MyDrive/progetto_immunogold/patches/images/SA-MAG_X30k_JEM-1400 Flash_22426_x0_y672.png,SA-MAG_X30k_JEM-1400 Flash_22426,ricostruito_da_npy
0.0,0,0.0,True,/content/drive/MyDrive/progetto_immunogold/patches/images/SA-MAG_X30k_JEM-1400 Flash_22426_x0_y896.png,SA-MAG_X30k_JEM-1400 Flash_22426,ricostruito_da_npy
0.0,0,0.0,True,/content/drive/MyDrive/progetto_immunogold/patches/images/SA-MAG_X30k_JEM-1400 Flash_22426_x1120_y0.png,SA-MAG_X30k_JEM-1400 Flash_22426,ricostruito_da_npy
2.0,2,0.0,True,/content/drive/MyDrive/progetto_immunogold/patches/images/SA-MAG_X30k_JEM-1400 Flash_22426_x1120_y1120.png,SA-MAG_X30k_JEM-1400 Flash_22426,ricostruito_da_npy
1.0,1,0.0,True,/content/drive/MyDrive/progetto_immunogold/patches/images/SA-MAG_X30k_JEM-1400 Flash_22426_x1120_y1344.png,SA-MAG_X30k_JEM-1400 Flash_22426,ricostruito_da_npy
5.999842166900635,6,2.6305516560872395e-05,True,/content/drive/MyDrive/progetto_immunogold/patches/images/SA-MAG_X30k_JEM-1400 Flash_22426_x1120_y1568.png,SA-MAG_X30k_JEM-1400 Flash_22426,ricostruito_da_npy
2.9998631477355957,3,4.561742146809896e-05,True,/content/drive/MyDrive/progetto_immunogold/patches/images/SA-MAG_X30k_JEM-1400 Flash_22426_x1120_y1792.png,SA-MAG_X30k_JEM-1400 Flash_22426,ricostruito_da_npy
0.9929509162902832,1,0.007049083709716797,True,/content/drive/MyDrive/progetto_immunogold/patches/images/SA-MAG_X30k_JEM-1400 Flash_22426_x1120_y224.png,SA-MAG_X30k_JEM-1400 Flash_22426,ricostruito_da_npy
1.8846012353897095,2,0.057699382305145264,False,/content/drive/MyDrive/progetto_immunogold/patches/images/SA-MAG_X30k_JEM-1400 Flash_22426_x1120_y448.png,SA-MAG_X30k_JEM-1400 Flash_22426,ricostruito_da_npy
0.0,0,0.0,True,/content/drive/MyDrive/progetto_immunogold/patches/images/SA-MAG_X30k_JEM-1400 Flash_22426_x1120_y672.png,SA-MAG_X30k_JEM-1400 Flash_22426,ricostruito_da_npy
0.8039782047271729,1,0.19602179527282715,False,/content/drive/MyDrive/progetto_immunogold/patches/images/SA-MAG_X30k_JEM-1400 Flash_22426_x1120_y896.png,SA-MAG_X30k_JEM-1400 Flash_22426,ricostruito_da_npy
0.0,0,0.0,True,/content/drive/MyDrive/progetto_immunogold/patches/images/SA-MAG_X30k_JEM-1400 Flash_22426_x1344_y0.png,SA-MAG_X30k_JEM-1400 Flash_22426,ricostruito_da_npy
4.884479999542236,5,0.023104000091552734,True,/content/drive/MyDrive/progetto_immunogold/patches/images/SA-MAG_X30k_JEM-1400 Flash_22426_x1344_y1120.png,SA-MAG_X30k_JEM-1400 Flash_22426,ricostruito_da_npy
1.0,1,0.0,True,/content/drive/MyDrive/progetto_immunogold/patches/images/SA-MAG_X30k_JEM-1400 Flash_22426_x1344_y1344.png,SA-MAG_X30k_JEM-1400 Flash_22426,ricostruito_da_npy
0.0,0,0.0,True,/content/drive/MyDrive/progetto_immunogold/patches/images/SA-MAG_X30k_JEM-1400 Flash_22426_x1344_y1568.png,SA-MAG_X30k_JEM-1400 Flash_22426,ricostruito_da_npy
0.0,0,0.0,True,/content/drive/MyDrive/progetto_immunogold/patches/images/SA-MAG_X30k_JEM-1400 Flash_22426_x1344_y1792.png,SA-MAG_X30k_JEM-1400 Flash_22426,ricostruito_da_npy
1.9999594688415527,2,2.0265579223632812e-05,True,/content/drive/MyDrive/progetto_immunogold/patches/images/SA-MAG_X30k_JEM-1400 Flash_22426_x1344_y224.png,SA-MAG_X30k_JEM-1400 Flash_22426,ricostruito_da_npy
0.9999999403953552,1,5.960464477539063e-08,True,/content/drive/MyDrive/progetto_immunogold/patches/images/SA-MAG_X30k_JEM-1400 Flash_22426_x1344_y448.png,SA-MAG_X30k_JEM-1400 Flash_22426,ricostruito_da_npy
0.0,0,0.0,True,/content/drive/MyDrive/progetto_immunogold/patches/images/SA-MAG_X30k_JEM-1400 Flash_22426_x1344_y672.png,SA-MAG_X30k_JEM-1400 Flash_22426,ricostruito_da_npy
2.9902515411376953,3,0.003249486287434896,True,/content/drive/MyDrive/progetto_immunogold/patches/images/SA-MAG_X30k_JEM-1400 Flash_22426_x1344_y896.png,SA-MAG_X30k_JEM-1400 Flash_22426,ricostruito_da_npy
1.0,1,0.0,True,/content/drive/MyDrive/progetto_immunogold/patches/images/SA-MAG_X30k_JEM-1400 Flash_22426_x1568_y0.png,SA-MAG_X30k_JEM-1400 Flash_22426,ricostruito_da_npy
2.7708933353424072,3,0.07636888821919759,False,/content/drive/MyDrive/progetto_immunogold/patches/images/SA-MAG_X30k_JEM-1400 Flash_22426_x1568_y1120.png,SA-MAG_X30k_JEM-1400 Flash_22426,ricostruito_da_npy
1.0,1,0.0,True,/content/drive/MyDrive/progetto_immunogold/patches/images/SA-MAG_X30k_JEM-1400 Flash_22426_x1568_y1344.png,SA-MAG_X30k_JEM-1400 Flash_22426,ricostruito_da_npy
0.0,0,0.0,True,/content/drive/MyDrive/progetto_immunogold/patches/images/SA-MAG_X30k_JEM-1400 Flash_22426_x1568_y1568.png,SA-MAG_X30k_JEM-1400 Flash_22426,ricostruito_da_npy
0.905314564704895,1,0.09468543529510498,False,/content/drive/MyDrive/progetto_immunogold/patches/images/SA-MAG_X30k_JEM-1400 Flash_22426_x1568_y1792.png,SA-MAG_X30k_JEM-1400 Flash_22426,ricostruito_da_npy
0.9999999403953552,1,5.960464477539063e-08,True,/content/drive/MyDrive/progetto_immunogold/patches/images/SA-MAG_X30k_JEM-1400 Flash_22426_x1568_y224.png,SA-MAG_X30k_JEM-1400 Flash_22426,ricostruito_da_npy
0.9999999403953552,1,5.960464477539063e-08,True,/content/drive/MyDrive/progetto_immunogold/patches/images/SA-MAG_X30k_JEM-1400 Flash_22426_x1568_y448.png,SA-MAG_X30k_JEM-1400 Flash_22426,ricostruito_da_npy
0.0,0,0.0,True,/content/drive/MyDrive/progetto_immunogold/patches/images/SA-MAG_X30k_JEM-1400 Flash_22426_x1568_y672.png,SA-MAG_X30k_JEM-1400 Flash_22426,ricostruito_da_npy
2.998217821121216,3,0.0005940596262613932,True,/content/drive/MyDrive/progetto_immunogold/patches/images/SA-MAG_X30k_JEM-1400 Flash_22426_x1568_y896.png,SA-MAG_X30k_JEM-1400 Flash_22426,ricostruito_da_npy
0.0,0,0.0,True,/content/drive/MyDrive/progetto_immunogold/patches/images/SA-MAG_X30k_JEM-1400 Flash_22426_x1792_y0.png,SA-MAG_X30k_JEM-1400 Flash_22426,ricostruito_da_npy
0.0,0,0.0,True,/content/drive/MyDrive/progetto_immunogold/patches/images/SA-MAG_X30k_JEM-1400 Flash_22426_x1792_y1120.png,SA-MAG_X30k_JEM-1400 Flash_22426,ricostruito_da_npy
0.9999999403953552,1,5.960464477539063e-08,True,/content/drive/MyDrive/progetto_immunogold/patches/images/SA-MAG_X30k_JEM-1400 Flash_22426_x1792_y1344.png,SA-MAG_X30k_JEM-1400 Flash_22426,ricostruito_da_npy
0.0,0,0.0,True,/content/drive/MyDrive/progetto_immunogold/patches/images/SA-MAG_X30k_JEM-1400 Flash_22426_x1792_y1568.png,SA-MAG_X30k_JEM-1400 Flash_22426,ricostruito_da_npy
2.98954176902771,3,0.003486076990763346,True,/content/drive/MyDrive/progetto_immunogold/patches/images/SA-MAG_X30k_JEM-1400 Flash_22426_x1792_y1792.png,SA-MAG_X30k_JEM-1400 Flash_22426,ricostruito_da_npy
0.0,0,0.0,True,/content/drive/MyDrive/progetto_immunogold/patches/images/SA-MAG_X30k_JEM-1400 Flash_22426_x1792_y224.png,SA-MAG_X30k_JEM-1400 Flash_22426,ricostruito_da_npy
0.0,0,0.0,True,/content/drive/MyDrive/progetto_immunogold/patches/images/SA-MAG_X30k_JEM-1400 Flash_22426_x1792_y448.png,SA-MAG_X30k_JEM-1400 Flash_22426,ricostruito_da_npy
0.0,0,0.0,True,/content/drive/MyDrive/progetto_immunogold/patches/images/SA-MAG_X30k_JEM-1400 Flash_22426_x1792_y672.png,SA-MAG_X30k_JEM-1400 Flash_22426,ricostruito_da_npy
5.538125514984131,6,0.0769790808359782,False,/content/drive/MyDrive/progetto_immunogold/patches/images/SA-MAG_X30k_JEM-1400 Flash_22426_x1792_y896.png,SA-MAG_X30k_JEM-1400 Flash_22426,ricostruito_da_npy
1.326729655265808,2,0.33663517236709595,False,/content/drive/MyDrive/progetto_immunogold/patches/images/SA-MAG_X30k_JEM-1400 Flash_22426_x224_y0.png,SA-MAG_X30k_JEM-1400 Flash_22426,ricostruito_da_npy
0.0,0,0.0,True,/content/drive/MyDrive/progetto_immunogold/patches/images/SA-MAG_X30k_JEM-1400 Flash_22426_x224_y1120.png,SA-MAG_X30k_JEM-1400 Flash_22426,ricostruito_da_npy
2.9035327434539795,3,0.032155752182006836,True,/content/drive/MyDrive/progetto_immunogold/patches/images/SA-MAG_X30k_JEM-1400 Flash_22426_x224_y1344.png,SA-MAG_X30k_JEM-1400 Flash_22426,ricostruito_da_npy
2.950202226638794,3,0.016599257787068684,True,/content/drive/MyDrive/progetto_immunogold/patches/images/SA-MAG_X30k_JEM-1400 Flash_22426_x224_y1568.png,SA-MAG_X30k_JEM-1400 Flash_22426,ricostruito_da_npy
2.9949047565460205,3,0.0016984144846598308,True,/content/drive/MyDrive/progetto_immunogold/patches/images/SA-MAG_X30k_JEM-1400 Flash_22426_x224_y1792.png,SA-MAG_X30k_JEM-1400 Flash_22426,ricostruito_da_npy
1.0000001192092896,1,1.1920928955078125e-07,True,/content/drive/MyDrive/progetto_immunogold/patches/images/SA-MAG_X30k_JEM-1400 Flash_22426_x224_y224.png,SA-MAG_X30k_JEM-1400 Flash_22426,ricostruito_da_npy
1.0,1,0.0,True,/content/drive/MyDrive/progetto_immunogold/patches/images/SA-MAG_X30k_JEM-1400 Flash_22426_x224_y448.png,SA-MAG_X30k_JEM-1400 Flash_22426,ricostruito_da_npy
2.9205870628356934,3,0.02647097905476888,True,/content/drive/MyDrive/progetto_immunogold/patches/images/SA-MAG_X30k_JEM-1400 Flash_22426_x224_y672.png,SA-MAG_X30k_JEM-1400 Flash_22426,ricostruito_da_npy
2.7292797565460205,3,0.09024008115132649,False,/content/drive/MyDrive/progetto_immunogold/patches/images/SA-MAG_X30k_JEM-1400 Flash_22426_x224_y896.png,SA-MAG_X30k_JEM-1400 Flash_22426,ricostruito_da_npy
0.0,0,0.0,True,/content/drive/MyDrive/progetto_immunogold/patches/images/SA-MAG_X30k_JEM-1400 Flash_22426_x448_y0.png,SA-MAG_X30k_JEM-1400 Flash_22426,ricostruito_da_npy
0.0,0,0.0,True,/content/drive/MyDrive/progetto_immunogold/patches/images/SA-MAG_X30k_JEM-1400 Flash_22426_x448_y1120.png,SA-MAG_X30k_JEM-1400 Flash_22426,ricostruito_da_npy
0.9903664588928223,1,0.009633541107177734,True,/content/drive/MyDrive/progetto_immunogold/patches/images/SA-MAG_X30k_JEM-1400 Flash_22426_x448_y1344.png,SA-MAG_X30k_JEM-1400 Flash_22426,ricostruito_da_npy
6.212194919586182,7,0.11254358291625977,False,/content/drive/MyDrive/progetto_immunogold/patches/images/SA-MAG_X30k_JEM-1400 Flash_22426_x448_y1568.png,SA-MAG_X30k_JEM-1400 Flash_22426,ricostruito_da_npy
3.9987783432006836,4,0.00030541419982910156,True,/content/drive/MyDrive/progetto_immunogold/patches/images/SA-MAG_X30k_JEM-1400 Flash_22426_x448_y1792.png,SA-MAG_X30k_JEM-1400 Flash_22426,ricostruito_da_npy
0.0,0,0.0,True,/content/drive/MyDrive/progetto_immunogold/patches/images/SA-MAG_X30k_JEM-1400 Flash_22426_x448_y224.png,SA-MAG_X30k_JEM-1400 Flash_22426,ricostruito_da_npy
0.0,0,0.0,True,/content/drive/MyDrive/progetto_immunogold/patches/images/SA-MAG_X30k_JEM-1400 Flash_22426_x448_y448.png,SA-MAG_X30k_JEM-1400 Flash_22426,ricostruito_da_npy
1.6962151527404785,2,0.15189242362976074,False,/content/drive/MyDrive/progetto_immunogold/patches/images/SA-MAG_X30k_JEM-1400 Flash_22426_x448_y672.png,SA-MAG_X30k_JEM-1400 Flash_22426,ricostruito_da_npy
10.841850280761719,11,0.014377247203480114,True,/content/drive/MyDrive/progetto_immunogold/patches/images/SA-MAG_X30k_JEM-1400 Flash_22426_x448_y896.png,SA-MAG_X30k_JEM-1400 Flash_22426,ricostruito_da_npy
0.0,0,0.0,True,/content/drive/MyDrive/progetto_immunogold/patches/images/SA-MAG_X30k_JEM-1400 Flash_22426_x672_y0.png,SA-MAG_X30k_JEM-1400 Flash_22426,ricostruito_da_npy
2.7336676120758057,3,0.08877746264139812,False,/content/drive/MyDrive/progetto_immunogold/patches/images/SA-MAG_X30k_JEM-1400 Flash_22426_x672_y1120.png,SA-MAG_X30k_JEM-1400 Flash_22426,ricostruito_da_npy
0.9999999403953552,1,5.960464477539063e-08,True,/content/drive/MyDrive/progetto_immunogold/patches/images/SA-MAG_X30k_JEM-1400 Flash_22426_x672_y1344.png,SA-MAG_X30k_JEM-1400 Flash_22426,ricostruito_da_npy
1.5653960704803467,2,0.21730196475982666,False,/content/drive/MyDrive/progetto_immunogold/patches/images/SA-MAG_X30k_JEM-1400 Flash_22426_x672_y1568.png,SA-MAG_X30k_JEM-1400 Flash_22426,ricostruito_da_npy
3.0,3,0.0,True,/content/drive/MyDrive/progetto_immunogold/patches/images/SA-MAG_X30k_JEM-1400 Flash_22426_x672_y1792.png,SA-MAG_X30k_JEM-1400 Flash_22426,ricostruito_da_npy
0.0,0,0.0,True,/content/drive/MyDrive/progetto_immunogold/patches/images/SA-MAG_X30k_JEM-1400 Flash_22426_x672_y224.png,SA-MAG_X30k_JEM-1400 Flash_22426,ricostruito_da_npy
1.0,1,0.0,True,/content/drive/MyDrive/progetto_immunogold/patches/images/SA-MAG_X30k_JEM-1400 Flash_22426_x672_y448.png,SA-MAG_X30k_JEM-1400 Flash_22426,ricostruito_da_npy
1.0,1,0.0,True,/content/drive/MyDrive/progetto_immunogold/patches/images/SA-MAG_X30k_JEM-1400 Flash_22426_x672_y672.png,SA-MAG_X30k_JEM-1400 Flash_22426,ricostruito_da_npy
4.426009178161621,5,0.11479816436767579,False,/content/drive/MyDrive/progetto_immunogold/patches/images/SA-MAG_X30k_JEM-1400 Flash_22426_x672_y896.png,SA-MAG_X30k_JEM-1400 Flash_22426,ricostruito_da_npy
0.0,0,0.0,True,/content/drive/MyDrive/progetto_immunogold/patches/images/SA-MAG_X30k_JEM-1400 Flash_22426_x896_y0.png,SA-MAG_X30k_JEM-1400 Flash_22426,ricostruito_da_npy
2.9987781047821045,3,0.00040729840596516925,True,/content/drive/MyDrive/progetto_immunogold/patches/images/SA-MAG_X30k_JEM-1400 Flash_22426_x896_y1120.png,SA-MAG_X30k_JEM-1400 Flash_22426,ricostruito_da_npy
3.72188138961792,4,0.06952965259552002,False,/content/drive/MyDrive/progetto_immunogold/patches/images/SA-MAG_X30k_JEM-1400 Flash_22426_x896_y1344.png,SA-MAG_X30k_JEM-1400 Flash_22426,ricostruito_da_npy
4.921703815460205,5,0.015659236907958986,True,/content/drive/MyDrive/progetto_immunogold/patches/images/SA-MAG_X30k_JEM-1400 Flash_22426_x896_y1568.png,SA-MAG_X30k_JEM-1400 Flash_22426,ricostruito_da_npy
3.522751569747925,4,0.1193121075630188,False,/content/drive/MyDrive/progetto_immunogold/patches/images/SA-MAG_X30k_JEM-1400 Flash_22426_x896_y1792.png,SA-MAG_X30k_JEM-1400 Flash_22426,ricostruito_da_npy
0.0,0,0.0,True,/content/drive/MyDrive/progetto_immunogold/patches/images/SA-MAG_X30k_JEM-1400 Flash_22426_x896_y224.png,SA-MAG_X30k_JEM-1400 Flash_22426,ricostruito_da_npy
0.0,1,1.0,False,/content/drive/MyDrive/progetto_immunogold/patches/images/SA-MAG_X30k_JEM-1400 Flash_22426_x896_y448.png,SA-MAG_X30k_JEM-1400 Flash_22426,ricostruito_da_npy
0.9999213218688965,1,7.867813110351562e-05,True,/content/drive/MyDrive/progetto_immunogold/patches/images/SA-MAG_X30k_JEM-1400 Flash_22426_x896_y672.png,SA-MAG_X30k_JEM-1400 Flash_22426,ricostruito_da_npy
0.0,0,0.0,True,/content/drive/MyDrive/progetto_immunogold/patches/images/SA-MAG_X30k_JEM-1400 Flash_22426_x896_y896.png,SA-MAG_X30k_JEM-1400 Flash_22426,ricostruito_da_npy
2.878962993621826,3,0.04034566879272461,True,/content/drive/MyDrive/progetto_immunogold/patches/images/SA-MAG_X30k_JEM-1400 Flash_22562_x0_y0.png,SA-MAG_X30k_JEM-1400 Flash_22562,ricostruito_da_npy
0.0,0,0.0,True,/content/drive/MyDrive/progetto_immunogold/patches/images/SA-MAG_X30k_JEM-1400 Flash_22562_x0_y1120.png,SA-MAG_X30k_JEM-1400 Flash_22562,ricostruito_da_npy
0.0,0,0.0,True,/content/drive/MyDrive/progetto_immunogold/patches/images/SA-MAG_X30k_JEM-1400 Flash_22562_x0_y1344.png,SA-MAG_X30k_JEM-1400 Flash_22562,ricostruito_da_npy
0.5540288686752319,1,0.44597113132476807,False,/content/drive/MyDrive/progetto_immunogold/patches/images/SA-MAG_X30k_JEM-1400 Flash_22562_x0_y1568.png,SA-MAG_X30k_JEM-1400 Flash_22562,ricostruito_da_npy
0.9999999403953552,1,5.960464477539063e-08,True,/content/drive/MyDrive/progetto_immunogold/patches/images/SA-MAG_X30k_JEM-1400 Flash_22562_x0_y1792.png,SA-MAG_X30k_JEM-1400 Flash_22562,ricostruito_da_npy
7.147674083709717,8,0.1065407395362854,False,/content/drive/MyDrive/progetto_immunogold/patches/images/SA-MAG_X30k_JEM-1400 Flash_22562_x0_y224.png,SA-MAG_X30k_JEM-1400 Flash_22562,ricostruito_da_npy
1.7756338119506836,2,0.1121830940246582,False,/content/drive/MyDrive/progetto_immunogold/patches/images/SA-MAG_X30k_JEM-1400 Flash_22562_x0_y448.png,SA-MAG_X30k_JEM-1400 Flash_22562,ricostruito_da_npy
4.51171875,5,0.09765625,False,/content/drive/MyDrive/progetto_immunogold/patches/images/SA-MAG_X30k_JEM-1400 Flash_22562_x0_y672.png,SA-MAG_X30k_JEM-1400 Flash_22562,ricostruito_da_npy
0.6585208177566528,1,0.34147918224334717,False,/content/drive/MyDrive/progetto_immunogold/patches/images/SA-MAG_X30k_JEM-1400 Flash_22562_x0_y896.png,SA-MAG_X30k_JEM-1400 Flash_22562,ricostruito_da_npy
0.0,0,0.0,True,/content/drive/MyDrive/progetto_immunogold/patches/images/SA-MAG_X30k_JEM-1400 Flash_22562_x1120_y0.png,SA-MAG_X30k_JEM-1400 Flash_22562,ricostruito_da_npy
0.0,0,0.0,True,/content/drive/MyDrive/progetto_immunogold/patches/images/SA-MAG_X30k_JEM-1400 Flash_22562_x1120_y1120.png,SA-MAG_X30k_JEM-1400 Flash_22562,ricostruito_da_npy
0.9999999403953552,1,5.960464477539063e-08,True,/content/drive/MyDrive/progetto_immunogold/patches/images/SA-MAG_X30k_JEM-1400 Flash_22562_x1120_y1344.png,SA-MAG_X30k_JEM-1400 Flash_22562,ricostruito_da_npy
0.0,0,0.0,True,/content/drive/MyDrive/progetto_immunogold/patches/images/SA-MAG_X30k_JEM-1400 Flash_22562_x1120_y1568.png,SA-MAG_X30k_JEM-1400 Flash_22562,ricostruito_da_npy
2.0,2,0.0,True,/content/drive/MyDrive/progetto_immunogold/patches/images/SA-MAG_X30k_JEM-1400 Flash_22562_x1120_y1792.png,SA-MAG_X30k_JEM-1400 Flash_22562,ricostruito_da_npy
0.0,0,0.0,True,/content/drive/MyDrive/progetto_immunogold/patches/images/SA-MAG_X30k_JEM-1400 Flash_22562_x1120_y224.png,SA-MAG_X30k_JEM-1400 Flash_22562,ricostruito_da_npy
0.0,0,0.0,True,/content/drive/MyDrive/progetto_immunogold/patches/images/SA-MAG_X30k_JEM-1400 Flash_22562_x1120_y448.png,SA-MAG_X30k_JEM-1400 Flash_22562,ricostruito_da_npy
0.0,0,0.0,True,/content/drive/MyDrive/progetto_immunogold/patches/images/SA-MAG_X30k_JEM-1400 Flash_22562_x1120_y672.png,SA-MAG_X30k_JEM-1400 Flash_22562,ricostruito_da_npy
0.0,0,0.0,True,/content/drive/MyDrive/progetto_immunogold/patches/images/SA-MAG_X30k_JEM-1400 Flash_22562_x1120_y896.png,SA-MAG_X30k_JEM-1400 Flash_22562,ricostruito_da_npy
0.0,0,0.0,True,/content/drive/MyDrive/progetto_immunogold/patches/images/SA-MAG_X30k_JEM-1400 Flash_22562_x1344_y0.png,SA-MAG_X30k_JEM-1400 Flash_22562,ricostruito_da_npy
0.0,0,0.0,True,/content/drive/MyDrive/progetto_immunogold/patches/images/SA-MAG_X30k_JEM-1400 Flash_22562_x1344_y1120.png,SA-MAG_X30k_JEM-1400 Flash_22562,ricostruito_da_npy
0.9614384174346924,1,0.03856158256530762,True,/content/drive/MyDrive/progetto_immunogold/patches/images/SA-MAG_X30k_JEM-1400 Flash_22562_x1344_y1344.png,SA-MAG_X30k_JEM-1400 Flash_22562,ricostruito_da_npy
0.8715356588363647,1,0.12846434116363525,False,/content/drive/MyDrive/progetto_immunogold/patches/images/SA-MAG_X30k_JEM-1400 Flash_22562_x1344_y1568.png,SA-MAG_X30k_JEM-1400 Flash_22562,ricostruito_da_npy
0.999969482421875,1,3.0517578125e-05,True,/content/drive/MyDrive/progetto_immunogold/patches/images/SA-MAG_X30k_JEM-1400 Flash_22562_x1344_y1792.png,SA-MAG_X30k_JEM-1400 Flash_22562,ricostruito_da_npy
0.0,0,0.0,True,/content/drive/MyDrive/progetto_immunogold/patches/images/SA-MAG_X30k_JEM-1400 Flash_22562_x1344_y224.png,SA-MAG_X30k_JEM-1400 Flash_22562,ricostruito_da_npy
0.0,0,0.0,True,/content/drive/MyDrive/progetto_immunogold/patches/images/SA-MAG_X30k_JEM-1400 Flash_22562_x1344_y448.png,SA-MAG_X30k_JEM-1400 Flash_22562,ricostruito_da_npy
0.0,0,0.0,True,/content/drive/MyDrive/progetto_immunogold/patches/images/SA-MAG_X30k_JEM-1400 Flash_22562_x1344_y672.png,SA-MAG_X30k_JEM-1400 Flash_22562,ricostruito_da_npy
0.0,0,0.0,True,/content/drive/MyDrive/progetto_immunogold/patches/images/SA-MAG_X30k_JEM-1400 Flash_22562_x1344_y896.png,SA-MAG_X30k_JEM-1400 Flash_22562,ricostruito_da_npy
0.0,0,0.0,True,/content/drive/MyDrive/progetto_immunogold/patches/images/SA-MAG_X30k_JEM-1400 Flash_22562_x1568_y0.png,SA-MAG_X30k_JEM-1400 Flash_22562,ricostruito_da_npy
0.0,0,0.0,True,/content/drive/MyDrive/progetto_immunogold/patches/images/SA-MAG_X30k_JEM-1400 Flash_22562_x1568_y1120.png,SA-MAG_X30k_JEM-1400 Flash_22562,ricostruito_da_npy
0.0,0,0.0,True,/content/drive/MyDrive/progetto_immunogold/patches/images/SA-MAG_X30k_JEM-1400 Flash_22562_x1568_y1344.png,SA-MAG_X30k_JEM-1400 Flash_22562,ricostruito_da_npy
0.0,0,0.0,True,/content/drive/MyDrive/progetto_immunogold/patches/images/SA-MAG_X30k_JEM-1400 Flash_22562_x1568_y1568.png,SA-MAG_X30k_JEM-1400 Flash_22562,ricostruito_da_npy
0.0,0,0.0,True,/content/drive/MyDrive/progetto_immunogold/patches/images/SA-MAG_X30k_JEM-1400 Flash_22562_x1568_y1792.png,SA-MAG_X30k_JEM-1400 Flash_22562,ricostruito_da_npy
0.0,0,0.0,True,/content/drive/MyDrive/progetto_immunogold/patches/images/SA-MAG_X30k_JEM-1400 Flash_22562_x1568_y224.png,SA-MAG_X30k_JEM-1400 Flash_22562,ricostruito_da_npy
0.0,0,0.0,True,/content/drive/MyDrive/progetto_immunogold/patches/images/SA-MAG_X30k_JEM-1400 Flash_22562_x1568_y448.png,SA-MAG_X30k_JEM-1400 Flash_22562,ricostruito_da_npy
0.0,0,0.0,True,/content/drive/MyDrive/progetto_immunogold/patches/images/SA-MAG_X30k_JEM-1400 Flash_22562_x1568_y672.png,SA-MAG_X30k_JEM-1400 Flash_22562,ricostruito_da_npy
0.0,0,0.0,True,/content/drive/MyDrive/progetto_immunogold/patches/images/SA-MAG_X30k_JEM-1400 Flash_22562_x1568_y896.png,SA-MAG_X30k_JEM-1400 Flash_22562,ricostruito_da_npy
0.0,0,0.0,True,/content/drive/MyDrive/progetto_immunogold/patches/images/SA-MAG_X30k_JEM-1400 Flash_22562_x1792_y0.png,SA-MAG_X30k_JEM-1400 Flash_22562,ricostruito_da_npy
0.0,0,0.0,True,/content/drive/MyDrive/progetto_immunogold/patches/images/SA-MAG_X30k_JEM-1400 Flash_22562_x1792_y1120.png,SA-MAG_X30k_JEM-1400 Flash_22562,ricostruito_da_npy
0.0,0,0.0,True,/content/drive/MyDrive/progetto_immunogold/patches/images/SA-MAG_X30k_JEM-1400 Flash_22562_x1792_y1344.png,SA-MAG_X30k_JEM-1400 Flash_22562,ricostruito_da_npy
0.0,0,0.0,True,/content/drive/MyDrive/progetto_immunogold/patches/images/SA-MAG_X30k_JEM-1400 Flash_22562_x1792_y1568.png,SA-MAG_X30k_JEM-1400 Flash_22562,ricostruito_da_npy
3.000000238418579,3,7.947285970052083e-08,True,/content/drive/MyDrive/progetto_immunogold/patches/images/SA-MAG_X30k_JEM-1400 Flash_22562_x1792_y1792.png,SA-MAG_X30k_JEM-1400 Flash_22562,ricostruito_da_npy
0.0,0,0.0,True,/content/drive/MyDrive/progetto_immunogold/patches/images/SA-MAG_X30k_JEM-1400 Flash_22562_x1792_y224.png,SA-MAG_X30k_JEM-1400 Flash_22562,ricostruito_da_npy
0.0,0,0.0,True,/content/drive/MyDrive/progetto_immunogold/patches/images/SA-MAG_X30k_JEM-1400 Flash_22562_x1792_y448.png,SA-MAG_X30k_JEM-1400 Flash_22562,ricostruito_da_npy
0.0,0,0.0,True,/content/drive/MyDrive/progetto_immunogold/patches/images/SA-MAG_X30k_JEM-1400 Flash_22562_x1792_y672.png,SA-MAG_X30k_JEM-1400 Flash_22562,ricostruito_da_npy
0.0,0,0.0,True,/content/drive/MyDrive/progetto_immunogold/patches/images/SA-MAG_X30k_JEM-1400 Flash_22562_x1792_y896.png,SA-MAG_X30k_JEM-1400 Flash_22562,ricostruito_da_npy
7.515852451324463,8,0.06051844358444214,False,/content/drive/MyDrive/progetto_immunogold/patches/images/SA-MAG_X30k_JEM-1400 Flash_22562_x224_y0.png,SA-MAG_X30k_JEM-1400 Flash_22562,ricostruito_da_npy
1.9896702766418457,2,0.0051648616790771484,True,/content/drive/MyDrive/progetto_immunogold/patches/images/SA-MAG_X30k_JEM-1400 Flash_22562_x224_y1120.png,SA-MAG_X30k_JEM-1400 Flash_22562,ricostruito_da_npy
0.0,0,0.0,True,/content/drive/MyDrive/progetto_immunogold/patches/images/SA-MAG_X30k_JEM-1400 Flash_22562_x224_y1344.png,SA-MAG_X30k_JEM-1400 Flash_22562,ricostruito_da_npy
1.9969052076339722,2,0.001547396183013916,True,/content/drive/MyDrive/progetto_immunogold/patches/images/SA-MAG_X30k_JEM-1400 Flash_22562_x224_y1568.png,SA-MAG_X30k_JEM-1400 Flash_22562,ricostruito_da_npy
0.0,0,0.0,True,/content/drive/MyDrive/progetto_immunogold/patches/images/SA-MAG_X30k_JEM-1400 Flash_22562_x224_y1792.png,SA-MAG_X30k_JEM-1400 Flash_22562,ricostruito_da_npy
6.9972076416015625,7,0.00039890834263392856,True,/content/drive/MyDrive/progetto_immunogold/patches/images/SA-MAG_X30k_JEM-1400 Flash_22562_x224_y224.png,SA-MAG_X30k_JEM-1400 Flash_22562,ricostruito_da_npy
1.9533135890960693,2,0.023343205451965332,True,/content/drive/MyDrive/progetto_immunogold/patches/images/SA-MAG_X30k_JEM-1400 Flash_22562_x224_y448.png,SA-MAG_X30k_JEM-1400 Flash_22562,ricostruito_da_npy
1.0,1,0.0,True,/content/drive/MyDrive/progetto_immunogold/patches/images/SA-MAG_X30k_JEM-1400 Flash_22562_x224_y672.png,SA-MAG_X30k_JEM-1400 Flash_22562,ricostruito_da_npy
1.0,1,0.0,True,/content/drive/MyDrive/progetto_immunogold/patches/images/SA-MAG_X30k_JEM-1400 Flash_22562_x224_y896.png,SA-MAG_X30k_JEM-1400 Flash_22562,ricostruito_da_npy
1.5279451608657837,2,0.23602741956710815,False,/content/drive/MyDrive/progetto_immunogold/patches/images/SA-MAG_X30k_JEM-1400 Flash_22562_x448_y0.png,SA-MAG_X30k_JEM-1400 Flash_22562,ricostruito_da_npy
1.4447797536849976,2,0.2776101231575012,False,/content/drive/MyDrive/progetto_immunogold/patches/images/SA-MAG_X30k_JEM-1400 Flash_22562_x448_y1120.png,SA-MAG_X30k_JEM-1400 Flash_22562,ricostruito_da_npy
2.0,2,0.0,True,/content/drive/MyDrive/progetto_immunogold/patches/images/SA-MAG_X30k_JEM-1400 Flash_22562_x448_y1344.png,SA-MAG_X30k_JEM-1400 Flash_22562,ricostruito_da_npy
0.0,0,0.0,True,/content/drive/MyDrive/progetto_immunogold/patches/images/SA-MAG_X30k_JEM-1400 Flash_22562_x448_y1568.png,SA-MAG_X30k_JEM-1400 Flash_22562,ricostruito_da_npy
1.0,1,0.0,True,/content/drive/MyDrive/progetto_immunogold/patches/images/SA-MAG_X30k_JEM-1400 Flash_22562_x448_y1792.png,SA-MAG_X30k_JEM-1400 Flash_22562,ricostruito_da_npy
0.0,0,0.0,True,/content/drive/MyDrive/progetto_immunogold/patches/images/SA-MAG_X30k_JEM-1400 Flash_22562_x448_y224.png,SA-MAG_X30k_JEM-1400 Flash_22562,ricostruito_da_npy
0.8896484375,1,0.1103515625,False,/content/drive/MyDrive/progetto_immunogold/patches/images/SA-MAG_X30k_JEM-1400 Flash_22562_x448_y448.png,SA-MAG_X30k_JEM-1400 Flash_22562,ricostruito_da_npy
2.8853821754455566,3,0.03820594151814779,True,/content/drive/MyDrive/progetto_immunogold/patches/images/SA-MAG_X30k_JEM-1400 Flash_22562_x448_y672.png,SA-MAG_X30k_JEM-1400 Flash_22562,ricostruito_da_npy
0.9897006750106812,1,0.010299324989318848,True,/content/drive/MyDrive/progetto_immunogold/patches/images/SA-MAG_X30k_JEM-1400 Flash_22562_x448_y896.png,SA-MAG_X30k_JEM-1400 Flash_22562,ricostruito_da_npy
4.553905010223389,5,0.08921899795532226,False,/content/drive/MyDrive/progetto_immunogold/patches/images/SA-MAG_X30k_JEM-1400 Flash_22562_x672_y0.png,SA-MAG_X30k_JEM-1400 Flash_22562,ricostruito_da_npy
0.9794515371322632,1,0.020548462867736816,True,/content/drive/MyDrive/progetto_immunogold/patches/images/SA-MAG_X30k_JEM-1400 Flash_22562_x672_y1120.png,SA-MAG_X30k_JEM-1400 Flash_22562,ricostruito_da_npy
0.9999999403953552,2,0.5000000298023224,False,/content/drive/MyDrive/progetto_immunogold/patches/images/SA-MAG_X30k_JEM-1400 Flash_22562_x672_y1344.png,SA-MAG_X30k_JEM-1400 Flash_22562,ricostruito_da_npy
0.9328902959823608,1,0.06710970401763916,False,/content/drive/MyDrive/progetto_immunogold/patches/images/SA-MAG_X30k_JEM-1400 Flash_22562_x672_y1568.png,SA-MAG_X30k_JEM-1400 Flash_22562,ricostruito_da_npy
0.920269250869751,1,0.07973074913024902,False,/content/drive/MyDrive/progetto_immunogold/patches/images/SA-MAG_X30k_JEM-1400 Flash_22562_x672_y1792.png,SA-MAG_X30k_JEM-1400 Flash_22562,ricostruito_da_npy
0.996773362159729,1,0.003226637840270996,True,/content/drive/MyDrive/progetto_immunogold/patches/images/SA-MAG_X30k_JEM-1400 Flash_22562_x672_y224.png,SA-MAG_X30k_JEM-1400 Flash_22562,ricostruito_da_npy
0.0,0,0.0,True,/content/drive/MyDrive/progetto_immunogold/patches/images/SA-MAG_X30k_JEM-1400 Flash_22562_x672_y448.png,SA-MAG_X30k_JEM-1400 Flash_22562,ricostruito_da_npy
2.7495779991149902,3,0.08347400029500325,False,/content/drive/MyDrive/progetto_immunogold/patches/images/SA-MAG_X30k_JEM-1400 Flash_22562_x672_y672.png,SA-MAG_X30k_JEM-1400 Flash_22562,ricostruito_da_npy
0.9439085125923157,1,0.056091487407684326,False,/content/drive/MyDrive/progetto_immunogold/patches/images/SA-MAG_X30k_JEM-1400 Flash_22562_x672_y896.png,SA-MAG_X30k_JEM-1400 Flash_22562,ricostruito_da_npy
0.0,0,0.0,True,/content/drive/MyDrive/progetto_immunogold/patches/images/SA-MAG_X30k_JEM-1400 Flash_22562_x896_y0.png,SA-MAG_X30k_JEM-1400 Flash_22562,ricostruito_da_npy
7.374067306518555,8,0.07824158668518066,False,/content/drive/MyDrive/progetto_immunogold/patches/images/SA-MAG_X30k_JEM-1400 Flash_22562_x896_y1120.png,SA-MAG_X30k_JEM-1400 Flash_22562,ricostruito_da_npy
3.8995463848114014,4,0.025113403797149658,True,/content/drive/MyDrive/progetto_immunogold/patches/images/SA-MAG_X30k_JEM-1400 Flash_22562_x896_y1344.png,SA-MAG_X30k_JEM-1400 Flash_22562,ricostruito_da_npy
0.0,0,0.0,True,/content/drive/MyDrive/progetto_immunogold/patches/images/SA-MAG_X30k_JEM-1400 Flash_22562_x896_y1568.png,SA-MAG_X30k_JEM-1400 Flash_22562,ricostruito_da_npy
0.0,0,0.0,True,/content/drive/MyDrive/progetto_immunogold/patches/images/SA-MAG_X30k_JEM-1400 Flash_22562_x896_y1792.png,SA-MAG_X30k_JEM-1400 Flash_22562,ricostruito_da_npy
0.0,0,0.0,True,/content/drive/MyDrive/progetto_immunogold/patches/images/SA-MAG_X30k_JEM-1400 Flash_22562_x896_y224.png,SA-MAG_X30k_JEM-1400 Flash_22562,ricostruito_da_npy
0.0,0,0.0,True,/content/drive/MyDrive/progetto_immunogold/patches/images/SA-MAG_X30k_JEM-1400 Flash_22562_x896_y448.png,SA-MAG_X30k_JEM-1400 Flash_22562,ricostruito_da_npy
0.0,0,0.0,True,/content/drive/MyDrive/progetto_immunogold/patches/images/SA-MAG_X30k_JEM-1400 Flash_22562_x896_y672.png,SA-MAG_X30k_JEM-1400 Flash_22562,ricostruito_da_npy
1.9057197570800781,2,0.04714012145996094,True,/content/drive/MyDrive/progetto_immunogold/patches/images/SA-MAG_X30k_JEM-1400 Flash_22562_x896_y896.png,SA-MAG_X30k_JEM-1400 Flash_22562,ricostruito_da_npy
2.1672451496124268,3,0.2775849501291911,False,/content/drive/MyDrive/progetto_immunogold/patches/images/SA-MAG_X30k_JEM-1400 Flash_22644_x0_y0.png,SA-MAG_X30k_JEM-1400 Flash_22644,ricostruito_da_npy
0.0,0,0.0,True,/content/drive/MyDrive/progetto_immunogold/patches/images/SA-MAG_X30k_JEM-1400 Flash_22644_x0_y1120.png,SA-MAG_X30k_JEM-1400 Flash_22644,ricostruito_da_npy
0.0,0,0.0,True,/content/drive/MyDrive/progetto_immunogold/patches/images/SA-MAG_X30k_JEM-1400 Flash_22644_x0_y1344.png,SA-MAG_X30k_JEM-1400 Flash_22644,ricostruito_da_npy
0.9383091330528259,1,0.06169086694717407,False,/content/drive/MyDrive/progetto_immunogold/patches/images/SA-MAG_X30k_JEM-1400 Flash_22644_x0_y1568.png,SA-MAG_X30k_JEM-1400 Flash_22644,ricostruito_da_npy
7.933670520782471,8,0.008291184902191162,True,/content/drive/MyDrive/progetto_immunogold/patches/images/SA-MAG_X30k_JEM-1400 Flash_22644_x0_y1792.png,SA-MAG_X30k_JEM-1400 Flash_22644,ricostruito_da_npy
5.783766269683838,6,0.03603895505269369,True,/content/drive/MyDrive/progetto_immunogold/patches/images/SA-MAG_X30k_JEM-1400 Flash_22644_x0_y224.png,SA-MAG_X30k_JEM-1400 Flash_22644,ricostruito_da_npy
1.9949047565460205,2,0.002547621726989746,True,/content/drive/MyDrive/progetto_immunogold/patches/images/SA-MAG_X30k_JEM-1400 Flash_22644_x0_y448.png,SA-MAG_X30k_JEM-1400 Flash_22644,ricostruito_da_npy
0.9991754293441772,1,0.0008245706558227539,True,/content/drive/MyDrive/progetto_immunogold/patches/images/SA-MAG_X30k_JEM-1400 Flash_22644_x0_y672.png,SA-MAG_X30k_JEM-1400 Flash_22644,ricostruito_da_npy
0.6962150931358337,1,0.30378490686416626,False,/content/drive/MyDrive/progetto_immunogold/patches/images/SA-MAG_X30k_JEM-1400 Flash_22644_x0_y896.png,SA-MAG_X30k_JEM-1400 Flash_22644,ricostruito_da_npy
0.0,0,0.0,True,/content/drive/MyDrive/progetto_immunogold/patches/images/SA-MAG_X30k_JEM-1400 Flash_22644_x1120_y0.png,SA-MAG_X30k_JEM-1400 Flash_22644,ricostruito_da_npy
0.0,0,0.0,True,/content/drive/MyDrive/progetto_immunogold/patches/images/SA-MAG_X30k_JEM-1400 Flash_22644_x1120_y1120.png,SA-MAG_X30k_JEM-1400 Flash_22644,ricostruito_da_npy
0.0,0,0.0,True,/content/drive/MyDrive/progetto_immunogold/patches/images/SA-MAG_X30k_JEM-1400 Flash_22644_x1120_y1344.png,SA-MAG_X30k_JEM-1400 Flash_22644,ricostruito_da_npy
0.0,0,0.0,True,/content/drive/MyDrive/progetto_immunogold/patches/images/SA-MAG_X30k_JEM-1400 Flash_22644_x1120_y1568.png,SA-MAG_X30k_JEM-1400 Flash_22644,ricostruito_da_npy
0.0,0,0.0,True,/content/drive/MyDrive/progetto_immunogold/patches/images/SA-MAG_X30k_JEM-1400 Flash_22644_x1120_y1792.png,SA-MAG_X30k_JEM-1400 Flash_22644,ricostruito_da_npy
0.0,0,0.0,True,/content/drive/MyDrive/progetto_immunogold/patches/images/SA-MAG_X30k_JEM-1400 Flash_22644_x1120_y224.png,SA-MAG_X30k_JEM-1400 Flash_22644,ricostruito_da_npy
0.0,0,0.0,True,/content/drive/MyDrive/progetto_immunogold/patches/images/SA-MAG_X30k_JEM-1400 Flash_22644_x1120_y448.png,SA-MAG_X30k_JEM-1400 Flash_22644,ricostruito_da_npy
0.0,0,0.0,True,/content/drive/MyDrive/progetto_immunogold/patches/images/SA-MAG_X30k_JEM-1400 Flash_22644_x1120_y672.png,SA-MAG_X30k_JEM-1400 Flash_22644,ricostruito_da_npy
0.0,0,0.0,True,/content/drive/MyDrive/progetto_immunogold/patches/images/SA-MAG_X30k_JEM-1400 Flash_22644_x1120_y896.png,SA-MAG_X30k_JEM-1400 Flash_22644,ricostruito_da_npy
0.0,0,0.0,True,/content/drive/MyDrive/progetto_immunogold/patches/images/SA-MAG_X30k_JEM-1400 Flash_22644_x1344_y0.png,SA-MAG_X30k_JEM-1400 Flash_22644,ricostruito_da_npy
0.0,0,0.0,True,/content/drive/MyDrive/progetto_immunogold/patches/images/SA-MAG_X30k_JEM-1400 Flash_22644_x1344_y1120.png,SA-MAG_X30k_JEM-1400 Flash_22644,ricostruito_da_npy
0.0,0,0.0,True,/content/drive/MyDrive/progetto_immunogold/patches/images/SA-MAG_X30k_JEM-1400 Flash_22644_x1344_y1344.png,SA-MAG_X30k_JEM-1400 Flash_22644,ricostruito_da_npy
0.0,0,0.0,True,/content/drive/MyDrive/progetto_immunogold/patches/images/SA-MAG_X30k_JEM-1400 Flash_22644_x1344_y1568.png,SA-MAG_X30k_JEM-1400 Flash_22644,ricostruito_da_npy
0.0,0,0.0,True,/content/drive/MyDrive/progetto_immunogold/patches/images/SA-MAG_X30k_JEM-1400 Flash_22644_x1344_y1792.png,SA-MAG_X30k_JEM-1400 Flash_22644,ricostruito_da_npy
0.0,0,0.0,True,/content/drive/MyDrive/progetto_immunogold/patches/images/SA-MAG_X30k_JEM-1400 Flash_22644_x1344_y224.png,SA-MAG_X30k_JEM-1400 Flash_22644,ricostruito_da_npy
0.0,0,0.0,True,/content/drive/MyDrive/progetto_immunogold/patches/images/SA-MAG_X30k_JEM-1400 Flash_22644_x1344_y448.png,SA-MAG_X30k_JEM-1400 Flash_22644,ricostruito_da_npy
0.0,0,0.0,True,/content/drive/MyDrive/progetto_immunogold/patches/images/SA-MAG_X30k_JEM-1400 Flash_22644_x1344_y672.png,SA-MAG_X30k_JEM-1400 Flash_22644,ricostruito_da_npy
0.0,0,0.0,True,/content/drive/MyDrive/progetto_immunogold/patches/images/SA-MAG_X30k_JEM-1400 Flash_22644_x1344_y896.png,SA-MAG_X30k_JEM-1400 Flash_22644,ricostruito_da_npy
0.0,0,0.0,True,/content/drive/MyDrive/progetto_immunogold/patches/images/SA-MAG_X30k_JEM-1400 Flash_22644_x1568_y0.png,SA-MAG_X30k_JEM-1400 Flash_22644,ricostruito_da_npy
0.0,0,0.0,True,/content/drive/MyDrive/progetto_immunogold/patches/images/SA-MAG_X30k_JEM-1400 Flash_22644_x1568_y1120.png,SA-MAG_X30k_JEM-1400 Flash_22644,ricostruito_da_npy
0.0,0,0.0,True,/content/drive/MyDrive/progetto_immunogold/patches/images/SA-MAG_X30k_JEM-1400 Flash_22644_x1568_y1344.png,SA-MAG_X30k_JEM-1400 Flash_22644,ricostruito_da_npy
0.0,0,0.0,True,/content/drive/MyDrive/progetto_immunogold/patches/images/SA-MAG_X30k_JEM-1400 Flash_22644_x1568_y1568.png,SA-MAG_X30k_JEM-1400 Flash_22644,ricostruito_da_npy
0.0,0,0.0,True,/content/drive/MyDrive/progetto_immunogold/patches/images/SA-MAG_X30k_JEM-1400 Flash_22644_x1568_y1792.png,SA-MAG_X30k_JEM-1400 Flash_22644,ricostruito_da_npy
0.0,0,0.0,True,/content/drive/MyDrive/progetto_immunogold/patches/images/SA-MAG_X30k_JEM-1400 Flash_22644_x1568_y224.png,SA-MAG_X30k_JEM-1400 Flash_22644,ricostruito_da_npy
0.0,0,0.0,True,/content/drive/MyDrive/progetto_immunogold/patches/images/SA-MAG_X30k_JEM-1400 Flash_22644_x1568_y448.png,SA-MAG_X30k_JEM-1400 Flash_22644,ricostruito_da_npy
0.0,0,0.0,True,/content/drive/MyDrive/progetto_immunogold/patches/images/SA-MAG_X30k_JEM-1400 Flash_22644_x1568_y672.png,SA-MAG_X30k_JEM-1400 Flash_22644,ricostruito_da_npy
0.0,0,0.0,True,/content/drive/MyDrive/progetto_immunogold/patches/images/SA-MAG_X30k_JEM-1400 Flash_22644_x1568_y896.png,SA-MAG_X30k_JEM-1400 Flash_22644,ricostruito_da_npy
0.0,0,0.0,True,/content/drive/MyDrive/progetto_immunogold/patches/images/SA-MAG_X30k_JEM-1400 Flash_22644_x1792_y0.png,SA-MAG_X30k_JEM-1400 Flash_22644,ricostruito_da_npy
0.0,0,0.0,True,/content/drive/MyDrive/progetto_immunogold/patches/images/SA-MAG_X30k_JEM-1400 Flash_22644_x1792_y1120.png,SA-MAG_X30k_JEM-1400 Flash_22644,ricostruito_da_npy
0.0,0,0.0,True,/content/drive/MyDrive/progetto_immunogold/patches/images/SA-MAG_X30k_JEM-1400 Flash_22644_x1792_y1344.png,SA-MAG_X30k_JEM-1400 Flash_22644,ricostruito_da_npy
0.0,0,0.0,True,/content/drive/MyDrive/progetto_immunogold/patches/images/SA-MAG_X30k_JEM-1400 Flash_22644_x1792_y1568.png,SA-MAG_X30k_JEM-1400 Flash_22644,ricostruito_da_npy
0.0,0,0.0,True,/content/drive/MyDrive/progetto_immunogold/patches/images/SA-MAG_X30k_JEM-1400 Flash_22644_x1792_y1792.png,SA-MAG_X30k_JEM-1400 Flash_22644,ricostruito_da_npy
0.0,0,0.0,True,/content/drive/MyDrive/progetto_immunogold/patches/images/SA-MAG_X30k_JEM-1400 Flash_22644_x1792_y224.png,SA-MAG_X30k_JEM-1400 Flash_22644,ricostruito_da_npy
0.0,0,0.0,True,/content/drive/MyDrive/progetto_immunogold/patches/images/SA-MAG_X30k_JEM-1400 Flash_22644_x1792_y448.png,SA-MAG_X30k_JEM-1400 Flash_22644,ricostruito_da_npy
0.0,0,0.0,True,/content/drive/MyDrive/progetto_immunogold/patches/images/SA-MAG_X30k_JEM-1400 Flash_22644_x1792_y672.png,SA-MAG_X30k_JEM-1400 Flash_22644,ricostruito_da_npy
0.0,0,0.0,True,/content/drive/MyDrive/progetto_immunogold/patches/images/SA-MAG_X30k_JEM-1400 Flash_22644_x1792_y896.png,SA-MAG_X30k_JEM-1400 Flash_22644,ricostruito_da_npy
3.9485888481140137,4,0.012852787971496582,True,/content/drive/MyDrive/progetto_immunogold/patches/images/SA-MAG_X30k_JEM-1400 Flash_22644_x224_y0.png,SA-MAG_X30k_JEM-1400 Flash_22644,ricostruito_da_npy
0.0,0,0.0,True,/content/drive/MyDrive/progetto_immunogold/patches/images/SA-MAG_X30k_JEM-1400 Flash_22644_x224_y1120.png,SA-MAG_X30k_JEM-1400 Flash_22644,ricostruito_da_npy
1.0000001192092896,1,1.1920928955078125e-07,True,/content/drive/MyDrive/progetto_immunogold/patches/images/SA-MAG_X30k_JEM-1400 Flash_22644_x224_y1344.png,SA-MAG_X30k_JEM-1400 Flash_22644,ricostruito_da_npy
0.999453067779541,1,0.0005469322204589844,True,/content/drive/MyDrive/progetto_immunogold/patches/images/SA-MAG_X30k_JEM-1400 Flash_22644_x224_y1568.png,SA-MAG_X30k_JEM-1400 Flash_22644,ricostruito_da_npy
1.6548540592193604,2,0.17257297039031982,False,/content/drive/MyDrive/progetto_immunogold/patches/images/SA-MAG_X30k_JEM-1400 Flash_22644_x224_y1792.png,SA-MAG_X30k_JEM-1400 Flash_22644,ricostruito_da_npy
3.0,3,0.0,True,/content/drive/MyDrive/progetto_immunogold/patches/images/SA-MAG_X30k_JEM-1400 Flash_22644_x224_y224.png,SA-MAG_X30k_JEM-1400 Flash_22644,ricostruito_da_npy
1.0,1,0.0,True,/content/drive/MyDrive/progetto_immunogold/patches/images/SA-MAG_X30k_JEM-1400 Flash_22644_x224_y448.png,SA-MAG_X30k_JEM-1400 Flash_22644,ricostruito_da_npy
1.9999842643737793,2,7.867813110351562e-06,True,/content/drive/MyDrive/progetto_immunogold/patches/images/SA-MAG_X30k_JEM-1400 Flash_22644_x224_y672.png,SA-MAG_X30k_JEM-1400 Flash_22644,ricostruito_da_npy
0.0,0,0.0,True,/content/drive/MyDrive/progetto_immunogold/patches/images/SA-MAG_X30k_JEM-1400 Flash_22644_x224_y896.png,SA-MAG_X30k_JEM-1400 Flash_22644,ricostruito_da_npy
1.7646048069000244,2,0.11769759654998779,False,/content/drive/MyDrive/progetto_immunogold/patches/images/SA-MAG_X30k_JEM-1400 Flash_22644_x448_y0.png,SA-MAG_X30k_JEM-1400 Flash_22644,ricostruito_da_npy
0.0,0,0.0,True,/content/drive/MyDrive/progetto_immunogold/patches/images/SA-MAG_X30k_JEM-1400 Flash_22644_x448_y1120.png,SA-MAG_X30k_JEM-1400 Flash_22644,ricostruito_da_npy
0.0,0,0.0,True,/content/drive/MyDrive/progetto_immunogold/patches/images/SA-MAG_X30k_JEM-1400 Flash_22644_x448_y1344.png,SA-MAG_X30k_JEM-1400 Flash_22644,ricostruito_da_npy
1.0,1,0.0,True,/content/drive/MyDrive/progetto_immunogold/patches/images/SA-MAG_X30k_JEM-1400 Flash_22644_x448_y1568.png,SA-MAG_X30k_JEM-1400 Flash_22644,ricostruito_da_npy
0.0,0,0.0,True,/content/drive/MyDrive/progetto_immunogold/patches/images/SA-MAG_X30k_JEM-1400 Flash_22644_x448_y1792.png,SA-MAG_X30k_JEM-1400 Flash_22644,ricostruito_da_npy
2.0,2,0.0,True,/content/drive/MyDrive/progetto_immunogold/patches/images/SA-MAG_X30k_JEM-1400 Flash_22644_x448_y224.png,SA-MAG_X30k_JEM-1400 Flash_22644,ricostruito_da_npy
0.0,0,0.0,True,/content/drive/MyDrive/progetto_immunogold/patches/images/SA-MAG_X30k_JEM-1400 Flash_22644_x448_y448.png,SA-MAG_X30k_JEM-1400 Flash_22644,ricostruito_da_npy
0.0,0,0.0,True,/content/drive/MyDrive/progetto_immunogold/patches/images/SA-MAG_X30k_JEM-1400 Flash_22644_x448_y672.png,SA-MAG_X30k_JEM-1400 Flash_22644,ricostruito_da_npy
0.0,0,0.0,True,/content/drive/MyDrive/progetto_immunogold/patches/images/SA-MAG_X30k_JEM-1400 Flash_22644_x448_y896.png,SA-MAG_X30k_JEM-1400 Flash_22644,ricostruito_da_npy
0.6552093625068665,1,0.34479063749313354,False,/content/drive/MyDrive/progetto_immunogold/patches/images/SA-MAG_X30k_JEM-1400 Flash_22644_x672_y0.png,SA-MAG_X30k_JEM-1400 Flash_22644,ricostruito_da_npy
0.9999999403953552,1,5.960464477539063e-08,True,/content/drive/MyDrive/progetto_immunogold/patches/images/SA-MAG_X30k_JEM-1400 Flash_22644_x672_y1120.png,SA-MAG_X30k_JEM-1400 Flash_22644,ricostruito_da_npy
0.9999999403953552,1,5.960464477539063e-08,True,/content/drive/MyDrive/progetto_immunogold/patches/images/SA-MAG_X30k_JEM-1400 Flash_22644_x672_y1344.png,SA-MAG_X30k_JEM-1400 Flash_22644,ricostruito_da_npy
1.9903663396835327,2,0.004816830158233643,True,/content/drive/MyDrive/progetto_immunogold/patches/images/SA-MAG_X30k_JEM-1400 Flash_22644_x672_y1568.png,SA-MAG_X30k_JEM-1400 Flash_22644,ricostruito_da_npy
1.0,1,0.0,True,/content/drive/MyDrive/progetto_immunogold/patches/images/SA-MAG_X30k_JEM-1400 Flash_22644_x672_y1792.png,SA-MAG_X30k_JEM-1400 Flash_22644,ricostruito_da_npy
1.0,1,0.0,True,/content/drive/MyDrive/progetto_immunogold/patches/images/SA-MAG_X30k_JEM-1400 Flash_22644_x672_y224.png,SA-MAG_X30k_JEM-1400 Flash_22644,ricostruito_da_npy
0.0,0,0.0,True,/content/drive/MyDrive/progetto_immunogold/patches/images/SA-MAG_X30k_JEM-1400 Flash_22644_x672_y448.png,SA-MAG_X30k_JEM-1400 Flash_22644,ricostruito_da_npy
2.0,2,0.0,True,/content/drive/MyDrive/progetto_immunogold/patches/images/SA-MAG_X30k_JEM-1400 Flash_22644_x672_y672.png,SA-MAG_X30k_JEM-1400 Flash_22644,ricostruito_da_npy
0.0,0,0.0,True,/content/drive/MyDrive/progetto_immunogold/patches/images/SA-MAG_X30k_JEM-1400 Flash_22644_x672_y896.png,SA-MAG_X30k_JEM-1400 Flash_22644,ricostruito_da_npy
1.9226032495498657,2,0.03869837522506714,True,/content/drive/MyDrive/progetto_immunogold/patches/images/SA-MAG_X30k_JEM-1400 Flash_22644_x896_y0.png,SA-MAG_X30k_JEM-1400 Flash_22644,ricostruito_da_npy
0.0,0,0.0,True,/content/drive/MyDrive/progetto_immunogold/patches/images/SA-MAG_X30k_JEM-1400 Flash_22644_x896_y1120.png,SA-MAG_X30k_JEM-1400 Flash_22644,ricostruito_da_npy
0.0,0,0.0,True,/content/drive/MyDrive/progetto_immunogold/patches/images/SA-MAG_X30k_JEM-1400 Flash_22644_x896_y1344.png,SA-MAG_X30k_JEM-1400 Flash_22644,ricostruito_da_npy
0.9053146839141846,1,0.09468531608581543,False,/content/drive/MyDrive/progetto_immunogold/patches/images/SA-MAG_X30k_JEM-1400 Flash_22644_x896_y1568.png,SA-MAG_X30k_JEM-1400 Flash_22644,ricostruito_da_npy
0.0,0,0.0,True,/content/drive/MyDrive/progetto_immunogold/patches/images/SA-MAG_X30k_JEM-1400 Flash_22644_x896_y1792.png,SA-MAG_X30k_JEM-1400 Flash_22644,ricostruito_da_npy
1.0000001192092896,1,1.1920928955078125e-07,True,/content/drive/MyDrive/progetto_immunogold/patches/images/SA-MAG_X30k_JEM-1400 Flash_22644_x896_y224.png,SA-MAG_X30k_JEM-1400 Flash_22644,ricostruito_da_npy
0.9999842047691345,1,1.5795230865478516e-05,True,/content/drive/MyDrive/progetto_immunogold/patches/images/SA-MAG_X30k_JEM-1400 Flash_22644_x896_y448.png,SA-MAG_X30k_JEM-1400 Flash_22644,ricostruito_da_npy
0.0,0,0.0,True,/content/drive/MyDrive/progetto_immunogold/patches/images/SA-MAG_X30k_JEM-1400 Flash_22644_x896_y672.png,SA-MAG_X30k_JEM-1400 Flash_22644,ricostruito_da_npy
1.0,1,0.0,True,/content/drive/MyDrive/progetto_immunogold/patches/images/SA-MAG_X30k_JEM-1400 Flash_22644_x896_y896.png,SA-MAG_X30k_JEM-1400 Flash_22644,ricostruito_da_npy
5.962934494018555,6,0.006177584330240886,True,/content/drive/MyDrive/progetto_immunogold/patches/images/SA-MAG_X6000_JEM-1400 Flash_22424_x0_y0.png,SA-MAG_X6000_JEM-1400 Flash_22424,ricostruito_da_npy
32.89818572998047,33,0.003085280909682765,True,/content/drive/MyDrive/progetto_immunogold/patches/images/SA-MAG_X6000_JEM-1400 Flash_22424_x0_y1120.png,SA-MAG_X6000_JEM-1400 Flash_22424,ricostruito_da_npy
32.00678634643555,33,0.030097383441347065,True,/content/drive/MyDrive/progetto_immunogold/patches/images/SA-MAG_X6000_JEM-1400 Flash_22424_x0_y1344.png,SA-MAG_X6000_JEM-1400 Flash_22424,ricostruito_da_npy
37.530696868896484,38,0.012350082397460938,True,/content/drive/MyDrive/progetto_immunogold/patches/images/SA-MAG_X6000_JEM-1400 Flash_22424_x0_y1568.png,SA-MAG_X6000_JEM-1400 Flash_22424,ricostruito_da_npy
30.584718704223633,31,0.013396170831495715,True,/content/drive/MyDrive/progetto_immunogold/patches/images/SA-MAG_X6000_JEM-1400 Flash_22424_x0_y1792.png,SA-MAG_X6000_JEM-1400 Flash_22424,ricostruito_da_npy
6.774238109588623,7,0.03225169863019671,True,/content/drive/MyDrive/progetto_immunogold/patches/images/SA-MAG_X6000_JEM-1400 Flash_22424_x0_y224.png,SA-MAG_X6000_JEM-1400 Flash_22424,ricostruito_da_npy
9.99454116821289,10,0.0005458831787109375,True,/content/drive/MyDrive/progetto_immunogold/patches/images/SA-MAG_X6000_JEM-1400 Flash_22424_x0_y448.png,SA-MAG_X6000_JEM-1400 Flash_22424,ricostruito_da_npy
36.636329650878906,37,0.009828928354624155,True,/content/drive/MyDrive/progetto_immunogold/patches/images/SA-MAG_X6000_JEM-1400 Flash_22424_x0_y672.png,SA-MAG_X6000_JEM-1400 Flash_22424,ricostruito_da_npy
31.114986419677734,32,0.0276566743850708,True,/content/drive/MyDrive/progetto_immunogold/patches/images/SA-MAG_X6000_JEM-1400 Flash_22424_x0_y896.png,SA-MAG_X6000_JEM-1400 Flash_22424,ricostruito_da_npy
8.0,8,0.0,True,/content/drive/MyDrive/progetto_immunogold/patches/images/SA-MAG_X6000_JEM-1400 Flash_22424_x1120_y0.png,SA-MAG_X6000_JEM-1400 Flash_22424,ricostruito_da_npy
57.828636169433594,59,0.019853624246888243,True,/content/drive/MyDrive/progetto_immunogold/patches/images/SA-MAG_X6000_JEM-1400 Flash_22424_x1120_y1120.png,SA-MAG_X6000_JEM-1400 Flash_22424,ricostruito_da_npy
13.494860649108887,14,0.03608138220650809,True,/content/drive/MyDrive/progetto_immunogold/patches/images/SA-MAG_X6000_JEM-1400 Flash_22424_x1120_y1344.png,SA-MAG_X6000_JEM-1400 Flash_22424,ricostruito_da_npy
7.999756813049316,9,0.11113813188340929,False,/content/drive/MyDrive/progetto_immunogold/patches/images/SA-MAG_X6000_JEM-1400 Flash_22424_x1120_y1568.png,SA-MAG_X6000_JEM-1400 Flash_22424,ricostruito_da_npy
26.93231201171875,28,0.0381317138671875,True,/content/drive/MyDrive/progetto_immunogold/patches/images/SA-MAG_X6000_JEM-1400 Flash_22424_x1120_y1792.png,SA-MAG_X6000_JEM-1400 Flash_22424,ricostruito_da_npy
8.0,8,0.0,True,/content/drive/MyDrive/progetto_immunogold/patches/images/SA-MAG_X6000_JEM-1400 Flash_22424_x1120_y224.png,SA-MAG_X6000_JEM-1400 Flash_22424,ricostruito_da_npy
9.000000953674316,9,1.0596381293402777e-07,True,/content/drive/MyDrive/progetto_immunogold/patches/images/SA-MAG_X6000_JEM-1400 Flash_22424_x1120_y448.png,SA-MAG_X6000_JEM-1400 Flash_22424,ricostruito_da_npy
29.882244110107422,31,0.03605664160943801,True,/content/drive/MyDrive/progetto_immunogold/patches/images/SA-MAG_X6000_JEM-1400 Flash_22424_x1120_y672.png,SA-MAG_X6000_JEM-1400 Flash_22424,ricostruito_da_npy
60.271751403808594,61,0.0119385015769083,True,/content/drive/MyDrive/progetto_immunogold/patches/images/SA-MAG_X6000_JEM-1400 Flash_22424_x1120_y896.png,SA-MAG_X6000_JEM-1400 Flash_22424,ricostruito_da_npy
5.950940132141113,6,0.008176644643147787,True,/content/drive/MyDrive/progetto_immunogold/patches/images/SA-MAG_X6000_JEM-1400 Flash_22424_x1344_y0.png,SA-MAG_X6000_JEM-1400 Flash_22424,ricostruito_da_npy
18.15414047241211,19,0.04451892250462582,True,/content/drive/MyDrive/progetto_immunogold/patches/images/SA-MAG_X6000_JEM-1400 Flash_22424_x1344_y1120.png,SA-MAG_X6000_JEM-1400 Flash_22424,ricostruito_da_npy
23.599952697753906,24,0.01666863759358724,True,/content/drive/MyDrive/progetto_immunogold/patches/images/SA-MAG_X6000_JEM-1400 Flash_22424_x1344_y1344.png,SA-MAG_X6000_JEM-1400 Flash_22424,ricostruito_da_npy
19.0,19,0.0,True,/content/drive/MyDrive/progetto_immunogold/patches/images/SA-MAG_X6000_JEM-1400 Flash_22424_x1344_y1568.png,SA-MAG_X6000_JEM-1400 Flash_22424,ricostruito_da_npy
13.999512672424316,14,3.4809112548828125e-05,True,/content/drive/MyDrive/progetto_immunogold/patches/images/SA-MAG_X6000_JEM-1400 Flash_22424_x1344_y1792.png,SA-MAG_X6000_JEM-1400 Flash_22424,ricostruito_da_npy
14.774238586425781,15,0.015050760904947917,True,/content/drive/MyDrive/progetto_immunogold/patches/images/SA-MAG_X6000_JEM-1400 Flash_22424_x1344_y224.png,SA-MAG_X6000_JEM-1400 Flash_22424,ricostruito_da_npy
41.0,41,0.0,True,/content/drive/MyDrive/progetto_immunogold/patches/images/SA-MAG_X6000_JEM-1400 Flash_22424_x1344_y448.png,SA-MAG_X6000_JEM-1400 Flash_22424,ricostruito_da_npy
33.82341003417969,34,0.005193822524126838,True,/content/drive/MyDrive/progetto_immunogold/patches/images/SA-MAG_X6000_JEM-1400 Flash_22424_x1344_y672.png,SA-MAG_X6000_JEM-1400 Flash_22424,ricostruito_da_npy
26.774761199951172,30,0.1075079600016276,False,/content/drive/MyDrive/progetto_immunogold/patches/images/SA-MAG_X6000_JEM-1400 Flash_22424_x1344_y896.png,SA-MAG_X6000_JEM-1400 Flash_22424,ricostruito_da_npy
21.579280853271484,22,0.019123597578568893,True,/content/drive/MyDrive/progetto_immunogold/patches/images/SA-MAG_X6000_JEM-1400 Flash_22424_x1568_y0.png,SA-MAG_X6000_JEM-1400 Flash_22424,ricostruito_da_npy
29.42337417602539,30,0.019220860799153645,True,/content/drive/MyDrive/progetto_immunogold/patches/images/SA-MAG_X6000_JEM-1400 Flash_22424_x1568_y1120.png,SA-MAG_X6000_JEM-1400 Flash_22424,ricostruito_da_npy
18.743892669677734,19,0.013479333174856086,True,/content/drive/MyDrive/progetto_immunogold/patches/images/SA-MAG_X6000_JEM-1400 Flash_22424_x1568_y1344.png,SA-MAG_X6000_JEM-1400 Flash_22424,ricostruito_da_npy
4.974869728088379,5,0.005026054382324219,True,/content/drive/MyDrive/progetto_immunogold/patches/images/SA-MAG_X6000_JEM-1400 Flash_22424_x1568_y1568.png,SA-MAG_X6000_JEM-1400 Flash_22424,ricostruito_da_npy
0.0,0,0.0,True,/content/drive/MyDrive/progetto_immunogold/patches/images/SA-MAG_X6000_JEM-1400 Flash_22424_x1568_y1792.png,SA-MAG_X6000_JEM-1400 Flash_22424,ricostruito_da_npy
52.4304084777832,54,0.029066509670681424,True,/content/drive/MyDrive/progetto_immunogold/patches/images/SA-MAG_X6000_JEM-1400 Flash_22424_x1568_y224.png,SA-MAG_X6000_JEM-1400 Flash_22424,ricostruito_da_npy
52.46176528930664,53,0.010155371899874706,True,/content/drive/MyDrive/progetto_immunogold/patches/images/SA-MAG_X6000_JEM-1400 Flash_22424_x1568_y448.png,SA-MAG_X6000_JEM-1400 Flash_22424,ricostruito_da_npy
36.15704345703125,37,0.022782609269425675,True,/content/drive/MyDrive/progetto_immunogold/patches/images/SA-MAG_X6000_JEM-1400 Flash_22424_x1568_y672.png,SA-MAG_X6000_JEM-1400 Flash_22424,ricostruito_da_npy
21.556995391845703,22,0.020136573097922585,True,/content/drive/MyDrive/progetto_immunogold/patches/images/SA-MAG_X6000_JEM-1400 Flash_22424_x1568_y896.png,SA-MAG_X6000_JEM-1400 Flash_22424,ricostruito_da_npy
6.559844017028809,8,0.18001949787139893,False,/content/drive/MyDrive/progetto_immunogold/patches/images/SA-MAG_X6000_JEM-1400 Flash_22424_x224_y0.png,SA-MAG_X6000_JEM-1400 Flash_22424,ricostruito_da_npy
6.0,6,0.0,True,/content/drive/MyDrive/progetto_immunogold/patches/images/SA-MAG_X6000_JEM-1400 Flash_22424_x224_y1120.png,SA-MAG_X6000_JEM-1400 Flash_22424,ricostruito_da_npy
29.79782485961914,30,0.006739171346028646,True,/content/drive/MyDrive/progetto_immunogold/patches/images/SA-MAG_X6000_JEM-1400 Flash_22424_x224_y1344.png,SA-MAG_X6000_JEM-1400 Flash_22424,ricostruito_da_npy
22.83761978149414,23,0.007060009500254755,True,/content/drive/MyDrive/progetto_immunogold/patches/images/SA-MAG_X6000_JEM-1400 Flash_22424_x224_y1568.png,SA-MAG_X6000_JEM-1400 Flash_22424,ricostruito_da_npy
5.900677680969238,6,0.016553719838460285,True,/content/drive/MyDrive/progetto_immunogold/patches/images/SA-MAG_X6000_JEM-1400 Flash_22424_x224_y1792.png,SA-MAG_X6000_JEM-1400 Flash_22424,ricostruito_da_npy
18.854066848754883,20,0.05729665756225586,False,/content/drive/MyDrive/progetto_immunogold/patches/images/SA-MAG_X6000_JEM-1400 Flash_22424_x224_y224.png,SA-MAG_X6000_JEM-1400 Flash_22424,ricostruito_da_npy
16.754215240478516,17,0.014457927030675551,True,/content/drive/MyDrive/progetto_immunogold/patches/images/SA-MAG_X6000_JEM-1400 Flash_22424_x224_y448.png,SA-MAG_X6000_JEM-1400 Flash_22424,ricostruito_da_npy
38.85283279418945,39,0.00377351809770633,True,/content/drive/MyDrive/progetto_immunogold/patches/images/SA-MAG_X6000_JEM-1400 Flash_22424_x224_y672.png,SA-MAG_X6000_JEM-1400 Flash_22424,ricostruito_da_npy
33.743831634521484,34,0.007534363690544577,True,/content/drive/MyDrive/progetto_immunogold/patches/images/SA-MAG_X6000_JEM-1400 Flash_22424_x224_y896.png,SA-MAG_X6000_JEM-1400 Flash_22424,ricostruito_da_npy
11.842132568359375,13,0.0890667255108173,False,/content/drive/MyDrive/progetto_immunogold/patches/images/SA-MAG_X6000_JEM-1400 Flash_22424_x448_y0.png,SA-MAG_X6000_JEM-1400 Flash_22424,ricostruito_da_npy
8.798515319824219,9,0.022387186686197918,True,/content/drive/MyDrive/progetto_immunogold/patches/images/SA-MAG_X6000_JEM-1400 Flash_22424_x448_y1120.png,SA-MAG_X6000_JEM-1400 Flash_22424,ricostruito_da_npy
32.84183120727539,33,0.004792993718927557,True,/content/drive/MyDrive/progetto_immunogold/patches/images/SA-MAG_X6000_JEM-1400 Flash_22424_x448_y1344.png,SA-MAG_X6000_JEM-1400 Flash_22424,ricostruito_da_npy
10.625449180603027,11,0.03405007449063388,True,/content/drive/MyDrive/progetto_immunogold/patches/images/SA-MAG_X6000_JEM-1400 Flash_22424_x448_y1568.png,SA-MAG_X6000_JEM-1400 Flash_22424,ricostruito_da_npy
18.936399459838867,19,0.0033473968505859375,True,/content/drive/MyDrive/progetto_immunogold/patches/images/SA-MAG_X6000_JEM-1400 Flash_22424_x448_y1792.png,SA-MAG_X6000_JEM-1400 Flash_22424,ricostruito_da_npy
12.951184272766113,13,0.0037550559410682092,True,/content/drive/MyDrive/progetto_immunogold/patches/images/SA-MAG_X6000_JEM-1400 Flash_22424_x448_y224.png,SA-MAG_X6000_JEM-1400 Flash_22424,ricostruito_da_npy
26.60001564025879,27,0.014814235545970776,True,/content/drive/MyDrive/progetto_immunogold/patches/images/SA-MAG_X6000_JEM-1400 Flash_22424_x448_y448.png,SA-MAG_X6000_JEM-1400 Flash_22424,ricostruito_da_npy
35.925323486328125,36,0.002074347601996528,True,/content/drive/MyDrive/progetto_immunogold/patches/images/SA-MAG_X6000_JEM-1400 Flash_22424_x448_y672.png,SA-MAG_X6000_JEM-1400 Flash_22424,ricostruito_da_npy
18.333892822265625,19,0.03505827251233553,True,/content/drive/MyDrive/progetto_immunogold/patches/images/SA-MAG_X6000_JEM-1400 Flash_22424_x448_y896.png,SA-MAG_X6000_JEM-1400 Flash_22424,ricostruito_da_npy
9.98284912109375,10,0.001715087890625,True,/content/drive/MyDrive/progetto_immunogold/patches/images/SA-MAG_X6000_JEM-1400 Flash_22424_x672_y0.png,SA-MAG_X6000_JEM-1400 Flash_22424,ricostruito_da_npy
51.11848831176758,52,0.016952147850623496,True,/content/drive/MyDrive/progetto_immunogold/patches/images/SA-MAG_X6000_JEM-1400 Flash_22424_x672_y1120.png,SA-MAG_X6000_JEM-1400 Flash_22424,ricostruito_da_npy
54.19285202026367,55,0.014675417813387784,True,/content/drive/MyDrive/progetto_immunogold/patches/images/SA-MAG_X6000_JEM-1400 Flash_22424_x672_y1344.png,SA-MAG_X6000_JEM-1400 Flash_22424,ricostruito_da_npy
13.516743659973145,14,0.03451831000191825,True,/content/drive/MyDrive/progetto_immunogold/patches/images/SA-MAG_X6000_JEM-1400 Flash_22424_x672_y1568.png,SA-MAG_X6000_JEM-1400 Flash_22424,ricostruito_da_npy
18.902366638183594,19,0.005138597990337171,True,/content/drive/MyDrive/progetto_immunogold/patches/images/SA-MAG_X6000_JEM-1400 Flash_22424_x672_y1792.png,SA-MAG_X6000_JEM-1400 Flash_22424,ricostruito_da_npy
13.682727813720703,14,0.02266229901994978,True,/content/drive/MyDrive/progetto_immunogold/patches/images/SA-MAG_X6000_JEM-1400 Flash_22424_x672_y224.png,SA-MAG_X6000_JEM-1400 Flash_22424,ricostruito_da_npy
20.67462921142578,21,0.015493847074962798,True,/content/drive/MyDrive/progetto_immunogold/patches/images/SA-MAG_X6000_JEM-1400 Flash_22424_x672_y448.png,SA-MAG_X6000_JEM-1400 Flash_22424,ricostruito_da_npy
24.963701248168945,27,0.07541847229003906,False,/content/drive/MyDrive/progetto_immunogold/patches/images/SA-MAG_X6000_JEM-1400 Flash_22424_x672_y672.png,SA-MAG_X6000_JEM-1400 Flash_22424,ricostruito_da_npy
17.374536514282227,18,0.03474797142876519,True,/content/drive/MyDrive/progetto_immunogold/patches/images/SA-MAG_X6000_JEM-1400 Flash_22424_x672_y896.png,SA-MAG_X6000_JEM-1400 Flash_22424,ricostruito_da_npy
6.762303352355957,7,0.033956663949148994,True,/content/drive/MyDrive/progetto_immunogold/patches/images/SA-MAG_X6000_JEM-1400 Flash_22424_x896_y0.png,SA-MAG_X6000_JEM-1400 Flash_22424,ricostruito_da_npy
66.1009292602539,67,0.01341896626486707,True,/content/drive/MyDrive/progetto_immunogold/patches/images/SA-MAG_X6000_JEM-1400 Flash_22424_x896_y1120.png,SA-MAG_X6000_JEM-1400 Flash_22424,ricostruito_da_npy
24.122774124145508,25,0.035089035034179684,True,/content/drive/MyDrive/progetto_immunogold/patches/images/SA-MAG_X6000_JEM-1400 Flash_22424_x896_y1344.png,SA-MAG_X6000_JEM-1400 Flash_22424,ricostruito_da_npy
15.994783401489258,16,0.0003260374069213867,True,/content/drive/MyDrive/progetto_immunogold/patches/images/SA-MAG_X6000_JEM-1400 Flash_22424_x896_y1568.png,SA-MAG_X6000_JEM-1400 Flash_22424,ricostruito_da_npy
3.4485042095184326,4,0.13787394762039185,False,/content/drive/MyDrive/progetto_immunogold/patches/images/SA-MAG_X6000_JEM-1400 Flash_22424_x896_y1792.png,SA-MAG_X6000_JEM-1400 Flash_22424,ricostruito_da_npy
7.5577545166015625,8,0.05528068542480469,False,/content/drive/MyDrive/progetto_immunogold/patches/images/SA-MAG_X6000_JEM-1400 Flash_22424_x896_y224.png,SA-MAG_X6000_JEM-1400 Flash_22424,ricostruito_da_npy
15.648893356323242,16,0.021944165229797363,True,/content/drive/MyDrive/progetto_immunogold/patches/images/SA-MAG_X6000_JEM-1400 Flash_22424_x896_y448.png,SA-MAG_X6000_JEM-1400 Flash_22424,ricostruito_da_npy
24.99057960510254,27,0.07442297758879485,False,/content/drive/MyDrive/progetto_immunogold/patches/images/SA-MAG_X6000_JEM-1400 Flash_22424_x896_y672.png,SA-MAG_X6000_JEM-1400 Flash_22424,ricostruito_da_npy
29.287220001220703,30,0.02375933329264323,True,/content/drive/MyDrive/progetto_immunogold/patches/images/SA-MAG_X6000_JEM-1400 Flash_22424_x896_y896.png,SA-MAG_X6000_JEM-1400 Flash_22424,ricostruito_da_npy
0.0,0,0.0,True,/content/drive/MyDrive/progetto_immunogold/patches/images/SA-MAG_X6000_JEM-1400 Flash_22467_x0_y0.png,SA-MAG_X6000_JEM-1400 Flash_22467,ricostruito_da_npy
0.0,0,0.0,True,/content/drive/MyDrive/progetto_immunogold/patches/images/SA-MAG_X6000_JEM-1400 Flash_22467_x0_y1120.png,SA-MAG_X6000_JEM-1400 Flash_22467,ricostruito_da_npy
1.9999998807907104,2,5.960464477539063e-08,True,/content/drive/MyDrive/progetto_immunogold/patches/images/SA-MAG_X6000_JEM-1400 Flash_22467_x0_y1344.png,SA-MAG_X6000_JEM-1400 Flash_22467,ricostruito_da_npy
10.987821578979492,11,0.0011071291836825285,True,/content/drive/MyDrive/progetto_immunogold/patches/images/SA-MAG_X6000_JEM-1400 Flash_22467_x0_y1568.png,SA-MAG_X6000_JEM-1400 Flash_22467,ricostruito_da_npy
5.774238586425781,6,0.03762690226236979,True,/content/drive/MyDrive/progetto_immunogold/patches/images/SA-MAG_X6000_JEM-1400 Flash_22467_x0_y1792.png,SA-MAG_X6000_JEM-1400 Flash_22467,ricostruito_da_npy
0.0,0,0.0,True,/content/drive/MyDrive/progetto_immunogold/patches/images/SA-MAG_X6000_JEM-1400 Flash_22467_x0_y224.png,SA-MAG_X6000_JEM-1400 Flash_22467,ricostruito_da_npy
0.0,0,0.0,True,/content/drive/MyDrive/progetto_immunogold/patches/images/SA-MAG_X6000_JEM-1400 Flash_22467_x0_y448.png,SA-MAG_X6000_JEM-1400 Flash_22467,ricostruito_da_npy
0.0,0,0.0,True,/content/drive/MyDrive/progetto_immunogold/patches/images/SA-MAG_X6000_JEM-1400 Flash_22467_x0_y672.png,SA-MAG_X6000_JEM-1400 Flash_22467,ricostruito_da_npy
0.0,0,0.0,True,/content/drive/MyDrive/progetto_immunogold/patches/images/SA-MAG_X6000_JEM-1400 Flash_22467_x0_y896.png,SA-MAG_X6000_JEM-1400 Flash_22467,ricostruito_da_npy
0.9999999403953552,1,5.960464477539063e-08,True,/content/drive/MyDrive/progetto_immunogold/patches/images/SA-MAG_X6000_JEM-1400 Flash_22467_x1120_y0.png,SA-MAG_X6000_JEM-1400 Flash_22467,ricostruito_da_npy
11.94943618774414,12,0.004213651021321614,True,/content/drive/MyDrive/progetto_immunogold/patches/images/SA-MAG_X6000_JEM-1400 Flash_22467_x1120_y1120.png,SA-MAG_X6000_JEM-1400 Flash_22467,ricostruito_da_npy
2.950423240661621,3,0.0165255864461263,True,/content/drive/MyDrive/progetto_immunogold/patches/images/SA-MAG_X6000_JEM-1400 Flash_22467_x1120_y1344.png,SA-MAG_X6000_JEM-1400 Flash_22467,ricostruito_da_npy
12.0,12,0.0,True,/content/drive/MyDrive/progetto_immunogold/patches/images/SA-MAG_X6000_JEM-1400 Flash_22467_x1120_y1568.png,SA-MAG_X6000_JEM-1400 Flash_22467,ricostruito_da_npy
7.999999523162842,8,5.960464477539063e-08,True,/content/drive/MyDrive/progetto_immunogold/patches/images/SA-MAG_X6000_JEM-1400 Flash_22467_x1120_y1792.png,SA-MAG_X6000_JEM-1400 Flash_22467,ricostruito_da_npy
10.0,10,0.0,True,/content/drive/MyDrive/progetto_immunogold/patches/images/SA-MAG_X6000_JEM-1400 Flash_22467_x1120_y224.png,SA-MAG_X6000_JEM-1400 Flash_22467,ricostruito_da_npy
2.974869728088379,3,0.008376757303873697,True,/content/drive/MyDrive/progetto_immunogold/patches/images/SA-MAG_X6000_JEM-1400 Flash_22467_x1120_y448.png,SA-MAG_X6000_JEM-1400 Flash_22467,ricostruito_da_npy
2.0,2,0.0,True,/content/drive/MyDrive/progetto_immunogold/patches/images/SA-MAG_X6000_JEM-1400 Flash_22467_x1120_y672.png,SA-MAG_X6000_JEM-1400 Flash_22467,ricostruito_da_npy
6.886435508728027,7,0.01622349875313895,True,/content/drive/MyDrive/progetto_immunogold/patches/images/SA-MAG_X6000_JEM-1400 Flash_22467_x1120_y896.png,SA-MAG_X6000_JEM-1400 Flash_22467,ricostruito_da_npy
0.9999999403953552,1,5.960464477539063e-08,True,/content/drive/MyDrive/progetto_immunogold/patches/images/SA-MAG_X6000_JEM-1400 Flash_22467_x1344_y0.png,SA-MAG_X6000_JEM-1400 Flash_22467,ricostruito_da_npy
7.999757289886475,8,3.0338764190673828e-05,True,/content/drive/MyDrive/progetto_immunogold/patches/images/SA-MAG_X6000_JEM-1400 Flash_22467_x1344_y1120.png,SA-MAG_X6000_JEM-1400 Flash_22467,ricostruito_da_npy
8.674266815185547,9,0.03619257609049479,True,/content/drive/MyDrive/progetto_immunogold/patches/images/SA-MAG_X6000_JEM-1400 Flash_22467_x1344_y1344.png,SA-MAG_X6000_JEM-1400 Flash_22467,ricostruito_da_npy
12.503202438354492,13,0.03821519704965445,True,/content/drive/MyDrive/progetto_immunogold/patches/images/SA-MAG_X6000_JEM-1400 Flash_22467_x1344_y1568.png,SA-MAG_X6000_JEM-1400 Flash_22467,ricostruito_da_npy
13.8540678024292,14,0.010423728397914342,True,/content/drive/MyDrive/progetto_immunogold/patches/images/SA-MAG_X6000_JEM-1400 Flash_22467_x1344_y1792.png,SA-MAG_X6000_JEM-1400 Flash_22467,ricostruito_da_npy
3.0,3,0.0,True,/content/drive/MyDrive/progetto_immunogold/patches/images/SA-MAG_X6000_JEM-1400 Flash_22467_x1344_y224.png,SA-MAG_X6000_JEM-1400 Flash_22467,ricostruito_da_npy
1.9999998807907104,2,5.960464477539063e-08,True,/content/drive/MyDrive/progetto_immunogold/patches/images/SA-MAG_X6000_JEM-1400 Flash_22467_x1344_y448.png,SA-MAG_X6000_JEM-1400 Flash_22467,ricostruito_da_npy
1.0,1,0.0,True,/content/drive/MyDrive/progetto_immunogold/patches/images/SA-MAG_X6000_JEM-1400 Flash_22467_x1344_y672.png,SA-MAG_X6000_JEM-1400 Flash_22467,ricostruito_da_npy
10.662332534790039,11,0.030697042291814632,True,/content/drive/MyDrive/progetto_immunogold/patches/images/SA-MAG_X6000_JEM-1400 Flash_22467_x1344_y896.png,SA-MAG_X6000_JEM-1400 Flash_22467,ricostruito_da_npy
2.0,2,0.0,True,/content/drive/MyDrive/progetto_immunogold/patches/images/SA-MAG_X6000_JEM-1400 Flash_22467_x1568_y0.png,SA-MAG_X6000_JEM-1400 Flash_22467,ricostruito_da_npy
6.964195728302002,7,0.005114895956856864,True,/content/drive/MyDrive/progetto_immunogold/patches/images/SA-MAG_X6000_JEM-1400 Flash_22467_x1568_y1120.png,SA-MAG_X6000_JEM-1400 Flash_22467,ricostruito_da_npy
2.0,2,0.0,True,/content/drive/MyDrive/progetto_immunogold/patches/images/SA-MAG_X6000_JEM-1400 Flash_22467_x1568_y1344.png,SA-MAG_X6000_JEM-1400 Flash_22467,ricostruito_da_npy
2.9999403953552246,3,1.9868214925130207e-05,True,/content/drive/MyDrive/progetto_immunogold/patches/images/SA-MAG_X6000_JEM-1400 Flash_22467_x1568_y1568.png,SA-MAG_X6000_JEM-1400 Flash_22467,ricostruito_da_npy
6.0,6,0.0,True,/content/drive/MyDrive/progetto_immunogold/patches/images/SA-MAG_X6000_JEM-1400 Flash_22467_x1568_y1792.png,SA-MAG_X6000_JEM-1400 Flash_22467,ricostruito_da_npy
3.0,3,0.0,True,/content/drive/MyDrive/progetto_immunogold/patches/images/SA-MAG_X6000_JEM-1400 Flash_22467_x1568_y224.png,SA-MAG_X6000_JEM-1400 Flash_22467,ricostruito_da_npy
2.82893705368042,3,0.057020982106526695,False,/content/drive/MyDrive/progetto_immunogold/patches/images/SA-MAG_X6000_JEM-1400 Flash_22467_x1568_y448.png,SA-MAG_X6000_JEM-1400 Flash_22467,ricostruito_da_npy
7.854067802429199,8,0.018241524696350098,True,/content/drive/MyDrive/progetto_immunogold/patches/images/SA-MAG_X6000_JEM-1400 Flash_22467_x1568_y672.png,SA-MAG_X6000_JEM-1400 Flash_22467,ricostruito_da_npy
5.0,5,0.0,True,/content/drive/MyDrive/progetto_immunogold/patches/images/SA-MAG_X6000_JEM-1400 Flash_22467_x1568_y896.png,SA-MAG_X6000_JEM-1400 Flash_22467,ricostruito_da_npy
4.0,4,0.0,True,/content/drive/MyDrive/progetto_immunogold/patches/images/SA-MAG_X6000_JEM-1400 Flash_22467_x1792_y0.png,SA-MAG_X6000_JEM-1400 Flash_22467,ricostruito_da_npy
5.999756813049316,6,4.0531158447265625e-05,True,/content/drive/MyDrive/progetto_immunogold/patches/images/SA-MAG_X6000_JEM-1400 Flash_22467_x1792_y1120.png,SA-MAG_X6000_JEM-1400 Flash_22467,ricostruito_da_npy
6.853417873382568,7,0.020940303802490234,True,/content/drive/MyDrive/progetto_immunogold/patches/images/SA-MAG_X6000_JEM-1400 Flash_22467_x1792_y1344.png,SA-MAG_X6000_JEM-1400 Flash_22467,ricostruito_da_npy
1.9992399215698242,2,0.0003800392150878906,True,/content/drive/MyDrive/progetto_immunogold/patches/images/SA-MAG_X6000_JEM-1400 Flash_22467_x1792_y1568.png,SA-MAG_X6000_JEM-1400 Flash_22467,ricostruito_da_npy
5.951183319091797,6,0.008136113484700521,True,/content/drive/MyDrive/progetto_immunogold/patches/images/SA-MAG_X6000_JEM-1400 Flash_22467_x1792_y1792.png,SA-MAG_X6000_JEM-1400 Flash_22467,ricostruito_da_npy
0.0,0,0.0,True,/content/drive/MyDrive/progetto_immunogold/patches/images/SA-MAG_X6000_JEM-1400 Flash_22467_x1792_y224.png,SA-MAG_X6000_JEM-1400 Flash_22467,ricostruito_da_npy
6.951183319091797,7,0.006973811558314732,True,/content/drive/MyDrive/progetto_immunogold/patches/images/SA-MAG_X6000_JEM-1400 Flash_22467_x1792_y448.png,SA-MAG_X6000_JEM-1400 Flash_22467,ricostruito_da_npy
4.620487689971924,5,0.07590246200561523,False,/content/drive/MyDrive/progetto_immunogold/patches/images/SA-MAG_X6000_JEM-1400 Flash_22467_x1792_y672.png,SA-MAG_X6000_JEM-1400 Flash_22467,ricostruito_da_npy
3.999999523162842,4,1.1920928955078125e-07,True,/content/drive/MyDrive/progetto_immunogold/patches/images/SA-MAG_X6000_JEM-1400 Flash_22467_x1792_y896.png,SA-MAG_X6000_JEM-1400 Flash_22467,ricostruito_da_npy
0.0,0,0.0,True,/content/drive/MyDrive/progetto_immunogold/patches/images/SA-MAG_X6000_JEM-1400 Flash_22467_x224_y0.png,SA-MAG_X6000_JEM-1400 Flash_22467,ricostruito_da_npy
0.0,0,0.0,True,/content/drive/MyDrive/progetto_immunogold/patches/images/SA-MAG_X6000_JEM-1400 Flash_22467_x224_y1120.png,SA-MAG_X6000_JEM-1400 Flash_22467,ricostruito_da_npy
6.97432279586792,7,0.0036681720188685824,True,/content/drive/MyDrive/progetto_immunogold/patches/images/SA-MAG_X6000_JEM-1400 Flash_22467_x224_y1344.png,SA-MAG_X6000_JEM-1400 Flash_22467,ricostruito_da_npy
8.999881744384766,9,1.3139512803819445e-05,True,/content/drive/MyDrive/progetto_immunogold/patches/images/SA-MAG_X6000_JEM-1400 Flash_22467_x224_y1568.png,SA-MAG_X6000_JEM-1400 Flash_22467,ricostruito_da_npy
11.774178504943848,12,0.018818457921346027,True,/content/drive/MyDrive/progetto_immunogold/patches/images/SA-MAG_X6000_JEM-1400 Flash_22467_x224_y1792.png,SA-MAG_X6000_JEM-1400 Flash_22467,ricostruito_da_npy
0.0,0,0.0,True,/content/drive/MyDrive/progetto_immunogold/patches/images/SA-MAG_X6000_JEM-1400 Flash_22467_x224_y224.png,SA-MAG_X6000_JEM-1400 Flash_22467,ricostruito_da_npy
0.0,0,0.0,True,/content/drive/MyDrive/progetto_immunogold/patches/images/SA-MAG_X6000_JEM-1400 Flash_22467_x224_y448.png,SA-MAG_X6000_JEM-1400 Flash_22467,ricostruito_da_npy
0.9999999403953552,1,5.960464477539063e-08,True,/content/drive/MyDrive/progetto_immunogold/patches/images/SA-MAG_X6000_JEM-1400 Flash_22467_x224_y672.png,SA-MAG_X6000_JEM-1400 Flash_22467,ricostruito_da_npy
0.0,0,0.0,True,/content/drive/MyDrive/progetto_immunogold/patches/images/SA-MAG_X6000_JEM-1400 Flash_22467_x224_y896.png,SA-MAG_X6000_JEM-1400 Flash_22467,ricostruito_da_npy
0.0,0,0.0,True,/content/drive/MyDrive/progetto_immunogold/patches/images/SA-MAG_X6000_JEM-1400 Flash_22467_x448_y0.png,SA-MAG_X6000_JEM-1400 Flash_22467,ricostruito_da_npy
0.0,0,0.0,True,/content/drive/MyDrive/progetto_immunogold/patches/images/SA-MAG_X6000_JEM-1400 Flash_22467_x448_y1120.png,SA-MAG_X6000_JEM-1400 Flash_22467,ricostruito_da_npy
11.91226577758789,12,0.007311185201009114,True,/content/drive/MyDrive/progetto_immunogold/patches/images/SA-MAG_X6000_JEM-1400 Flash_22467_x448_y1344.png,SA-MAG_X6000_JEM-1400 Flash_22467,ricostruito_da_npy
12.556703567504883,13,0.034099725576547474,True,/content/drive/MyDrive/progetto_immunogold/patches/images/SA-MAG_X6000_JEM-1400 Flash_22467_x448_y1568.png,SA-MAG_X6000_JEM-1400 Flash_22467,ricostruito_da_npy
20.10892677307129,21,0.04243205842517671,True,/content/drive/MyDrive/progetto_immunogold/patches/images/SA-MAG_X6000_JEM-1400 Flash_22467_x448_y1792.png,SA-MAG_X6000_JEM-1400 Flash_22467,ricostruito_da_npy
0.0,0,0.0,True,/content/drive/MyDrive/progetto_immunogold/patches/images/SA-MAG_X6000_JEM-1400 Flash_22467_x448_y224.png,SA-MAG_X6000_JEM-1400 Flash_22467,ricostruito_da_npy
0.0,0,0.0,True,/content/drive/MyDrive/progetto_immunogold/patches/images/SA-MAG_X6000_JEM-1400 Flash_22467_x448_y448.png,SA-MAG_X6000_JEM-1400 Flash_22467,ricostruito_da_npy
2.999999761581421,3,7.947285970052083e-08,True,/content/drive/MyDrive/progetto_immunogold/patches/images/SA-MAG_X6000_JEM-1400 Flash_22467_x448_y672.png,SA-MAG_X6000_JEM-1400 Flash_22467,ricostruito_da_npy
0.5598441958427429,1,0.4401558041572571,False,/content/drive/MyDrive/progetto_immunogold/patches/images/SA-MAG_X6000_JEM-1400 Flash_22467_x448_y896.png,SA-MAG_X6000_JEM-1400 Flash_22467,ricostruito_da_npy
0.0,0,0.0,True,/content/drive/MyDrive/progetto_immunogold/patches/images/SA-MAG_X6000_JEM-1400 Flash_22467_x672_y0.png,SA-MAG_X6000_JEM-1400 Flash_22467,ricostruito_da_npy
7.6742658615112305,8,0.04071676731109619,True,/content/drive/MyDrive/progetto_immunogold/patches/images/SA-MAG_X6000_JEM-1400 Flash_22467_x672_y1120.png,SA-MAG_X6000_JEM-1400 Flash_22467,ricostruito_da_npy
19.69620132446289,20,0.015189933776855468,True,/content/drive/MyDrive/progetto_immunogold/patches/images/SA-MAG_X6000_JEM-1400 Flash_22467_x672_y1344.png,SA-MAG_X6000_JEM-1400 Flash_22467,ricostruito_da_npy
10.76380729675293,11,0.021472063931551846,True,/content/drive/MyDrive/progetto_immunogold/patches/images/SA-MAG_X6000_JEM-1400 Flash_22467_x672_y1568.png,SA-MAG_X6000_JEM-1400 Flash_22467,ricostruito_da_npy
5.0,5,0.0,True,/content/drive/MyDrive/progetto_immunogold/patches/images/SA-MAG_X6000_JEM-1400 Flash_22467_x672_y1792.png,SA-MAG_X6000_JEM-1400 Flash_22467,ricostruito_da_npy
0.0,0,0.0,True,/content/drive/MyDrive/progetto_immunogold/patches/images/SA-MAG_X6000_JEM-1400 Flash_22467_x672_y224.png,SA-MAG_X6000_JEM-1400 Flash_22467,ricostruito_da_npy
0.0,0,0.0,True,/content/drive/MyDrive/progetto_immunogold/patches/images/SA-MAG_X6000_JEM-1400 Flash_22467_x672_y448.png,SA-MAG_X6000_JEM-1400 Flash_22467,ricostruito_da_npy
2.9984800815582275,3,0.0005066394805908203,True,/content/drive/MyDrive/progetto_immunogold/patches/images/SA-MAG_X6000_JEM-1400 Flash_22467_x672_y672.png,SA-MAG_X6000_JEM-1400 Flash_22467,ricostruito_da_npy
0.5598441958427429,2,0.7200779020786285,False,/content/drive/MyDrive/progetto_immunogold/patches/images/SA-MAG_X6000_JEM-1400 Flash_22467_x672_y896.png,SA-MAG_X6000_JEM-1400 Flash_22467,ricostruito_da_npy
1.0,1,0.0,True,/content/drive/MyDrive/progetto_immunogold/patches/images/SA-MAG_X6000_JEM-1400 Flash_22467_x896_y0.png,SA-MAG_X6000_JEM-1400 Flash_22467,ricostruito_da_npy
14.9996976852417,15,2.0154317220052083e-05,True,/content/drive/MyDrive/progetto_immunogold/patches/images/SA-MAG_X6000_JEM-1400 Flash_22467_x896_y1120.png,SA-MAG_X6000_JEM-1400 Flash_22467,ricostruito_da_npy
2.774238109588623,3,0.07525396347045898,False,/content/drive/MyDrive/progetto_immunogold/patches/images/SA-MAG_X6000_JEM-1400 Flash_22467_x896_y1344.png,SA-MAG_X6000_JEM-1400 Flash_22467,ricostruito_da_npy
1.9511833190917969,2,0.024408340454101562,True,/content/drive/MyDrive/progetto_immunogold/patches/images/SA-MAG_X6000_JEM-1400 Flash_22467_x896_y1568.png,SA-MAG_X6000_JEM-1400 Flash_22467,ricostruito_da_npy
7.68632173538208,8,0.03920978307723999,True,/content/drive/MyDrive/progetto_immunogold/patches/images/SA-MAG_X6000_JEM-1400 Flash_22467_x896_y1792.png,SA-MAG_X6000_JEM-1400 Flash_22467,ricostruito_da_npy
2.6638338565826416,3,0.11205538113911946,False,/content/drive/MyDrive/progetto_immunogold/patches/images/SA-MAG_X6000_JEM-1400 Flash_22467_x896_y224.png,SA-MAG_X6000_JEM-1400 Flash_22467,ricostruito_da_npy
4.0,4,0.0,True,/content/drive/MyDrive/progetto_immunogold/patches/images/SA-MAG_X6000_JEM-1400 Flash_22467_x896_y448.png,SA-MAG_X6000_JEM-1400 Flash_22467,ricostruito_da_npy
0.0,0,0.0,True,/content/drive/MyDrive/progetto_immunogold/patches/images/SA-MAG_X6000_JEM-1400 Flash_22467_x896_y672.png,SA-MAG_X6000_JEM-1400 Flash_22467,ricostruito_da_npy
9.766393661499023,10,0.023360633850097658,True,/content/drive/MyDrive/progetto_immunogold/patches/images/SA-MAG_X6000_JEM-1400 Flash_22467_x896_y896.png,SA-MAG_X6000_JEM-1400 Flash_22467,ricostruito_da_npy
14.802085876464844,15,0.01319427490234375,True,/content/drive/MyDrive/progetto_immunogold/patches/images/SA-MAG_X8000_JEM-1400 Flash_22612_x0_y0.png,SA-MAG_X8000_JEM-1400 Flash_22612,ricostruito_da_npy
16.599136352539062,17,0.023580214556525734,True,/content/drive/MyDrive/progetto_immunogold/patches/images/SA-MAG_X8000_JEM-1400 Flash_22612_x0_y1120.png,SA-MAG_X8000_JEM-1400 Flash_22612,ricostruito_da_npy
13.99898910522461,14,7.220676967075892e-05,True,/content/drive/MyDrive/progetto_immunogold/patches/images/SA-MAG_X8000_JEM-1400 Flash_22612_x0_y1344.png,SA-MAG_X8000_JEM-1400 Flash_22612,ricostruito_da_npy
10.545259475708008,11,0.04134004766290838,True,/content/drive/MyDrive/progetto_immunogold/patches/images/SA-MAG_X8000_JEM-1400 Flash_22612_x0_y1568.png,SA-MAG_X8000_JEM-1400 Flash_22612,ricostruito_da_npy
10.000000953674316,10,9.5367431640625e-08,True,/content/drive/MyDrive/progetto_immunogold/patches/images/SA-MAG_X8000_JEM-1400 Flash_22612_x0_y1792.png,SA-MAG_X8000_JEM-1400 Flash_22612,ricostruito_da_npy
14.805971145629883,15,0.012935256958007813,True,/content/drive/MyDrive/progetto_immunogold/patches/images/SA-MAG_X8000_JEM-1400 Flash_22612_x0_y224.png,SA-MAG_X8000_JEM-1400 Flash_22612,ricostruito_da_npy
5.517493724822998,6,0.08041771252950032,False,/content/drive/MyDrive/progetto_immunogold/patches/images/SA-MAG_X8000_JEM-1400 Flash_22612_x0_y448.png,SA-MAG_X8000_JEM-1400 Flash_22612,ricostruito_da_npy
11.480195999145508,12,0.04331700007120768,True,/content/drive/MyDrive/progetto_immunogold/patches/images/SA-MAG_X8000_JEM-1400 Flash_22612_x0_y672.png,SA-MAG_X8000_JEM-1400 Flash_22612,ricostruito_da_npy
24.409751892089844,25,0.02360992431640625,True,/content/drive/MyDrive/progetto_immunogold/patches/images/SA-MAG_X8000_JEM-1400 Flash_22612_x0_y896.png,SA-MAG_X8000_JEM-1400 Flash_22612,ricostruito_da_npy
20.09800910949707,21,0.04295194716680618,True,/content/drive/MyDrive/progetto_immunogold/patches/images/SA-MAG_X8000_JEM-1400 Flash_22612_x1120_y0.png,SA-MAG_X8000_JEM-1400 Flash_22612,ricostruito_da_npy
24.09235954284668,25,0.03630561828613281,True,/content/drive/MyDrive/progetto_immunogold/patches/images/SA-MAG_X8000_JEM-1400 Flash_22612_x1120_y1120.png,SA-MAG_X8000_JEM-1400 Flash_22612,ricostruito_da_npy
17.72890853881836,18,0.015060636732313368,True,/content/drive/MyDrive/progetto_immunogold/patches/images/SA-MAG_X8000_JEM-1400 Flash_22612_x1120_y1344.png,SA-MAG_X8000_JEM-1400 Flash_22612,ricostruito_da_npy
16.24700927734375,18,0.09738837348090278,False,/content/drive/MyDrive/progetto_immunogold/patches/images/SA-MAG_X8000_JEM-1400 Flash_22612_x1120_y1568.png,SA-MAG_X8000_JEM-1400 Flash_22612,ricostruito_da_npy
13.80578327178955,14,0.013872623443603516,True,/content/drive/MyDrive/progetto_immunogold/patches/images/SA-MAG_X8000_JEM-1400 Flash_22612_x1120_y1792.png,SA-MAG_X8000_JEM-1400 Flash_22612,ricostruito_da_npy
20.223358154296875,21,0.036982945033482144,True,/content/drive/MyDrive/progetto_immunogold/patches/images/SA-MAG_X8000_JEM-1400 Flash_22612_x1120_y224.png,SA-MAG_X8000_JEM-1400 Flash_22612,ricostruito_da_npy
9.330312728881836,10,0.06696872711181641,False,/content/drive/MyDrive/progetto_immunogold/patches/images/SA-MAG_X8000_JEM-1400 Flash_22612_x1120_y448.png,SA-MAG_X8000_JEM-1400 Flash_22612,ricostruito_da_npy
25.518598556518555,26,0.01851544013390174,True,/content/drive/MyDrive/progetto_immunogold/patches/images/SA-MAG_X8000_JEM-1400 Flash_22612_x1120_y672.png,SA-MAG_X8000_JEM-1400 Flash_22612,ricostruito_da_npy
27.279296875,28,0.025739397321428572,True,/content/drive/MyDrive/progetto_immunogold/patches/images/SA-MAG_X8000_JEM-1400 Flash_22612_x1120_y896.png,SA-MAG_X8000_JEM-1400 Flash_22612,ricostruito_da_npy
24.156658172607422,25,0.033733673095703125,True,/content/drive/MyDrive/progetto_immunogold/patches/images/SA-MAG_X8000_JEM-1400 Flash_22612_x1344_y0.png,SA-MAG_X8000_JEM-1400 Flash_22612,ricostruito_da_npy
18.941200256347656,19,0.0030947233501233554,True,/content/drive/MyDrive/progetto_immunogold/patches/images/SA-MAG_X8000_JEM-1400 Flash_22612_x1344_y1120.png,SA-MAG_X8000_JEM-1400 Flash_22612,ricostruito_da_npy
14.892919540405273,15,0.007138697306315104,True,/content/drive/MyDrive/progetto_immunogold/patches/images/SA-MAG_X8000_JEM-1400 Flash_22612_x1344_y1344.png,SA-MAG_X8000_JEM-1400 Flash_22612,ricostruito_da_npy
19.923824310302734,20,0.0038087844848632814,True,/content/drive/MyDrive/progetto_immunogold/patches/images/SA-MAG_X8000_JEM-1400 Flash_22612_x1344_y1568.png,SA-MAG_X8000_JEM-1400 Flash_22612,ricostruito_da_npy
12.989237785339355,13,0.0008278626662034255,True,/content/drive/MyDrive/progetto_immunogold/patches/images/SA-MAG_X8000_JEM-1400 Flash_22612_x1344_y1792.png,SA-MAG_X8000_JEM-1400 Flash_22612,ricostruito_da_npy
15.508138656616211,16,0.030741333961486816,True,/content/drive/MyDrive/progetto_immunogold/patches/images/SA-MAG_X8000_JEM-1400 Flash_22612_x1344_y224.png,SA-MAG_X8000_JEM-1400 Flash_22612,ricostruito_da_npy
6.867238998413086,7,0.018965857369559153,True,/content/drive/MyDrive/progetto_immunogold/patches/images/SA-MAG_X8000_JEM-1400 Flash_22612_x1344_y448.png,SA-MAG_X8000_JEM-1400 Flash_22612,ricostruito_da_npy
15.80671215057373,17,0.07019340290742762,False,/content/drive/MyDrive/progetto_immunogold/patches/images/SA-MAG_X8000_JEM-1400 Flash_22612_x1344_y672.png,SA-MAG_X8000_JEM-1400 Flash_22612,ricostruito_da_npy
22.019994735717773,23,0.04260892453400985,True,/content/drive/MyDrive/progetto_immunogold/patches/images/SA-MAG_X8000_JEM-1400 Flash_22612_x1344_y896.png,SA-MAG_X8000_JEM-1400 Flash_22612,ricostruito_da_npy
14.9594087600708,16,0.06503695249557495,False,/content/drive/MyDrive/progetto_immunogold/patches/images/SA-MAG_X8000_JEM-1400 Flash_22612_x1568_y0.png,SA-MAG_X8000_JEM-1400 Flash_22612,ricostruito_da_npy
29.454530715942383,30,0.01818230946858724,True,/content/drive/MyDrive/progetto_immunogold/patches/images/SA-MAG_X8000_JEM-1400 Flash_22612_x1568_y1120.png,SA-MAG_X8000_JEM-1400 Flash_22612,ricostruito_da_npy
17.87691307067871,18,0.006838162740071614,True,/content/drive/MyDrive/progetto_immunogold/patches/images/SA-MAG_X8000_JEM-1400 Flash_22612_x1568_y1344.png,SA-MAG_X8000_JEM-1400 Flash_22612,ricostruito_da_npy
7.640063285827637,8,0.04499208927154541,True,/content/drive/MyDrive/progetto_immunogold/patches/images/SA-MAG_X8000_JEM-1400 Flash_22612_x1568_y1568.png,SA-MAG_X8000_JEM-1400 Flash_22612,ricostruito_da_npy
15.590815544128418,16,0.025574028491973877,True,/content/drive/MyDrive/progetto_immunogold/patches/images/SA-MAG_X8000_JEM-1400 Flash_22612_x1568_y1792.png,SA-MAG_X8000_JEM-1400 Flash_22612,ricostruito_da_npy
14.999603271484375,15,2.6448567708333334e-05,True,/content/drive/MyDrive/progetto_immunogold/patches/images/SA-MAG_X8000_JEM-1400 Flash_22612_x1568_y224.png,SA-MAG_X8000_JEM-1400 Flash_22612,ricostruito_da_npy
11.981897354125977,12,0.0015085538228352864,True,/content/drive/MyDrive/progetto_immunogold/patches/images/SA-MAG_X8000_JEM-1400 Flash_22612_x1568_y448.png,SA-MAG_X8000_JEM-1400 Flash_22612,ricostruito_da_npy
23.954212188720703,24,0.0019078254699707031,True,/content/drive/MyDrive/progetto_immunogold/patches/images/SA-MAG_X8000_JEM-1400 Flash_22612_x1568_y672.png,SA-MAG_X8000_JEM-1400 Flash_22612,ricostruito_da_npy
12.81296443939209,13,0.01438735081599309,True,/content/drive/MyDrive/progetto_immunogold/patches/images/SA-MAG_X8000_JEM-1400 Flash_22612_x1568_y896.png,SA-MAG_X8000_JEM-1400 Flash_22612,ricostruito_da_npy
10.644732475280762,11,0.03229704770174893,True,/content/drive/MyDrive/progetto_immunogold/patches/images/SA-MAG_X8000_JEM-1400 Flash_22612_x1792_y0.png,SA-MAG_X8000_JEM-1400 Flash_22612,ricostruito_da_npy
20.71062469482422,21,0.013779776436941964,True,/content/drive/MyDrive/progetto_immunogold/patches/images/SA-MAG_X8000_JEM-1400 Flash_22612_x1792_y1120.png,SA-MAG_X8000_JEM-1400 Flash_22612,ricostruito_da_npy
23.374412536621094,24,0.026066144307454426,True,/content/drive/MyDrive/progetto_immunogold/patches/images/SA-MAG_X8000_JEM-1400 Flash_22612_x1792_y1344.png,SA-MAG_X8000_JEM-1400 Flash_22612,ricostruito_da_npy
15.354647636413574,16,0.04033452272415161,True,/content/drive/MyDrive/progetto_immunogold/patches/images/SA-MAG_X8000_JEM-1400 Flash_22612_x1792_y1568.png,SA-MAG_X8000_JEM-1400 Flash_22612,ricostruito_da_npy
11.539584159851074,12,0.03836798667907715,True,/content/drive/MyDrive/progetto_immunogold/patches/images/SA-MAG_X8000_JEM-1400 Flash_22612_x1792_y1792.png,SA-MAG_X8000_JEM-1400 Flash_22612,ricostruito_da_npy
13.999959945678711,14,2.86102294921875e-06,True,/content/drive/MyDrive/progetto_immunogold/patches/images/SA-MAG_X8000_JEM-1400 Flash_22612_x1792_y224.png,SA-MAG_X8000_JEM-1400 Flash_22612,ricostruito_da_npy
10.988053321838379,11,0.001086061651056463,True,/content/drive/MyDrive/progetto_immunogold/patches/images/SA-MAG_X8000_JEM-1400 Flash_22612_x1792_y448.png,SA-MAG_X8000_JEM-1400 Flash_22612,ricostruito_da_npy
3.8067538738250732,4,0.04831153154373169,True,/content/drive/MyDrive/progetto_immunogold/patches/images/SA-MAG_X8000_JEM-1400 Flash_22612_x1792_y672.png,SA-MAG_X8000_JEM-1400 Flash_22612,ricostruito_da_npy
5.806753635406494,6,0.03220772743225098,True,/content/drive/MyDrive/progetto_immunogold/patches/images/SA-MAG_X8000_JEM-1400 Flash_22612_x1792_y896.png,SA-MAG_X8000_JEM-1400 Flash_22612,ricostruito_da_npy
5.913225173950195,6,0.014462471008300781,True,/content/drive/MyDrive/progetto_immunogold/patches/images/SA-MAG_X8000_JEM-1400 Flash_22612_x224_y0.png,SA-MAG_X8000_JEM-1400 Flash_22612,ricostruito_da_npy
11.557957649230957,12,0.036836862564086914,True,/content/drive/MyDrive/progetto_immunogold/patches/images/SA-MAG_X8000_JEM-1400 Flash_22612_x224_y1120.png,SA-MAG_X8000_JEM-1400 Flash_22612,ricostruito_da_npy
5.990645408630371,6,0.0015590985616048176,True,/content/drive/MyDrive/progetto_immunogold/patches/images/SA-MAG_X8000_JEM-1400 Flash_22612_x224_y1344.png,SA-MAG_X8000_JEM-1400 Flash_22612,ricostruito_da_npy
4.849486827850342,5,0.030102634429931642,True,/content/drive/MyDrive/progetto_immunogold/patches/images/SA-MAG_X8000_JEM-1400 Flash_22612_x224_y1568.png,SA-MAG_X8000_JEM-1400 Flash_22612,ricostruito_da_npy
9.96826457977295,10,0.003173542022705078,True,/content/drive/MyDrive/progetto_immunogold/patches/images/SA-MAG_X8000_JEM-1400 Flash_22612_x224_y1792.png,SA-MAG_X8000_JEM-1400 Flash_22612,ricostruito_da_npy
18.640451431274414,19,0.018923608880293995,True,/content/drive/MyDrive/progetto_immunogold/patches/images/SA-MAG_X8000_JEM-1400 Flash_22612_x224_y224.png,SA-MAG_X8000_JEM-1400 Flash_22612,ricostruito_da_npy
14.722357749938965,15,0.018509483337402342,True,/content/drive/MyDrive/progetto_immunogold/patches/images/SA-MAG_X8000_JEM-1400 Flash_22612_x224_y448.png,SA-MAG_X8000_JEM-1400 Flash_22612,ricostruito_da_npy
21.721750259399414,23,0.055576075678286346,False,/content/drive/MyDrive/progetto_immunogold/patches/images/SA-MAG_X8000_JEM-1400 Flash_22612_x224_y672.png,SA-MAG_X8000_JEM-1400 Flash_22612,ricostruito_da_npy
23.842620849609375,24,0.006557464599609375,True,/content/drive/MyDrive/progetto_immunogold/patches/images/SA-MAG_X8000_JEM-1400 Flash_22612_x224_y896.png,SA-MAG_X8000_JEM-1400 Flash_22612,ricostruito_da_npy
8.999030113220215,9,0.00010776519775390625,True,/content/drive/MyDrive/progetto_immunogold/patches/images/SA-MAG_X8000_JEM-1400 Flash_22612_x448_y0.png,SA-MAG_X8000_JEM-1400 Flash_22612,ricostruito_da_npy
8.291017532348633,9,0.07877582973904079,False,/content/drive/MyDrive/progetto_immunogold/patches/images/SA-MAG_X8000_JEM-1400 Flash_22612_x448_y1120.png,SA-MAG_X8000_JEM-1400 Flash_22612,ricostruito_da_npy
16.643577575683594,17,0.020966024959788603,True,/content/drive/MyDrive/progetto_immunogold/patches/images/SA-MAG_X8000_JEM-1400 Flash_22612_x448_y1344.png,SA-MAG_X8000_JEM-1400 Flash_22612,ricostruito_da_npy
17.589738845825195,18,0.022792286343044706,True,/content/drive/MyDrive/progetto_immunogold/patches/images/SA-MAG_X8000_JEM-1400 Flash_22612_x448_y1568.png,SA-MAG_X8000_JEM-1400 Flash_22612,ricostruito_da_npy
13.993134498596191,15,0.0671243667602539,False,/content/drive/MyDrive/progetto_immunogold/patches/images/SA-MAG_X8000_JEM-1400 Flash_22612_x448_y1792.png,SA-MAG_X8000_JEM-1400 Flash_22612,ricostruito_da_npy
12.12950611114502,13,0.06696106837346004,False,/content/drive/MyDrive/progetto_immunogold/patches/images/SA-MAG_X8000_JEM-1400 Flash_22612_x448_y224.png,SA-MAG_X8000_JEM-1400 Flash_22612,ricostruito_da_npy
12.997406005859375,13,0.0001995380108173077,True,/content/drive/MyDrive/progetto_immunogold/patches/images/SA-MAG_X8000_JEM-1400 Flash_22612_x448_y448.png,SA-MAG_X8000_JEM-1400 Flash_22612,ricostruito_da_npy
9.0,9,0.0,True,/content/drive/MyDrive/progetto_immunogold/patches/images/SA-MAG_X8000_JEM-1400 Flash_22612_x448_y672.png,SA-MAG_X8000_JEM-1400 Flash_22612,ricostruito_da_npy
4.729701042175293,5,0.05405979156494141,False,/content/drive/MyDrive/progetto_immunogold/patches/images/SA-MAG_X8000_JEM-1400 Flash_22612_x448_y896.png,SA-MAG_X8000_JEM-1400 Flash_22612,ricostruito_da_npy
12.99066162109375,13,0.0007183368389423077,True,/content/drive/MyDrive/progetto_immunogold/patches/images/SA-MAG_X8000_JEM-1400 Flash_22612_x672_y0.png,SA-MAG_X8000_JEM-1400 Flash_22612,ricostruito_da_npy
10.86705493927002,11,0.012085914611816406,True,/content/drive/MyDrive/progetto_immunogold/patches/images/SA-MAG_X8000_JEM-1400 Flash_22612_x672_y1120.png,SA-MAG_X8000_JEM-1400 Flash_22612,ricostruito_da_npy
14.731897354125977,15,0.017873509724934896,True,/content/drive/MyDrive/progetto_immunogold/patches/images/SA-MAG_X8000_JEM-1400 Flash_22612_x672_y1344.png,SA-MAG_X8000_JEM-1400 Flash_22612,ricostruito_da_npy
22.46335792541504,23,0.023332264112389606,True,/content/drive/MyDrive/progetto_immunogold/patches/images/SA-MAG_X8000_JEM-1400 Flash_22612_x672_y1568.png,SA-MAG_X8000_JEM-1400 Flash_22612,ricostruito_da_npy
26.599559783935547,27,0.014831119113498263,True,/content/drive/MyDrive/progetto_immunogold/patches/images/SA-MAG_X8000_JEM-1400 Flash_22612_x672_y1792.png,SA-MAG_X8000_JEM-1400 Flash_22612,ricostruito_da_npy
9.0,10,0.1,False,/content/drive/MyDrive/progetto_immunogold/patches/images/SA-MAG_X8000_JEM-1400 Flash_22612_x672_y224.png,SA-MAG_X8000_JEM-1400 Flash_22612,ricostruito_da_npy
8.464179039001465,10,0.15358209609985352,False,/content/drive/MyDrive/progetto_immunogold/patches/images/SA-MAG_X8000_JEM-1400 Flash_22612_x672_y448.png,SA-MAG_X8000_JEM-1400 Flash_22612,ricostruito_da_npy
17.35299301147461,18,0.035944832695855036,True,/content/drive/MyDrive/progetto_immunogold/patches/images/SA-MAG_X8000_JEM-1400 Flash_22612_x672_y672.png,SA-MAG_X8000_JEM-1400 Flash_22612,ricostruito_da_npy
12.63888168334961,13,0.02777833205003005,True,/content/drive/MyDrive/progetto_immunogold/patches/images/SA-MAG_X8000_JEM-1400 Flash_22612_x672_y896.png,SA-MAG_X8000_JEM-1400 Flash_22612,ricostruito_da_npy
21.865041732788086,22,0.006134466691450639,True,/content/drive/MyDrive/progetto_immunogold/patches/images/SA-MAG_X8000_JEM-1400 Flash_22612_x896_y0.png,SA-MAG_X8000_JEM-1400 Flash_22612,ricostruito_da_npy
23.10244369506836,24,0.037398179372151695,True,/content/drive/MyDrive/progetto_immunogold/patches/images/SA-MAG_X8000_JEM-1400 Flash_22612_x896_y1120.png,SA-MAG_X8000_JEM-1400 Flash_22612,ricostruito_da_npy
14.480091094970703,15,0.034660593668619795,True,/content/drive/MyDrive/progetto_immunogold/patches/images/SA-MAG_X8000_JEM-1400 Flash_22612_x896_y1344.png,SA-MAG_X8000_JEM-1400 Flash_22612,ricostruito_da_npy
19.796920776367188,20,0.010153961181640626,True,/content/drive/MyDrive/progetto_immunogold/patches/images/SA-MAG_X8000_JEM-1400 Flash_22612_x896_y1568.png,SA-MAG_X8000_JEM-1400 Flash_22612,ricostruito_da_npy
22.659969329833984,23,0.014783942181131115,True,/content/drive/MyDrive/progetto_immunogold/patches/images/SA-MAG_X8000_JEM-1400 Flash_22612_x896_y1792.png,SA-MAG_X8000_JEM-1400 Flash_22612,ricostruito_da_npy
4.731898307800293,5,0.053620338439941406,False,/content/drive/MyDrive/progetto_immunogold/patches/images/SA-MAG_X8000_JEM-1400 Flash_22612_x896_y224.png,SA-MAG_X8000_JEM-1400 Flash_22612,ricostruito_da_npy
13.0,13,0.0,True,/content/drive/MyDrive/progetto_immunogold/patches/images/SA-MAG_X8000_JEM-1400 Flash_22612_x896_y448.png,SA-MAG_X8000_JEM-1400 Flash_22612,ricostruito_da_npy
14.635727882385254,15,0.024284807840983073,True,/content/drive/MyDrive/progetto_immunogold/patches/images/SA-MAG_X8000_JEM-1400 Flash_22612_x896_y672.png,SA-MAG_X8000_JEM-1400 Flash_22612,ricostruito_da_npy
25.736143112182617,26,0.010148341839130107,True,/content/drive/MyDrive/progetto_immunogold/patches/images/SA-MAG_X8000_JEM-1400 Flash_22612_x896_y896.png,SA-MAG_X8000_JEM-1400 Flash_22612,ricostruito_da_npy
